# Epoch 114, Stage -2x-2, TotalSamples=10
# Column mapping: sample_idx=SampleID | sample_type=Pos/Neg | fruit_type=Input | gt_label=Code | pred_prob/pred_label=Model
sample_idx,sample_type,y,x,fruit_type,gt_label,pred_prob,pred_label
0,positive,0,0,2,0,0.000000,0
0,positive,0,1,0,0,0.000000,0
0,positive,0,2,2,0,0.000000,0
0,positive,0,3,2,0,0.000000,0
0,positive,0,4,2,0,0.000000,0
0,positive,0,5,0,0,0.000000,0
0,positive,0,6,2,0,0.000000,0
0,positive,0,7,0,0,0.000000,0
0,positive,0,8,2,0,0.000000,0
0,positive,0,9,2,0,0.000000,0
0,positive,0,10,2,0,0.000000,0
0,positive,0,11,2,0,0.000000,0
0,positive,0,12,2,0,0.000000,0
0,positive,0,13,2,0,0.000000,0
0,positive,0,14,0,0,0.000000,0
0,positive,0,15,2,0,0.000000,0
0,positive,0,16,2,0,0.000000,0
0,positive,0,17,0,0,0.000000,0
0,positive,0,18,2,0,0.000000,0
0,positive,0,19,2,0,0.000000,0
0,positive,0,20,2,0,0.000000,0
0,positive,0,21,2,0,0.000000,0
0,positive,0,22,2,0,0.000000,0
0,positive,0,23,2,0,0.000000,0
0,positive,0,24,2,0,0.000000,0
0,positive,0,25,2,0,0.000000,0
0,positive,0,26,2,0,0.000000,0
0,positive,0,27,2,0,0.000000,0
0,positive,0,28,2,0,0.000000,0
0,positive,0,29,0,0,0.000000,0
0,positive,0,30,0,0,0.000000,0
0,positive,0,31,2,0,0.000000,0
0,positive,0,32,2,0,0.000000,0
0,positive,0,33,2,0,0.000000,0
0,positive,0,34,0,0,0.000000,0
0,positive,0,35,2,0,0.000000,0
0,positive,0,36,2,0,0.000000,0
0,positive,0,37,0,0,0.000000,0
0,positive,0,38,2,0,0.000000,0
0,positive,0,39,2,0,0.000000,0
0,positive,0,40,2,0,0.000000,0
0,positive,0,41,0,0,0.000000,0
0,positive,0,42,2,0,0.000000,0
0,positive,0,43,2,0,0.000000,0
0,positive,0,44,2,0,0.000000,0
0,positive,0,45,2,0,0.000000,0
0,positive,0,46,2,0,0.000000,0
0,positive,0,47,2,0,0.000000,0
0,positive,0,48,0,0,0.000000,0
0,positive,0,49,2,0,0.000000,0
0,positive,1,0,2,0,0.000000,0
0,positive,1,1,2,0,0.000000,0
0,positive,1,2,2,0,0.000000,0
0,positive,1,3,0,0,0.000000,0
0,positive,1,4,0,0,0.000000,0
0,positive,1,5,2,0,0.000000,0
0,positive,1,6,2,0,0.000000,0
0,positive,1,7,2,0,0.000000,0
0,positive,1,8,2,0,0.000000,0
0,positive,1,9,2,0,0.000000,0
0,positive,1,10,2,0,0.000000,0
0,positive,1,11,2,0,0.000000,0
0,positive,1,12,2,0,0.000000,0
0,positive,1,13,2,0,0.000000,0
0,positive,1,14,2,0,0.000000,0
0,positive,1,15,2,0,0.000000,0
0,positive,1,16,2,0,0.000000,0
0,positive,1,17,2,0,0.000000,0
0,positive,1,18,2,0,0.000000,0
0,positive,1,19,2,0,0.000000,0
0,positive,1,20,2,0,0.000000,0
0,positive,1,21,2,0,0.000000,0
0,positive,1,22,2,0,0.000000,0
0,positive,1,23,2,0,0.000000,0
0,positive,1,24,2,0,0.000000,0
0,positive,1,25,2,0,0.000000,0
0,positive,1,26,2,0,0.000000,0
0,positive,1,27,2,0,0.000000,0
0,positive,1,28,0,0,0.000000,0
0,positive,1,29,2,0,0.000000,0
0,positive,1,30,2,0,0.000000,0
0,positive,1,31,2,0,0.000000,0
0,positive,1,32,2,0,0.000000,0
0,positive,1,33,2,0,0.000000,0
0,positive,1,34,2,0,0.000000,0
0,positive,1,35,2,0,0.000000,0
0,positive,1,36,2,0,0.000000,0
0,positive,1,37,2,0,0.000000,0
0,positive,1,38,0,0,0.000000,0
0,positive,1,39,0,0,0.000000,0
0,positive,1,40,2,0,0.000000,0
0,positive,1,41,0,0,0.000000,0
0,positive,1,42,2,0,0.000000,0
0,positive,1,43,2,0,0.000000,0
0,positive,1,44,2,0,0.000000,0
0,positive,1,45,2,0,0.000000,0
0,positive,1,46,2,0,0.000000,0
0,positive,1,47,2,0,0.000000,0
0,positive,1,48,0,0,0.000000,0
0,positive,1,49,0,0,0.000000,0
0,positive,2,0,0,0,0.000000,0
0,positive,2,1,2,0,0.000000,0
0,positive,2,2,2,0,0.000000,0
0,positive,2,3,2,0,0.000000,0
0,positive,2,4,2,0,0.000000,0
0,positive,2,5,2,0,0.000000,0
0,positive,2,6,0,0,0.000000,0
0,positive,2,7,2,0,0.000000,0
0,positive,2,8,2,0,0.000000,0
0,positive,2,9,2,0,0.000000,0
0,positive,2,10,2,0,0.000000,0
0,positive,2,11,2,0,0.000000,0
0,positive,2,12,2,0,0.000000,0
0,positive,2,13,2,0,0.000000,0
0,positive,2,14,2,0,0.000000,0
0,positive,2,15,2,0,0.000000,0
0,positive,2,16,0,0,0.000000,0
0,positive,2,17,2,0,0.000000,0
0,positive,2,18,2,0,0.000000,0
0,positive,2,19,2,0,0.000000,0
0,positive,2,20,0,0,0.000000,0
0,positive,2,21,2,0,0.000000,0
0,positive,2,22,2,0,0.000000,0
0,positive,2,23,2,0,0.000000,0
0,positive,2,24,0,0,0.000000,0
0,positive,2,25,0,0,0.000000,0
0,positive,2,26,2,0,0.000000,0
0,positive,2,27,2,0,0.000000,0
0,positive,2,28,2,0,0.000000,0
0,positive,2,29,0,0,0.000000,0
0,positive,2,30,2,0,0.000000,0
0,positive,2,31,0,0,0.000000,0
0,positive,2,32,2,0,0.000000,0
0,positive,2,33,2,0,0.000000,0
0,positive,2,34,2,0,0.000000,0
0,positive,2,35,2,0,0.000000,0
0,positive,2,36,0,0,0.000000,0
0,positive,2,37,2,0,0.000000,0
0,positive,2,38,0,0,0.000000,0
0,positive,2,39,2,0,0.000000,0
0,positive,2,40,2,0,0.000000,0
0,positive,2,41,2,0,0.000000,0
0,positive,2,42,2,0,0.000000,0
0,positive,2,43,2,0,0.000000,0
0,positive,2,44,0,0,0.000000,0
0,positive,2,45,0,0,0.000000,0
0,positive,2,46,2,0,0.000000,0
0,positive,2,47,2,0,0.000000,0
0,positive,2,48,2,0,0.000000,0
0,positive,2,49,2,0,0.000000,0
0,positive,3,0,2,0,0.000000,0
0,positive,3,1,2,0,0.000000,0
0,positive,3,2,2,0,0.000000,0
0,positive,3,3,2,0,0.000000,0
0,positive,3,4,2,0,0.000000,0
0,positive,3,5,0,0,0.000000,0
0,positive,3,6,2,0,0.000000,0
0,positive,3,7,2,0,0.000000,0
0,positive,3,8,0,0,0.000000,0
0,positive,3,9,2,0,0.000000,0
0,positive,3,10,0,0,0.000000,0
0,positive,3,11,2,0,0.000000,0
0,positive,3,12,2,0,0.000000,0
0,positive,3,13,2,0,0.000000,0
0,positive,3,14,2,0,0.000000,0
0,positive,3,15,2,0,0.000000,0
0,positive,3,16,2,0,0.000000,0
0,positive,3,17,0,0,0.000000,0
0,positive,3,18,2,0,0.000000,0
0,positive,3,19,2,0,0.000000,0
0,positive,3,20,2,0,0.000000,0
0,positive,3,21,2,0,0.000000,0
0,positive,3,22,2,0,0.000000,0
0,positive,3,23,2,0,0.000000,0
0,positive,3,24,2,0,0.000000,0
0,positive,3,25,2,0,0.000000,0
0,positive,3,26,2,0,0.000000,0
0,positive,3,27,2,0,0.000000,0
0,positive,3,28,0,0,0.000000,0
0,positive,3,29,2,0,0.000000,0
0,positive,3,30,2,0,0.000000,0
0,positive,3,31,2,0,0.000000,0
0,positive,3,32,2,0,0.000000,0
0,positive,3,33,2,0,0.000000,0
0,positive,3,34,2,0,0.000000,0
0,positive,3,35,2,0,0.000000,0
0,positive,3,36,0,0,0.000000,0
0,positive,3,37,2,0,0.000000,0
0,positive,3,38,2,0,0.000000,0
0,positive,3,39,2,0,0.000000,0
0,positive,3,40,0,0,0.000000,0
0,positive,3,41,2,0,0.000000,0
0,positive,3,42,2,0,0.000000,0
0,positive,3,43,2,0,0.000000,0
0,positive,3,44,0,0,0.000000,0
0,positive,3,45,2,0,0.000000,0
0,positive,3,46,2,0,0.000000,0
0,positive,3,47,2,0,0.000000,0
0,positive,3,48,2,0,0.000000,0
0,positive,3,49,2,0,0.000000,0
0,positive,4,0,2,0,0.000000,0
0,positive,4,1,2,0,0.000000,0
0,positive,4,2,2,0,0.000000,0
0,positive,4,3,0,0,0.000000,0
0,positive,4,4,2,0,0.000000,0
0,positive,4,5,2,0,0.000000,0
0,positive,4,6,2,0,0.000000,0
0,positive,4,7,2,0,0.000000,0
0,positive,4,8,2,0,0.000000,0
0,positive,4,9,2,0,0.000000,0
0,positive,4,10,2,0,0.000000,0
0,positive,4,11,2,0,0.000000,0
0,positive,4,12,2,0,0.000000,0
0,positive,4,13,2,0,0.000000,0
0,positive,4,14,2,0,0.000000,0
0,positive,4,15,0,0,0.000000,0
0,positive,4,16,2,0,0.000000,0
0,positive,4,17,2,0,0.000000,0
0,positive,4,18,2,0,0.000000,0
0,positive,4,19,2,0,0.000000,0
0,positive,4,20,0,0,0.000000,0
0,positive,4,21,2,0,0.000000,0
0,positive,4,22,2,0,0.000000,0
0,positive,4,23,2,0,0.000000,0
0,positive,4,24,2,0,0.000000,0
0,positive,4,25,2,0,0.000000,0
0,positive,4,26,2,0,0.000000,0
0,positive,4,27,2,0,0.000000,0
0,positive,4,28,2,0,0.000000,0
0,positive,4,29,2,0,0.000000,0
0,positive,4,30,2,0,0.000000,0
0,positive,4,31,2,0,0.000000,0
0,positive,4,32,2,0,0.000000,0
0,positive,4,33,2,0,0.000000,0
0,positive,4,34,2,0,0.000000,0
0,positive,4,35,0,0,0.000000,0
0,positive,4,36,2,0,0.000000,0
0,positive,4,37,2,0,0.000000,0
0,positive,4,38,0,0,0.000000,0
0,positive,4,39,2,0,0.000000,0
0,positive,4,40,2,0,0.000000,0
0,positive,4,41,2,0,0.000000,0
0,positive,4,42,2,0,0.000000,0
0,positive,4,43,2,0,0.000000,0
0,positive,4,44,2,0,0.000000,0
0,positive,4,45,2,0,0.000000,0
0,positive,4,46,2,0,0.000000,0
0,positive,4,47,0,0,0.000000,0
0,positive,4,48,2,0,0.000000,0
0,positive,4,49,0,0,0.000000,0
0,positive,5,0,2,0,0.000000,0
0,positive,5,1,2,0,0.000000,0
0,positive,5,2,2,0,0.000000,0
0,positive,5,3,2,0,0.000000,0
0,positive,5,4,2,0,0.000000,0
0,positive,5,5,2,0,0.000000,0
0,positive,5,6,2,0,0.000000,0
0,positive,5,7,2,0,0.000000,0
0,positive,5,8,2,0,0.000000,0
0,positive,5,9,2,0,0.000000,0
0,positive,5,10,2,0,0.000000,0
0,positive,5,11,2,0,0.000000,0
0,positive,5,12,2,0,0.000000,0
0,positive,5,13,0,0,0.000000,0
0,positive,5,14,2,0,0.000000,0
0,positive,5,15,2,0,0.000000,0
0,positive,5,16,2,0,0.000000,0
0,positive,5,17,0,0,0.000000,0
0,positive,5,18,2,0,0.000000,0
0,positive,5,19,2,0,0.000000,0
0,positive,5,20,2,0,0.000000,0
0,positive,5,21,2,0,0.000000,0
0,positive,5,22,0,0,0.000000,0
0,positive,5,23,0,0,0.000000,0
0,positive,5,24,2,0,0.000000,0
0,positive,5,25,2,0,0.000000,0
0,positive,5,26,0,0,0.000000,0
0,positive,5,27,2,0,0.000000,0
0,positive,5,28,2,0,0.000000,0
0,positive,5,29,0,0,0.000000,0
0,positive,5,30,2,0,0.000000,0
0,positive,5,31,2,0,0.000000,0
0,positive,5,32,2,0,0.000000,0
0,positive,5,33,2,0,0.000000,0
0,positive,5,34,2,0,0.000000,0
0,positive,5,35,2,0,0.000000,0
0,positive,5,36,2,0,0.000000,0
0,positive,5,37,2,0,0.000000,0
0,positive,5,38,2,0,0.000000,0
0,positive,5,39,2,0,0.000000,0
0,positive,5,40,2,0,0.000000,0
0,positive,5,41,2,0,0.000000,0
0,positive,5,42,2,0,0.000000,0
0,positive,5,43,2,0,0.000000,0
0,positive,5,44,0,0,0.000000,0
0,positive,5,45,2,0,0.000000,0
0,positive,5,46,2,0,0.000000,0
0,positive,5,47,0,0,0.000000,0
0,positive,5,48,2,0,0.000000,0
0,positive,5,49,2,0,0.000000,0
0,positive,6,0,2,0,0.000000,0
0,positive,6,1,2,0,0.000000,0
0,positive,6,2,2,0,0.000000,0
0,positive,6,3,2,0,0.000000,0
0,positive,6,4,2,0,0.000000,0
0,positive,6,5,2,0,0.000000,0
0,positive,6,6,2,0,0.000000,0
0,positive,6,7,2,0,0.000000,0
0,positive,6,8,0,0,0.000000,0
0,positive,6,9,2,0,0.000000,0
0,positive,6,10,2,0,0.000000,0
0,positive,6,11,2,0,0.000000,0
0,positive,6,12,2,0,0.000000,0
0,positive,6,13,0,0,0.000000,0
0,positive,6,14,0,0,0.000000,0
0,positive,6,15,2,0,0.000000,0
0,positive,6,16,2,0,0.000000,0
0,positive,6,17,2,0,0.000000,0
0,positive,6,18,2,0,0.000000,0
0,positive,6,19,0,0,0.000000,0
0,positive,6,20,0,0,0.000000,0
0,positive,6,21,0,0,0.000000,0
0,positive,6,22,0,0,0.000000,0
0,positive,6,23,2,0,0.000000,0
0,positive,6,24,2,0,0.000000,0
0,positive,6,25,2,0,0.000000,0
0,positive,6,26,2,0,0.000000,0
0,positive,6,27,0,0,0.000000,0
0,positive,6,28,2,0,0.000000,0
0,positive,6,29,2,0,0.000000,0
0,positive,6,30,2,0,0.000000,0
0,positive,6,31,2,0,0.000000,0
0,positive,6,32,2,0,0.000000,0
0,positive,6,33,2,0,0.000000,0
0,positive,6,34,2,0,0.000000,0
0,positive,6,35,2,0,0.000000,0
0,positive,6,36,0,0,0.000000,0
0,positive,6,37,2,0,0.000000,0
0,positive,6,38,2,0,0.000000,0
0,positive,6,39,0,0,0.000000,0
0,positive,6,40,0,0,0.000000,0
0,positive,6,41,0,0,0.000000,0
0,positive,6,42,2,0,0.000000,0
0,positive,6,43,0,0,0.000000,0
0,positive,6,44,2,0,0.000000,0
0,positive,6,45,2,0,0.000000,0
0,positive,6,46,0,0,0.000000,0
0,positive,6,47,2,0,0.000000,0
0,positive,6,48,0,0,0.000000,0
0,positive,6,49,0,0,0.000000,0
0,positive,7,0,0,0,0.000000,0
0,positive,7,1,0,0,0.000000,0
0,positive,7,2,2,0,0.000000,0
0,positive,7,3,2,0,0.000000,0
0,positive,7,4,2,0,0.000000,0
0,positive,7,5,2,0,0.000000,0
0,positive,7,6,0,0,0.000000,0
0,positive,7,7,0,0,0.000000,0
0,positive,7,8,2,0,0.000000,0
0,positive,7,9,2,0,0.000000,0
0,positive,7,10,2,0,0.000000,0
0,positive,7,11,0,0,0.000000,0
0,positive,7,12,0,0,0.000000,0
0,positive,7,13,2,0,0.000000,0
0,positive,7,14,2,0,0.000000,0
0,positive,7,15,2,0,0.000000,0
0,positive,7,16,2,0,0.000000,0
0,positive,7,17,2,0,0.000000,0
0,positive,7,18,2,0,0.000000,0
0,positive,7,19,2,0,0.000000,0
0,positive,7,20,2,0,0.000000,0
0,positive,7,21,2,0,0.000000,0
0,positive,7,22,2,0,0.000000,0
0,positive,7,23,2,0,0.000000,0
0,positive,7,24,2,0,0.000000,0
0,positive,7,25,2,0,0.000000,0
0,positive,7,26,2,0,0.000000,0
0,positive,7,27,0,0,0.000000,0
0,positive,7,28,2,0,0.000000,0
0,positive,7,29,2,0,0.000000,0
0,positive,7,30,2,0,0.000000,0
0,positive,7,31,2,0,0.000000,0
0,positive,7,32,2,0,0.000000,0
0,positive,7,33,0,0,0.000000,0
0,positive,7,34,0,0,0.000000,0
0,positive,7,35,0,0,0.000000,0
0,positive,7,36,2,0,0.000000,0
0,positive,7,37,0,0,0.000000,0
0,positive,7,38,2,0,0.000000,0
0,positive,7,39,2,0,0.000000,0
0,positive,7,40,2,0,0.000000,0
0,positive,7,41,2,0,0.000000,0
0,positive,7,42,2,0,0.000000,0
0,positive,7,43,2,0,0.000000,0
0,positive,7,44,2,0,0.000000,0
0,positive,7,45,2,0,0.000000,0
0,positive,7,46,2,0,0.000000,0
0,positive,7,47,2,0,0.000000,0
0,positive,7,48,2,0,0.000000,0
0,positive,7,49,2,0,0.000000,0
0,positive,8,0,0,0,0.000000,0
0,positive,8,1,2,0,0.000000,0
0,positive,8,2,2,0,0.000000,0
0,positive,8,3,2,0,0.000000,0
0,positive,8,4,0,0,0.000000,0
0,positive,8,5,2,0,0.000000,0
0,positive,8,6,2,0,0.000000,0
0,positive,8,7,0,0,0.000000,0
0,positive,8,8,2,0,0.000000,0
0,positive,8,9,2,0,0.000000,0
0,positive,8,10,0,0,0.000000,0
0,positive,8,11,2,0,0.000000,0
0,positive,8,12,2,0,0.000000,0
0,positive,8,13,2,0,0.000000,0
0,positive,8,14,2,0,0.000000,0
0,positive,8,15,2,0,0.000000,0
0,positive,8,16,0,0,0.000000,0
0,positive,8,17,0,0,0.000000,0
0,positive,8,18,2,0,0.000000,0
0,positive,8,19,2,0,0.000000,0
0,positive,8,20,2,0,0.000000,0
0,positive,8,21,2,0,0.000000,0
0,positive,8,22,2,0,0.000000,0
0,positive,8,23,2,0,0.000000,0
0,positive,8,24,2,0,0.000000,0
0,positive,8,25,2,0,0.000000,0
0,positive,8,26,2,0,0.000000,0
0,positive,8,27,2,0,0.000000,0
0,positive,8,28,0,0,0.000000,0
0,positive,8,29,2,0,0.000000,0
0,positive,8,30,2,0,0.000000,0
0,positive,8,31,2,0,0.000000,0
0,positive,8,32,2,0,0.000000,0
0,positive,8,33,2,0,0.000000,0
0,positive,8,34,2,0,0.000000,0
0,positive,8,35,2,0,0.000000,0
0,positive,8,36,2,0,0.000000,0
0,positive,8,37,0,0,0.000000,0
0,positive,8,38,2,0,0.000000,0
0,positive,8,39,0,0,0.000000,0
0,positive,8,40,2,0,0.000000,0
0,positive,8,41,2,0,0.000000,0
0,positive,8,42,2,0,0.000000,0
0,positive,8,43,2,0,0.000000,0
0,positive,8,44,2,0,0.000000,0
0,positive,8,45,2,0,0.000000,0
0,positive,8,46,0,0,0.000000,0
0,positive,8,47,2,0,0.000000,0
0,positive,8,48,2,0,0.000000,0
0,positive,8,49,2,0,0.000000,0
0,positive,9,0,2,0,0.000000,0
0,positive,9,1,0,0,0.000000,0
0,positive,9,2,0,0,0.000000,0
0,positive,9,3,0,0,0.000000,0
0,positive,9,4,2,0,0.000000,0
0,positive,9,5,2,0,0.000000,0
0,positive,9,6,2,0,0.000000,0
0,positive,9,7,2,0,0.000000,0
0,positive,9,8,2,0,0.000000,0
0,positive,9,9,2,0,0.000000,0
0,positive,9,10,2,0,0.000000,0
0,positive,9,11,2,0,0.000000,0
0,positive,9,12,2,0,0.000000,0
0,positive,9,13,2,0,0.000000,0
0,positive,9,14,2,0,0.000000,0
0,positive,9,15,2,0,0.000000,0
0,positive,9,16,2,0,0.000000,0
0,positive,9,17,2,0,0.000000,0
0,positive,9,18,2,0,0.000000,0
0,positive,9,19,2,0,0.000000,0
0,positive,9,20,2,0,0.000000,0
0,positive,9,21,0,0,0.000000,0
0,positive,9,22,2,0,0.000000,0
0,positive,9,23,2,0,0.000000,0
0,positive,9,24,2,0,0.000000,0
0,positive,9,25,2,0,0.000000,0
0,positive,9,26,2,0,0.000000,0
0,positive,9,27,0,0,0.000000,0
0,positive,9,28,2,0,0.000000,0
0,positive,9,29,2,0,0.000000,0
0,positive,9,30,2,0,0.000000,0
0,positive,9,31,2,0,0.000000,0
0,positive,9,32,0,0,0.000000,0
0,positive,9,33,2,0,0.000000,0
0,positive,9,34,2,0,0.000000,0
0,positive,9,35,2,0,0.000000,0
0,positive,9,36,2,0,0.000000,0
0,positive,9,37,0,0,0.000000,0
0,positive,9,38,0,0,0.000000,0
0,positive,9,39,2,0,0.000000,0
0,positive,9,40,0,0,0.000000,0
0,positive,9,41,0,0,0.000000,0
0,positive,9,42,2,0,0.000000,0
0,positive,9,43,2,0,0.000000,0
0,positive,9,44,2,0,0.000000,0
0,positive,9,45,2,0,0.000000,0
0,positive,9,46,2,0,0.000000,0
0,positive,9,47,2,0,0.000000,0
0,positive,9,48,2,0,0.000000,0
0,positive,9,49,2,0,0.000000,0
0,positive,10,0,2,0,0.000000,0
0,positive,10,1,2,0,0.000000,0
0,positive,10,2,0,0,0.000000,0
0,positive,10,3,2,0,0.000000,0
0,positive,10,4,0,0,0.000000,0
0,positive,10,5,0,0,0.000000,0
0,positive,10,6,2,0,0.000000,0
0,positive,10,7,0,0,0.000000,0
0,positive,10,8,2,0,0.000000,0
0,positive,10,9,2,0,0.000000,0
0,positive,10,10,2,0,0.000000,0
0,positive,10,11,2,0,0.000000,0
0,positive,10,12,2,0,0.000000,0
0,positive,10,13,2,0,0.000000,0
0,positive,10,14,2,0,0.000000,0
0,positive,10,15,2,0,0.000000,0
0,positive,10,16,0,0,0.000000,0
0,positive,10,17,2,0,0.000000,0
0,positive,10,18,0,0,0.000000,0
0,positive,10,19,0,0,0.000000,0
0,positive,10,20,2,0,0.000000,0
0,positive,10,21,2,0,0.000000,0
0,positive,10,22,2,0,0.000000,0
0,positive,10,23,2,0,0.000000,0
0,positive,10,24,2,0,0.000000,0
0,positive,10,25,2,0,0.000000,0
0,positive,10,26,2,0,0.000000,0
0,positive,10,27,2,0,0.000000,0
0,positive,10,28,2,0,0.000000,0
0,positive,10,29,2,0,0.000000,0
0,positive,10,30,0,0,0.000000,0
0,positive,10,31,0,0,0.000000,0
0,positive,10,32,2,0,0.000000,0
0,positive,10,33,2,0,0.000000,0
0,positive,10,34,2,0,0.000000,0
0,positive,10,35,2,0,0.000000,0
0,positive,10,36,2,0,0.000000,0
0,positive,10,37,2,0,0.000000,0
0,positive,10,38,2,0,0.000000,0
0,positive,10,39,2,0,0.000000,0
0,positive,10,40,2,0,0.000000,0
0,positive,10,41,2,0,0.000000,0
0,positive,10,42,2,0,0.000000,0
0,positive,10,43,2,0,0.000000,0
0,positive,10,44,2,0,0.000000,0
0,positive,10,45,2,0,0.000000,0
0,positive,10,46,2,0,0.000000,0
0,positive,10,47,2,0,0.000000,0
0,positive,10,48,0,0,0.000000,0
0,positive,10,49,2,0,0.000000,0
0,positive,11,0,2,0,0.000000,0
0,positive,11,1,2,0,0.000000,0
0,positive,11,2,2,0,0.000000,0
0,positive,11,3,2,0,0.000000,0
0,positive,11,4,0,0,0.000000,0
0,positive,11,5,2,0,0.000000,0
0,positive,11,6,2,0,0.000000,0
0,positive,11,7,2,0,0.000000,0
0,positive,11,8,2,0,0.000000,0
0,positive,11,9,2,0,0.000000,0
0,positive,11,10,2,0,0.000000,0
0,positive,11,11,2,0,0.000000,0
0,positive,11,12,2,0,0.000000,0
0,positive,11,13,2,0,0.000000,0
0,positive,11,14,2,0,0.000000,0
0,positive,11,15,2,0,0.000000,0
0,positive,11,16,2,0,0.000000,0
0,positive,11,17,2,0,0.000000,0
0,positive,11,18,2,0,0.000000,0
0,positive,11,19,2,0,0.000000,0
0,positive,11,20,2,0,0.000000,0
0,positive,11,21,0,0,0.000000,0
0,positive,11,22,2,0,0.000000,0
0,positive,11,23,2,0,0.000000,0
0,positive,11,24,2,0,0.000000,0
0,positive,11,25,2,0,0.000000,0
0,positive,11,26,2,0,0.000000,0
0,positive,11,27,2,0,0.000000,0
0,positive,11,28,2,0,0.000000,0
0,positive,11,29,2,0,0.000000,0
0,positive,11,30,2,0,0.000000,0
0,positive,11,31,0,0,0.000000,0
0,positive,11,32,2,0,0.000000,0
0,positive,11,33,2,0,0.000000,0
0,positive,11,34,2,0,0.000000,0
0,positive,11,35,0,0,0.000000,0
0,positive,11,36,2,0,0.000000,0
0,positive,11,37,2,0,0.000000,0
0,positive,11,38,2,0,0.000000,0
0,positive,11,39,2,0,0.000000,0
0,positive,11,40,0,0,0.000000,0
0,positive,11,41,2,0,0.000000,0
0,positive,11,42,2,0,0.000000,0
0,positive,11,43,2,0,0.000000,0
0,positive,11,44,2,0,0.000000,0
0,positive,11,45,2,0,0.000000,0
0,positive,11,46,2,0,0.000000,0
0,positive,11,47,2,0,0.000000,0
0,positive,11,48,2,0,0.000000,0
0,positive,11,49,2,0,0.000000,0
0,positive,12,0,2,0,0.000000,0
0,positive,12,1,2,0,0.000000,0
0,positive,12,2,2,0,0.000000,0
0,positive,12,3,2,0,0.000000,0
0,positive,12,4,2,0,0.000000,0
0,positive,12,5,2,0,0.000000,0
0,positive,12,6,2,0,0.000000,0
0,positive,12,7,2,0,0.000000,0
0,positive,12,8,2,0,0.000000,0
0,positive,12,9,2,0,0.000000,0
0,positive,12,10,2,0,0.000000,0
0,positive,12,11,0,0,0.000000,0
0,positive,12,12,2,0,0.000000,0
0,positive,12,13,2,0,0.000000,0
0,positive,12,14,2,0,0.000000,0
0,positive,12,15,2,0,0.000000,0
0,positive,12,16,2,0,0.000000,0
0,positive,12,17,2,0,0.000000,0
0,positive,12,18,2,0,0.000000,0
0,positive,12,19,2,0,0.000000,0
0,positive,12,20,2,0,0.000000,0
0,positive,12,21,0,0,0.000000,0
0,positive,12,22,2,0,0.000000,0
0,positive,12,23,2,0,0.000000,0
0,positive,12,24,0,0,0.000000,0
0,positive,12,25,2,0,0.000000,0
0,positive,12,26,2,0,0.000000,0
0,positive,12,27,2,0,0.000000,0
0,positive,12,28,2,0,0.000000,0
0,positive,12,29,0,0,0.000000,0
0,positive,12,30,2,0,0.000000,0
0,positive,12,31,2,0,0.000000,0
0,positive,12,32,2,0,0.000000,0
0,positive,12,33,0,0,0.000000,0
0,positive,12,34,2,0,0.000000,0
0,positive,12,35,2,0,0.000000,0
0,positive,12,36,0,0,0.000000,0
0,positive,12,37,2,0,0.000000,0
0,positive,12,38,2,0,0.000000,0
0,positive,12,39,2,0,0.000000,0
0,positive,12,40,2,0,0.000000,0
0,positive,12,41,2,0,0.000000,0
0,positive,12,42,2,0,0.000000,0
0,positive,12,43,2,0,0.000000,0
0,positive,12,44,2,0,0.000000,0
0,positive,12,45,2,0,0.000000,0
0,positive,12,46,2,0,0.000000,0
0,positive,12,47,2,0,0.000000,0
0,positive,12,48,2,0,0.000000,0
0,positive,12,49,2,0,0.000000,0
0,positive,13,0,2,0,0.000000,0
0,positive,13,1,2,0,0.000000,0
0,positive,13,2,2,0,0.000000,0
0,positive,13,3,2,0,0.000000,0
0,positive,13,4,2,0,0.000000,0
0,positive,13,5,2,0,0.000000,0
0,positive,13,6,2,0,0.000000,0
0,positive,13,7,0,0,0.000000,0
0,positive,13,8,2,0,0.000000,0
0,positive,13,9,2,0,0.000000,0
0,positive,13,10,2,0,0.000000,0
0,positive,13,11,2,0,0.000000,0
0,positive,13,12,2,0,0.000000,0
0,positive,13,13,2,0,0.000000,0
0,positive,13,14,0,0,0.000000,0
0,positive,13,15,2,0,0.000000,0
0,positive,13,16,2,0,0.000000,0
0,positive,13,17,0,0,0.000000,0
0,positive,13,18,2,0,0.000000,0
0,positive,13,19,2,0,0.000000,0
0,positive,13,20,2,0,0.000000,0
0,positive,13,21,2,0,0.000000,0
0,positive,13,22,2,0,0.000000,0
0,positive,13,23,0,0,0.000000,0
0,positive,13,24,2,0,0.000000,0
0,positive,13,25,2,0,0.000000,0
0,positive,13,26,0,0,0.000000,0
0,positive,13,27,2,0,0.000000,0
0,positive,13,28,0,0,0.000000,0
0,positive,13,29,2,0,0.000000,0
0,positive,13,30,2,0,0.000000,0
0,positive,13,31,0,0,0.000000,0
0,positive,13,32,2,0,0.000000,0
0,positive,13,33,2,0,0.000000,0
0,positive,13,34,0,0,0.000000,0
0,positive,13,35,2,0,0.000000,0
0,positive,13,36,2,0,0.000000,0
0,positive,13,37,2,0,0.000000,0
0,positive,13,38,2,0,0.000000,0
0,positive,13,39,2,0,0.000000,0
0,positive,13,40,2,0,0.000000,0
0,positive,13,41,2,0,0.000000,0
0,positive,13,42,2,0,0.000000,0
0,positive,13,43,2,0,0.000000,0
0,positive,13,44,2,0,0.000000,0
0,positive,13,45,0,0,0.000000,0
0,positive,13,46,2,0,0.000000,0
0,positive,13,47,0,0,0.000000,0
0,positive,13,48,2,0,0.000000,0
0,positive,13,49,2,0,0.000000,0
0,positive,14,0,2,0,0.000000,0
0,positive,14,1,2,0,0.000000,0
0,positive,14,2,2,0,0.000000,0
0,positive,14,3,2,0,0.000000,0
0,positive,14,4,2,0,0.000000,0
0,positive,14,5,2,0,0.000000,0
0,positive,14,6,0,0,0.000000,0
0,positive,14,7,2,0,0.000000,0
0,positive,14,8,2,0,0.000000,0
0,positive,14,9,2,0,0.000000,0
0,positive,14,10,2,0,0.000000,0
0,positive,14,11,2,0,0.000000,0
0,positive,14,12,0,0,0.000000,0
0,positive,14,13,2,0,0.000000,0
0,positive,14,14,2,0,0.000000,0
0,positive,14,15,2,0,0.000000,0
0,positive,14,16,2,0,0.000000,0
0,positive,14,17,0,0,0.000000,0
0,positive,14,18,2,0,0.000000,0
0,positive,14,19,2,0,0.000000,0
0,positive,14,20,0,0,0.000000,0
0,positive,14,21,2,0,0.000000,0
0,positive,14,22,2,0,0.000000,0
0,positive,14,23,2,0,0.000000,0
0,positive,14,24,2,0,0.000000,0
0,positive,14,25,2,0,0.000000,0
0,positive,14,26,2,0,0.000000,0
0,positive,14,27,2,0,0.000000,0
0,positive,14,28,2,0,0.000000,0
0,positive,14,29,2,0,0.000000,0
0,positive,14,30,2,0,0.000000,0
0,positive,14,31,2,0,0.000000,0
0,positive,14,32,2,0,0.000000,0
0,positive,14,33,2,0,0.000000,0
0,positive,14,34,2,0,0.000000,0
0,positive,14,35,2,0,0.000000,0
0,positive,14,36,2,0,0.000000,0
0,positive,14,37,2,0,0.000000,0
0,positive,14,38,2,0,0.000000,0
0,positive,14,39,2,0,0.000000,0
0,positive,14,40,2,0,0.000000,0
0,positive,14,41,2,0,0.000000,0
0,positive,14,42,0,0,0.000000,0
0,positive,14,43,0,0,0.000000,0
0,positive,14,44,2,0,0.000000,0
0,positive,14,45,2,0,0.000000,0
0,positive,14,46,2,0,0.000000,0
0,positive,14,47,0,0,0.000000,0
0,positive,14,48,2,0,0.000000,0
0,positive,14,49,2,0,0.000000,0
0,positive,15,0,2,0,0.000000,0
0,positive,15,1,2,0,0.000000,0
0,positive,15,2,2,0,0.000000,0
0,positive,15,3,2,0,0.000000,0
0,positive,15,4,2,0,0.000000,0
0,positive,15,5,2,0,0.000000,0
0,positive,15,6,2,0,0.000000,0
0,positive,15,7,2,0,0.000000,0
0,positive,15,8,2,0,0.000000,0
0,positive,15,9,2,0,0.000000,0
0,positive,15,10,2,0,0.000000,0
0,positive,15,11,0,0,0.000000,0
0,positive,15,12,2,0,0.000000,0
0,positive,15,13,2,0,0.000000,0
0,positive,15,14,2,0,0.000000,0
0,positive,15,15,2,0,0.000000,0
0,positive,15,16,0,0,0.000000,0
0,positive,15,17,2,0,0.000000,0
0,positive,15,18,2,0,0.000000,0
0,positive,15,19,0,0,0.000000,0
0,positive,15,20,2,0,0.000000,0
0,positive,15,21,2,0,0.000000,0
0,positive,15,22,2,0,0.000000,0
0,positive,15,23,0,0,0.000000,0
0,positive,15,24,2,0,0.000000,0
0,positive,15,25,2,0,0.000000,0
0,positive,15,26,2,0,0.000000,0
0,positive,15,27,0,0,0.000000,0
0,positive,15,28,2,0,0.000000,0
0,positive,15,29,2,0,0.000000,0
0,positive,15,30,2,0,0.000000,0
0,positive,15,31,2,0,0.000000,0
0,positive,15,32,2,0,0.000000,0
0,positive,15,33,2,0,0.000000,0
0,positive,15,34,2,0,0.000000,0
0,positive,15,35,2,0,0.000000,0
0,positive,15,36,2,0,0.000000,0
0,positive,15,37,2,0,0.000000,0
0,positive,15,38,2,0,0.000000,0
0,positive,15,39,2,0,0.000000,0
0,positive,15,40,2,0,0.000000,0
0,positive,15,41,2,0,0.000000,0
0,positive,15,42,2,0,0.000000,0
0,positive,15,43,2,0,0.000000,0
0,positive,15,44,0,0,0.000000,0
0,positive,15,45,2,0,0.000000,0
0,positive,15,46,2,0,0.000000,0
0,positive,15,47,2,0,0.000000,0
0,positive,15,48,2,0,0.000000,0
0,positive,15,49,2,0,0.000000,0
0,positive,16,0,2,0,0.000000,0
0,positive,16,1,0,0,0.000000,0
0,positive,16,2,2,0,0.000000,0
0,positive,16,3,2,0,0.000000,0
0,positive,16,4,2,0,0.000000,0
0,positive,16,5,2,0,0.000000,0
0,positive,16,6,2,0,0.000000,0
0,positive,16,7,0,0,0.000000,0
0,positive,16,8,2,0,0.000000,0
0,positive,16,9,2,0,0.000000,0
0,positive,16,10,0,0,0.000000,0
0,positive,16,11,0,0,0.000000,0
0,positive,16,12,2,0,0.000000,0
0,positive,16,13,2,0,0.000000,0
0,positive,16,14,2,0,0.000000,0
0,positive,16,15,0,0,0.000000,0
0,positive,16,16,0,0,0.000000,0
0,positive,16,17,2,0,0.000000,0
0,positive,16,18,2,0,0.000000,0
0,positive,16,19,2,0,0.000000,0
0,positive,16,20,2,0,0.000000,0
0,positive,16,21,2,0,0.000000,0
0,positive,16,22,2,0,0.000000,0
0,positive,16,23,2,0,0.000000,0
0,positive,16,24,2,0,0.000000,0
0,positive,16,25,2,0,0.000000,0
0,positive,16,26,2,0,0.000000,0
0,positive,16,27,2,0,0.000000,0
0,positive,16,28,2,0,0.000000,0
0,positive,16,29,2,0,0.000000,0
0,positive,16,30,2,0,0.000000,0
0,positive,16,31,2,0,0.000000,0
0,positive,16,32,2,0,0.000000,0
0,positive,16,33,2,0,0.000000,0
0,positive,16,34,2,0,0.000000,0
0,positive,16,35,2,0,0.000000,0
0,positive,16,36,0,0,0.000000,0
0,positive,16,37,2,0,0.000000,0
0,positive,16,38,2,0,0.000000,0
0,positive,16,39,0,0,0.000000,0
0,positive,16,40,0,0,0.000000,0
0,positive,16,41,2,0,0.000000,0
0,positive,16,42,2,0,0.000000,0
0,positive,16,43,2,0,0.000000,0
0,positive,16,44,0,0,0.000000,0
0,positive,16,45,2,0,0.000000,0
0,positive,16,46,2,0,0.000000,0
0,positive,16,47,2,0,0.000000,0
0,positive,16,48,2,0,0.000000,0
0,positive,16,49,2,0,0.000000,0
0,positive,17,0,2,0,0.000000,0
0,positive,17,1,2,0,0.000000,0
0,positive,17,2,2,0,0.000000,0
0,positive,17,3,2,0,0.000000,0
0,positive,17,4,2,0,0.000000,0
0,positive,17,5,2,0,0.000000,0
0,positive,17,6,2,0,0.000000,0
0,positive,17,7,2,0,0.000000,0
0,positive,17,8,2,0,0.000000,0
0,positive,17,9,0,0,0.000000,0
0,positive,17,10,0,0,0.000000,0
0,positive,17,11,2,0,0.000000,0
0,positive,17,12,2,0,0.000000,0
0,positive,17,13,2,0,0.000000,0
0,positive,17,14,2,0,0.000000,0
0,positive,17,15,2,0,0.000000,0
0,positive,17,16,2,0,0.000000,0
0,positive,17,17,2,0,0.000000,0
0,positive,17,18,0,0,0.000000,0
0,positive,17,19,2,0,0.000000,0
0,positive,17,20,2,0,0.000000,0
0,positive,17,21,2,0,0.000000,0
0,positive,17,22,2,0,0.000000,0
0,positive,17,23,2,0,0.000000,0
0,positive,17,24,2,0,0.000000,0
0,positive,17,25,2,0,0.000000,0
0,positive,17,26,2,0,0.000000,0
0,positive,17,27,2,0,0.000000,0
0,positive,17,28,0,0,0.000000,0
0,positive,17,29,0,0,0.000000,0
0,positive,17,30,2,0,0.000000,0
0,positive,17,31,2,0,0.000000,0
0,positive,17,32,2,0,0.000000,0
0,positive,17,33,2,0,0.000000,0
0,positive,17,34,2,0,0.000000,0
0,positive,17,35,2,0,0.000000,0
0,positive,17,36,2,0,0.000000,0
0,positive,17,37,0,0,0.000000,0
0,positive,17,38,2,0,0.000000,0
0,positive,17,39,0,0,0.000000,0
0,positive,17,40,2,0,0.000000,0
0,positive,17,41,2,0,0.000000,0
0,positive,17,42,2,0,0.000000,0
0,positive,17,43,2,0,0.000000,0
0,positive,17,44,0,0,0.000000,0
0,positive,17,45,2,0,0.000000,0
0,positive,17,46,2,0,0.000000,0
0,positive,17,47,2,0,0.000000,0
0,positive,17,48,2,0,0.000000,0
0,positive,17,49,2,0,0.000000,0
0,positive,18,0,2,0,0.000000,0
0,positive,18,1,2,0,0.000000,0
0,positive,18,2,2,0,0.000000,0
0,positive,18,3,0,0,0.000000,0
0,positive,18,4,2,0,0.000000,0
0,positive,18,5,0,0,0.000000,0
0,positive,18,6,2,0,0.000000,0
0,positive,18,7,2,0,0.000000,0
0,positive,18,8,2,0,0.000000,0
0,positive,18,9,2,0,0.000000,0
0,positive,18,10,2,0,0.000000,0
0,positive,18,11,2,0,0.000000,0
0,positive,18,12,2,0,0.000000,0
0,positive,18,13,2,0,0.000000,0
0,positive,18,14,2,0,0.000000,0
0,positive,18,15,0,0,0.000000,0
0,positive,18,16,2,0,0.000000,0
0,positive,18,17,2,0,0.000000,0
0,positive,18,18,2,0,0.000000,0
0,positive,18,19,2,0,0.000000,0
0,positive,18,20,2,0,0.000000,0
0,positive,18,21,2,0,0.000000,0
0,positive,18,22,2,0,0.000000,0
0,positive,18,23,2,0,0.000000,0
0,positive,18,24,2,0,0.000000,0
0,positive,18,25,2,0,0.000000,0
0,positive,18,26,2,0,0.000000,0
0,positive,18,27,2,0,0.000000,0
0,positive,18,28,2,0,0.000000,0
0,positive,18,29,2,0,0.000000,0
0,positive,18,30,2,0,0.000000,0
0,positive,18,31,2,0,0.000000,0
0,positive,18,32,2,0,0.000000,0
0,positive,18,33,2,0,0.000000,0
0,positive,18,34,2,0,0.000000,0
0,positive,18,35,2,0,0.000000,0
0,positive,18,36,2,0,0.000000,0
0,positive,18,37,2,0,0.000000,0
0,positive,18,38,0,0,0.000000,0
0,positive,18,39,2,0,0.000000,0
0,positive,18,40,2,0,0.000000,0
0,positive,18,41,2,0,0.000000,0
0,positive,18,42,2,0,0.000000,0
0,positive,18,43,2,0,0.000000,0
0,positive,18,44,2,0,0.000000,0
0,positive,18,45,2,0,0.000000,0
0,positive,18,46,2,0,0.000000,0
0,positive,18,47,2,0,0.000000,0
0,positive,18,48,2,0,0.000000,0
0,positive,18,49,2,0,0.000000,0
0,positive,19,0,2,0,0.000000,0
0,positive,19,1,2,0,0.000000,0
0,positive,19,2,2,0,0.000000,0
0,positive,19,3,0,0,0.000000,0
0,positive,19,4,2,0,0.000000,0
0,positive,19,5,2,0,0.000000,0
0,positive,19,6,0,0,0.000000,0
0,positive,19,7,2,0,0.000000,0
0,positive,19,8,2,0,0.000000,0
0,positive,19,9,0,0,0.000000,0
0,positive,19,10,2,0,0.000000,0
0,positive,19,11,2,0,0.000000,0
0,positive,19,12,2,0,0.000000,0
0,positive,19,13,2,0,0.000000,0
0,positive,19,14,2,0,0.000000,0
0,positive,19,15,0,0,0.000000,0
0,positive,19,16,2,0,0.000000,0
0,positive,19,17,2,0,0.000000,0
0,positive,19,18,2,0,0.000000,0
0,positive,19,19,2,0,0.000000,0
0,positive,19,20,2,0,0.000000,0
0,positive,19,21,0,0,0.000000,0
0,positive,19,22,2,0,0.000000,0
0,positive,19,23,2,0,0.000000,0
0,positive,19,24,2,0,0.000000,0
0,positive,19,25,2,0,0.000000,0
0,positive,19,26,2,0,0.000000,0
0,positive,19,27,2,0,0.000000,0
0,positive,19,28,2,0,0.000000,0
0,positive,19,29,2,0,0.000000,0
0,positive,19,30,0,0,0.000000,0
0,positive,19,31,2,0,0.000000,0
0,positive,19,32,2,0,0.000000,0
0,positive,19,33,2,0,0.000000,0
0,positive,19,34,2,0,0.000000,0
0,positive,19,35,2,0,0.000000,0
0,positive,19,36,2,0,0.000000,0
0,positive,19,37,2,0,0.000000,0
0,positive,19,38,2,0,0.000000,0
0,positive,19,39,2,0,0.000000,0
0,positive,19,40,2,0,0.000000,0
0,positive,19,41,2,0,0.000000,0
0,positive,19,42,2,0,0.000000,0
0,positive,19,43,2,0,0.000000,0
0,positive,19,44,2,0,0.000000,0
0,positive,19,45,2,0,0.000000,0
0,positive,19,46,2,0,0.000000,0
0,positive,19,47,2,0,0.000000,0
0,positive,19,48,2,0,0.000000,0
0,positive,19,49,0,0,0.000000,0
0,positive,20,0,2,0,0.000000,0
0,positive,20,1,2,0,0.000000,0
0,positive,20,2,2,0,0.000000,0
0,positive,20,3,2,0,0.000000,0
0,positive,20,4,2,0,0.000000,0
0,positive,20,5,2,0,0.000000,0
0,positive,20,6,2,0,0.000000,0
0,positive,20,7,2,0,0.000000,0
0,positive,20,8,2,0,0.000000,0
0,positive,20,9,2,0,0.000000,0
0,positive,20,10,0,0,0.000000,0
0,positive,20,11,2,0,0.000000,0
0,positive,20,12,2,0,0.000000,0
0,positive,20,13,2,0,0.000000,0
0,positive,20,14,0,0,0.000000,0
0,positive,20,15,2,0,0.000000,0
0,positive,20,16,2,0,0.000000,0
0,positive,20,17,2,0,0.000000,0
0,positive,20,18,2,0,0.000000,0
0,positive,20,19,2,0,0.000000,0
0,positive,20,20,2,0,0.000000,0
0,positive,20,21,2,0,0.000000,0
0,positive,20,22,2,0,0.000000,0
0,positive,20,23,2,0,0.000000,0
0,positive,20,24,2,0,0.000000,0
0,positive,20,25,2,0,0.000000,0
0,positive,20,26,2,0,0.000000,0
0,positive,20,27,2,0,0.000000,0
0,positive,20,28,2,0,0.000000,0
0,positive,20,29,2,0,0.000000,0
0,positive,20,30,2,0,0.000000,0
0,positive,20,31,2,0,0.000000,0
0,positive,20,32,2,0,0.000000,0
0,positive,20,33,2,0,0.000000,0
0,positive,20,34,0,0,0.000000,0
0,positive,20,35,0,0,0.000000,0
0,positive,20,36,0,0,0.000000,0
0,positive,20,37,0,0,0.000000,0
0,positive,20,38,2,0,0.000000,0
0,positive,20,39,2,0,0.000000,0
0,positive,20,40,2,0,0.000000,0
0,positive,20,41,2,0,0.000000,0
0,positive,20,42,0,0,0.000000,0
0,positive,20,43,2,0,0.000000,0
0,positive,20,44,0,0,0.000000,0
0,positive,20,45,2,0,0.000000,0
0,positive,20,46,2,0,0.000000,0
0,positive,20,47,2,0,0.000000,0
0,positive,20,48,2,0,0.000000,0
0,positive,20,49,2,0,0.000000,0
0,positive,21,0,2,0,0.000000,0
0,positive,21,1,0,0,0.000000,0
0,positive,21,2,2,0,0.000000,0
0,positive,21,3,2,0,0.000000,0
0,positive,21,4,2,0,0.000000,0
0,positive,21,5,2,0,0.000000,0
0,positive,21,6,2,0,0.000000,0
0,positive,21,7,2,0,0.000000,0
0,positive,21,8,2,0,0.000000,0
0,positive,21,9,2,0,0.000000,0
0,positive,21,10,2,0,0.000000,0
0,positive,21,11,2,0,0.000000,0
0,positive,21,12,2,0,0.000000,0
0,positive,21,13,2,0,0.000000,0
0,positive,21,14,2,0,0.000000,0
0,positive,21,15,2,0,0.000000,0
0,positive,21,16,0,0,0.000000,0
0,positive,21,17,2,0,0.000000,0
0,positive,21,18,2,0,0.000000,0
0,positive,21,19,2,0,0.000000,0
0,positive,21,20,2,0,0.000000,0
0,positive,21,21,2,0,0.000000,0
0,positive,21,22,2,0,0.000000,0
0,positive,21,23,2,0,0.000000,0
0,positive,21,24,2,0,0.000000,0
0,positive,21,25,2,0,0.000000,0
0,positive,21,26,2,0,0.000000,0
0,positive,21,27,2,0,0.000000,0
0,positive,21,28,2,0,0.000000,0
0,positive,21,29,2,0,0.000000,0
0,positive,21,30,0,0,0.000000,0
0,positive,21,31,2,0,0.000000,0
0,positive,21,32,0,0,0.000000,0
0,positive,21,33,2,0,0.000000,0
0,positive,21,34,0,0,0.000000,0
0,positive,21,35,2,0,0.000000,0
0,positive,21,36,2,0,0.000000,0
0,positive,21,37,2,0,0.000000,0
0,positive,21,38,2,0,0.000000,0
0,positive,21,39,2,0,0.000000,0
0,positive,21,40,2,0,0.000000,0
0,positive,21,41,2,0,0.000000,0
0,positive,21,42,2,0,0.000000,0
0,positive,21,43,2,0,0.000000,0
0,positive,21,44,2,0,0.000000,0
0,positive,21,45,2,0,0.000000,0
0,positive,21,46,2,0,0.000000,0
0,positive,21,47,2,0,0.000000,0
0,positive,21,48,0,0,0.000000,0
0,positive,21,49,2,0,0.000000,0
0,positive,22,0,2,0,0.000000,0
0,positive,22,1,0,0,0.000000,0
0,positive,22,2,2,0,0.000000,0
0,positive,22,3,2,0,0.000000,0
0,positive,22,4,2,0,0.000000,0
0,positive,22,5,2,0,0.000000,0
0,positive,22,6,2,0,0.000000,0
0,positive,22,7,2,0,0.000000,0
0,positive,22,8,2,0,0.000000,0
0,positive,22,9,2,0,0.000000,0
0,positive,22,10,0,0,0.000000,0
0,positive,22,11,0,0,0.000000,0
0,positive,22,12,2,0,0.000000,0
0,positive,22,13,2,0,0.000000,0
0,positive,22,14,2,0,0.000000,0
0,positive,22,15,2,0,0.000000,0
0,positive,22,16,2,0,0.000000,0
0,positive,22,17,2,0,0.000000,0
0,positive,22,18,2,0,0.000000,0
0,positive,22,19,2,0,0.000000,0
0,positive,22,20,2,0,0.000000,0
0,positive,22,21,2,0,0.000000,0
0,positive,22,22,2,0,0.000000,0
0,positive,22,23,2,0,0.000000,0
0,positive,22,24,2,0,0.000000,0
0,positive,22,25,2,0,0.000000,0
0,positive,22,26,2,0,0.000000,0
0,positive,22,27,2,0,0.000000,0
0,positive,22,28,2,0,0.000000,0
0,positive,22,29,2,0,0.000000,0
0,positive,22,30,0,0,0.000000,0
0,positive,22,31,0,0,0.000000,0
0,positive,22,32,2,0,0.000000,0
0,positive,22,33,2,0,0.000000,0
0,positive,22,34,2,0,0.000000,0
0,positive,22,35,2,0,0.000000,0
0,positive,22,36,0,0,0.000000,0
0,positive,22,37,2,0,0.000000,0
0,positive,22,38,2,0,0.000000,0
0,positive,22,39,2,0,0.000000,0
0,positive,22,40,2,0,0.000000,0
0,positive,22,41,0,0,0.000000,0
0,positive,22,42,2,0,0.000000,0
0,positive,22,43,2,0,0.000000,0
0,positive,22,44,0,0,0.000000,0
0,positive,22,45,2,0,0.000000,0
0,positive,22,46,2,0,0.000000,0
0,positive,22,47,0,0,0.000000,0
0,positive,22,48,2,0,0.000000,0
0,positive,22,49,2,0,0.000000,0
0,positive,23,0,2,0,0.000000,0
0,positive,23,1,2,0,0.000000,0
0,positive,23,2,2,0,0.000000,0
0,positive,23,3,2,0,0.000000,0
0,positive,23,4,2,0,0.000000,0
0,positive,23,5,2,0,0.000000,0
0,positive,23,6,2,0,0.000000,0
0,positive,23,7,0,0,0.000000,0
0,positive,23,8,2,0,0.000000,0
0,positive,23,9,2,0,0.000000,0
0,positive,23,10,0,0,0.000000,0
0,positive,23,11,0,0,0.000000,0
0,positive,23,12,2,0,0.000000,0
0,positive,23,13,2,0,0.000000,0
0,positive,23,14,2,0,0.000000,0
0,positive,23,15,2,0,0.000000,0
0,positive,23,16,2,0,0.000000,0
0,positive,23,17,2,0,0.000000,0
0,positive,23,18,2,0,0.000000,0
0,positive,23,19,2,0,0.000000,0
0,positive,23,20,2,0,0.000000,0
0,positive,23,21,0,0,0.000000,0
0,positive,23,22,2,0,0.000000,0
0,positive,23,23,2,0,0.000000,0
0,positive,23,24,2,0,0.000000,0
0,positive,23,25,2,0,0.000000,0
0,positive,23,26,2,0,0.000000,0
0,positive,23,27,2,0,0.000000,0
0,positive,23,28,2,0,0.000000,0
0,positive,23,29,2,0,0.000000,0
0,positive,23,30,2,0,0.000000,0
0,positive,23,31,2,0,0.000000,0
0,positive,23,32,2,0,0.000000,0
0,positive,23,33,2,0,0.000000,0
0,positive,23,34,2,0,0.000000,0
0,positive,23,35,2,0,0.000000,0
0,positive,23,36,2,0,0.000000,0
0,positive,23,37,2,0,0.000000,0
0,positive,23,38,0,0,0.000000,0
0,positive,23,39,2,0,0.000000,0
0,positive,23,40,2,0,0.000000,0
0,positive,23,41,2,0,0.000000,0
0,positive,23,42,2,0,0.000000,0
0,positive,23,43,2,0,0.000000,0
0,positive,23,44,2,0,0.000000,0
0,positive,23,45,2,0,0.000000,0
0,positive,23,46,2,0,0.000000,0
0,positive,23,47,0,0,0.000000,0
0,positive,23,48,2,0,0.000000,0
0,positive,23,49,2,0,0.000000,0
0,positive,24,0,2,0,0.000000,0
0,positive,24,1,2,0,0.000000,0
0,positive,24,2,2,0,0.000000,0
0,positive,24,3,2,0,0.000000,0
0,positive,24,4,0,0,0.000000,0
0,positive,24,5,2,0,0.000000,0
0,positive,24,6,2,0,0.000000,0
0,positive,24,7,2,0,0.000000,0
0,positive,24,8,2,0,0.000000,0
0,positive,24,9,2,0,0.000000,0
0,positive,24,10,2,0,0.000000,0
0,positive,24,11,0,0,0.000000,0
0,positive,24,12,2,0,0.000000,0
0,positive,24,13,2,0,0.000000,0
0,positive,24,14,2,0,0.000000,0
0,positive,24,15,2,0,0.000000,0
0,positive,24,16,0,0,0.000000,0
0,positive,24,17,2,0,0.000000,0
0,positive,24,18,2,0,0.000000,0
0,positive,24,19,2,0,0.000000,0
0,positive,24,20,2,0,0.000000,0
0,positive,24,21,2,0,0.000000,0
0,positive,24,22,2,0,0.000000,0
0,positive,24,23,0,0,0.000000,0
0,positive,24,24,2,0,0.000000,0
0,positive,24,25,2,0,0.000000,0
0,positive,24,26,2,0,0.000000,0
0,positive,24,27,2,0,0.000000,0
0,positive,24,28,2,0,0.000000,0
0,positive,24,29,0,0,0.000000,0
0,positive,24,30,2,0,0.000000,0
0,positive,24,31,2,0,0.000000,0
0,positive,24,32,2,0,0.000000,0
0,positive,24,33,2,0,0.000000,0
0,positive,24,34,2,0,0.000000,0
0,positive,24,35,0,0,0.000000,0
0,positive,24,36,2,0,0.000000,0
0,positive,24,37,2,0,0.000000,0
0,positive,24,38,2,0,0.000000,0
0,positive,24,39,0,0,0.000000,0
0,positive,24,40,2,0,0.000000,0
0,positive,24,41,2,0,0.000000,0
0,positive,24,42,2,0,0.000000,0
0,positive,24,43,2,0,0.000000,0
0,positive,24,44,2,0,0.000000,0
0,positive,24,45,0,0,0.000000,0
0,positive,24,46,2,0,0.000000,0
0,positive,24,47,2,0,0.000000,0
0,positive,24,48,2,0,0.000000,0
0,positive,24,49,0,0,0.000000,0
0,positive,25,0,0,0,0.000000,0
0,positive,25,1,2,0,0.000000,0
0,positive,25,2,2,0,0.000000,0
0,positive,25,3,2,0,0.000000,0
0,positive,25,4,2,0,0.000000,0
0,positive,25,5,2,0,0.000000,0
0,positive,25,6,2,0,0.000000,0
0,positive,25,7,2,0,0.000000,0
0,positive,25,8,0,0,0.000000,0
0,positive,25,9,2,0,0.000000,0
0,positive,25,10,2,0,0.000000,0
0,positive,25,11,2,0,0.000000,0
0,positive,25,12,2,0,0.000000,0
0,positive,25,13,2,0,0.000000,0
0,positive,25,14,2,0,0.000000,0
0,positive,25,15,2,0,0.000000,0
0,positive,25,16,2,0,0.000000,0
0,positive,25,17,2,0,0.000000,0
0,positive,25,18,2,0,0.000000,0
0,positive,25,19,2,0,0.000000,0
0,positive,25,20,0,0,0.000000,0
0,positive,25,21,2,0,0.000000,0
0,positive,25,22,2,0,0.000000,0
0,positive,25,23,2,0,0.000000,0
0,positive,25,24,2,0,0.000000,0
0,positive,25,25,2,0,0.000000,0
0,positive,25,26,2,0,0.000000,0
0,positive,25,27,2,0,0.000000,0
0,positive,25,28,2,0,0.000000,0
0,positive,25,29,0,0,0.000000,0
0,positive,25,30,2,0,0.000000,0
0,positive,25,31,2,0,0.000000,0
0,positive,25,32,0,0,0.000000,0
0,positive,25,33,2,0,0.000000,0
0,positive,25,34,2,0,0.000000,0
0,positive,25,35,2,0,0.000000,0
0,positive,25,36,2,0,0.000000,0
0,positive,25,37,0,0,0.000000,0
0,positive,25,38,2,0,0.000000,0
0,positive,25,39,2,0,0.000000,0
0,positive,25,40,2,0,0.000000,0
0,positive,25,41,2,0,0.000000,0
0,positive,25,42,0,0,0.000000,0
0,positive,25,43,2,0,0.000000,0
0,positive,25,44,2,0,0.000000,0
0,positive,25,45,2,0,0.000000,0
0,positive,25,46,2,0,0.000000,0
0,positive,25,47,2,0,0.000000,0
0,positive,25,48,2,0,0.000000,0
0,positive,25,49,2,0,0.000000,0
0,positive,26,0,2,0,0.000000,0
0,positive,26,1,2,0,0.000000,0
0,positive,26,2,2,0,0.000000,0
0,positive,26,3,0,0,0.000000,0
0,positive,26,4,2,0,0.000000,0
0,positive,26,5,2,0,0.000000,0
0,positive,26,6,0,0,0.000000,0
0,positive,26,7,0,0,0.000000,0
0,positive,26,8,2,0,0.000000,0
0,positive,26,9,2,0,0.000000,0
0,positive,26,10,2,0,0.000000,0
0,positive,26,11,2,0,0.000000,0
0,positive,26,12,0,0,0.000000,0
0,positive,26,13,0,0,0.000000,0
0,positive,26,14,2,0,0.000000,0
0,positive,26,15,2,0,0.000000,0
0,positive,26,16,2,0,0.000000,0
0,positive,26,17,0,0,0.000000,0
0,positive,26,18,2,0,0.000000,0
0,positive,26,19,2,0,0.000000,0
0,positive,26,20,0,0,0.000000,0
0,positive,26,21,2,0,0.000000,0
0,positive,26,22,0,0,0.000000,0
0,positive,26,23,0,0,0.000000,0
0,positive,26,24,0,0,0.000000,0
0,positive,26,25,0,0,0.000000,0
0,positive,26,26,2,0,0.000000,0
0,positive,26,27,2,0,0.000000,0
0,positive,26,28,2,0,0.000000,0
0,positive,26,29,2,0,0.000000,0
0,positive,26,30,2,0,0.000000,0
0,positive,26,31,2,0,0.000000,0
0,positive,26,32,0,0,0.000000,0
0,positive,26,33,0,0,0.000000,0
0,positive,26,34,0,0,0.000000,0
0,positive,26,35,2,0,0.000000,0
0,positive,26,36,2,0,0.000000,0
0,positive,26,37,2,0,0.000000,0
0,positive,26,38,2,0,0.000000,0
0,positive,26,39,2,0,0.000000,0
0,positive,26,40,0,0,0.000000,0
0,positive,26,41,2,0,0.000000,0
0,positive,26,42,2,0,0.000000,0
0,positive,26,43,2,0,0.000000,0
0,positive,26,44,2,0,0.000000,0
0,positive,26,45,2,0,0.000000,0
0,positive,26,46,2,0,0.000000,0
0,positive,26,47,2,0,0.000000,0
0,positive,26,48,2,0,0.000000,0
0,positive,26,49,2,0,0.000000,0
0,positive,27,0,2,0,0.000000,0
0,positive,27,1,2,0,0.000000,0
0,positive,27,2,2,0,0.000000,0
0,positive,27,3,2,0,0.000000,0
0,positive,27,4,2,0,0.000000,0
0,positive,27,5,2,0,0.000000,0
0,positive,27,6,2,0,0.000000,0
0,positive,27,7,2,0,0.000000,0
0,positive,27,8,2,0,0.000000,0
0,positive,27,9,2,0,0.000000,0
0,positive,27,10,2,0,0.000000,0
0,positive,27,11,0,0,0.000000,0
0,positive,27,12,2,0,0.000000,0
0,positive,27,13,2,0,0.000000,0
0,positive,27,14,2,0,0.000000,0
0,positive,27,15,2,0,0.000000,0
0,positive,27,16,2,0,0.000000,0
0,positive,27,17,2,0,0.000000,0
0,positive,27,18,2,0,0.000000,0
0,positive,27,19,2,0,0.000000,0
0,positive,27,20,0,0,0.000000,0
0,positive,27,21,0,0,0.000000,0
0,positive,27,22,2,0,0.000000,0
0,positive,27,23,2,0,0.000000,0
0,positive,27,24,2,0,0.000000,0
0,positive,27,25,2,0,0.000000,0
0,positive,27,26,0,0,0.000000,0
0,positive,27,27,2,0,0.000000,0
0,positive,27,28,2,0,0.000000,0
0,positive,27,29,2,0,0.000000,0
0,positive,27,30,2,0,0.000000,0
0,positive,27,31,2,0,0.000000,0
0,positive,27,32,2,0,0.000000,0
0,positive,27,33,2,0,0.000000,0
0,positive,27,34,2,0,0.000000,0
0,positive,27,35,2,0,0.000000,0
0,positive,27,36,2,0,0.000000,0
0,positive,27,37,2,0,0.000000,0
0,positive,27,38,2,0,0.000000,0
0,positive,27,39,2,0,0.000000,0
0,positive,27,40,2,0,0.000000,0
0,positive,27,41,2,0,0.000000,0
0,positive,27,42,2,0,0.000000,0
0,positive,27,43,2,0,0.000000,0
0,positive,27,44,2,0,0.000000,0
0,positive,27,45,2,0,0.000000,0
0,positive,27,46,2,0,0.000000,0
0,positive,27,47,2,0,0.000000,0
0,positive,27,48,2,0,0.000000,0
0,positive,27,49,2,0,0.000000,0
0,positive,28,0,2,0,0.000000,0
0,positive,28,1,2,0,0.000000,0
0,positive,28,2,2,0,0.000000,0
0,positive,28,3,2,0,0.000000,0
0,positive,28,4,2,0,0.000000,0
0,positive,28,5,2,0,0.000000,0
0,positive,28,6,2,0,0.000000,0
0,positive,28,7,0,0,0.000000,0
0,positive,28,8,2,0,0.000000,0
0,positive,28,9,2,0,0.000000,0
0,positive,28,10,2,0,0.000000,0
0,positive,28,11,2,0,0.000000,0
0,positive,28,12,2,0,0.000000,0
0,positive,28,13,2,0,0.000000,0
0,positive,28,14,2,0,0.000000,0
0,positive,28,15,2,0,0.000000,0
0,positive,28,16,2,0,0.000000,0
0,positive,28,17,0,0,0.000000,0
0,positive,28,18,2,0,0.000000,0
0,positive,28,19,2,0,0.000000,0
0,positive,28,20,0,0,0.000000,0
0,positive,28,21,2,0,0.000000,0
0,positive,28,22,2,0,0.000000,0
0,positive,28,23,2,0,0.000000,0
0,positive,28,24,0,0,0.000000,0
0,positive,28,25,2,0,0.000000,0
0,positive,28,26,2,0,0.000000,0
0,positive,28,27,0,0,0.000000,0
0,positive,28,28,2,0,0.000000,0
0,positive,28,29,0,0,0.000000,0
0,positive,28,30,2,0,0.000000,0
0,positive,28,31,2,0,0.000000,0
0,positive,28,32,2,0,0.000000,0
0,positive,28,33,0,0,0.000000,0
0,positive,28,34,2,0,0.000000,0
0,positive,28,35,2,0,0.000000,0
0,positive,28,36,2,0,0.000000,0
0,positive,28,37,2,0,0.000000,0
0,positive,28,38,0,0,0.000000,0
0,positive,28,39,2,0,0.000000,0
0,positive,28,40,2,0,0.000000,0
0,positive,28,41,2,0,0.000000,0
0,positive,28,42,2,0,0.000000,0
0,positive,28,43,2,0,0.000000,0
0,positive,28,44,2,0,0.000000,0
0,positive,28,45,2,0,0.000000,0
0,positive,28,46,2,0,0.000000,0
0,positive,28,47,2,0,0.000000,0
0,positive,28,48,2,0,0.000000,0
0,positive,28,49,2,0,0.000000,0
0,positive,29,0,2,0,0.000000,0
0,positive,29,1,2,0,0.000000,0
0,positive,29,2,0,0,0.000000,0
0,positive,29,3,2,0,0.000000,0
0,positive,29,4,2,0,0.000000,0
0,positive,29,5,0,0,0.000000,0
0,positive,29,6,0,0,0.000000,0
0,positive,29,7,2,0,0.000000,0
0,positive,29,8,0,0,0.000000,0
0,positive,29,9,2,0,0.000000,0
0,positive,29,10,2,0,0.000000,0
0,positive,29,11,2,0,0.000000,0
0,positive,29,12,2,0,0.000000,0
0,positive,29,13,2,0,0.000000,0
0,positive,29,14,2,0,0.000000,0
0,positive,29,15,0,0,0.000000,0
0,positive,29,16,0,0,0.000000,0
0,positive,29,17,0,0,0.000000,0
0,positive,29,18,2,0,0.000000,0
0,positive,29,19,2,0,0.000000,0
0,positive,29,20,2,0,0.000000,0
0,positive,29,21,2,0,0.000000,0
0,positive,29,22,0,0,0.000000,0
0,positive,29,23,2,0,0.000000,0
0,positive,29,24,2,0,0.000000,0
0,positive,29,25,2,0,0.000000,0
0,positive,29,26,2,0,0.000000,0
0,positive,29,27,2,0,0.000000,0
0,positive,29,28,2,0,0.000000,0
0,positive,29,29,2,0,0.000000,0
0,positive,29,30,2,0,0.000000,0
0,positive,29,31,2,0,0.000000,0
0,positive,29,32,2,0,0.000000,0
0,positive,29,33,2,0,0.000000,0
0,positive,29,34,2,0,0.000000,0
0,positive,29,35,0,0,0.000000,0
0,positive,29,36,2,0,0.000000,0
0,positive,29,37,2,0,0.000000,0
0,positive,29,38,2,0,0.000000,0
0,positive,29,39,2,0,0.000000,0
0,positive,29,40,0,0,0.000000,0
0,positive,29,41,2,0,0.000000,0
0,positive,29,42,2,0,0.000000,0
0,positive,29,43,2,0,0.000000,0
0,positive,29,44,2,0,0.000000,0
0,positive,29,45,2,0,0.000000,0
0,positive,29,46,2,0,0.000000,0
0,positive,29,47,2,0,0.000000,0
0,positive,29,48,2,0,0.000000,0
0,positive,29,49,2,0,0.000000,0
0,positive,30,0,2,0,0.000000,0
0,positive,30,1,2,0,0.000000,0
0,positive,30,2,2,0,0.000000,0
0,positive,30,3,2,0,0.000000,0
0,positive,30,4,2,0,0.000000,0
0,positive,30,5,2,0,0.000000,0
0,positive,30,6,2,0,0.000000,0
0,positive,30,7,2,0,0.000000,0
0,positive,30,8,2,0,0.000000,0
0,positive,30,9,2,0,0.000000,0
0,positive,30,10,2,0,0.000000,0
0,positive,30,11,2,0,0.000000,0
0,positive,30,12,2,0,0.000000,0
0,positive,30,13,2,0,0.000000,0
0,positive,30,14,0,0,0.000000,0
0,positive,30,15,2,0,0.000000,0
0,positive,30,16,0,0,0.000000,0
0,positive,30,17,0,0,0.000000,0
0,positive,30,18,2,0,0.000000,0
0,positive,30,19,2,0,0.000000,0
0,positive,30,20,2,0,0.000000,0
0,positive,30,21,0,0,0.000000,0
0,positive,30,22,2,0,0.000000,0
0,positive,30,23,2,0,0.000000,0
0,positive,30,24,0,0,0.000000,0
0,positive,30,25,2,0,0.000000,0
0,positive,30,26,2,0,0.000000,0
0,positive,30,27,0,0,0.000000,0
0,positive,30,28,2,0,0.000000,0
0,positive,30,29,2,0,0.000000,0
0,positive,30,30,2,0,0.000000,0
0,positive,30,31,2,0,0.000000,0
0,positive,30,32,2,0,0.000000,0
0,positive,30,33,2,0,0.000000,0
0,positive,30,34,2,0,0.000000,0
0,positive,30,35,2,0,0.000000,0
0,positive,30,36,0,0,0.000000,0
0,positive,30,37,2,0,0.000000,0
0,positive,30,38,2,0,0.000000,0
0,positive,30,39,2,0,0.000000,0
0,positive,30,40,2,0,0.000000,0
0,positive,30,41,2,0,0.000000,0
0,positive,30,42,2,0,0.000000,0
0,positive,30,43,2,0,0.000000,0
0,positive,30,44,2,0,0.000000,0
0,positive,30,45,2,0,0.000000,0
0,positive,30,46,2,0,0.000000,0
0,positive,30,47,2,0,0.000000,0
0,positive,30,48,2,0,0.000000,0
0,positive,30,49,0,0,0.000000,0
0,positive,31,0,2,0,0.000000,0
0,positive,31,1,0,0,0.000000,0
0,positive,31,2,0,0,0.000000,0
0,positive,31,3,0,0,0.000000,0
0,positive,31,4,2,0,0.000000,0
0,positive,31,5,2,0,0.000000,0
0,positive,31,6,2,0,0.000000,0
0,positive,31,7,2,0,0.000000,0
0,positive,31,8,2,0,0.000000,0
0,positive,31,9,2,0,0.000000,0
0,positive,31,10,2,0,0.000000,0
0,positive,31,11,2,0,0.000000,0
0,positive,31,12,2,0,0.000000,0
0,positive,31,13,2,0,0.000000,0
0,positive,31,14,2,0,0.000000,0
0,positive,31,15,0,0,0.000000,0
0,positive,31,16,0,0,0.000000,0
0,positive,31,17,2,0,0.000000,0
0,positive,31,18,2,0,0.000000,0
0,positive,31,19,2,0,0.000000,0
0,positive,31,20,2,0,0.000000,0
0,positive,31,21,2,0,0.000000,0
0,positive,31,22,2,0,0.000000,0
0,positive,31,23,2,0,0.000000,0
0,positive,31,24,0,0,0.000000,0
0,positive,31,25,2,0,0.000000,0
0,positive,31,26,2,0,0.000000,0
0,positive,31,27,2,0,0.000000,0
0,positive,31,28,2,0,0.000000,0
0,positive,31,29,2,0,0.000000,0
0,positive,31,30,2,0,0.000000,0
0,positive,31,31,2,0,0.000000,0
0,positive,31,32,2,0,0.000000,0
0,positive,31,33,2,0,0.000000,0
0,positive,31,34,2,0,0.000000,0
0,positive,31,35,0,0,0.000000,0
0,positive,31,36,2,0,0.000000,0
0,positive,31,37,2,0,0.000000,0
0,positive,31,38,0,0,0.000000,0
0,positive,31,39,2,0,0.000000,0
0,positive,31,40,2,0,0.000000,0
0,positive,31,41,2,0,0.000000,0
0,positive,31,42,2,0,0.000000,0
0,positive,31,43,0,0,0.000000,0
0,positive,31,44,2,0,0.000000,0
0,positive,31,45,2,0,0.000000,0
0,positive,31,46,2,0,0.000000,0
0,positive,31,47,0,0,0.000000,0
0,positive,31,48,2,0,0.000000,0
0,positive,31,49,0,0,0.000000,0
0,positive,32,0,2,0,0.000000,0
0,positive,32,1,0,0,0.000000,0
0,positive,32,2,2,0,0.000000,0
0,positive,32,3,2,0,0.000000,0
0,positive,32,4,2,0,0.000000,0
0,positive,32,5,2,0,0.000000,0
0,positive,32,6,2,0,0.000000,0
0,positive,32,7,2,0,0.000000,0
0,positive,32,8,2,0,0.000000,0
0,positive,32,9,2,0,0.000000,0
0,positive,32,10,2,0,0.000000,0
0,positive,32,11,2,0,0.000000,0
0,positive,32,12,2,0,0.000000,0
0,positive,32,13,2,0,0.000000,0
0,positive,32,14,0,0,0.000000,0
0,positive,32,15,0,0,0.000000,0
0,positive,32,16,2,0,0.000000,0
0,positive,32,17,2,0,0.000000,0
0,positive,32,18,2,0,0.000000,0
0,positive,32,19,2,0,0.000000,0
0,positive,32,20,2,0,0.000000,0
0,positive,32,21,2,0,0.000000,0
0,positive,32,22,2,0,0.000000,0
0,positive,32,23,2,0,0.000000,0
0,positive,32,24,0,0,0.000000,0
0,positive,32,25,2,0,0.000000,0
0,positive,32,26,2,0,0.000000,0
0,positive,32,27,2,0,0.000000,0
0,positive,32,28,0,0,0.000000,0
0,positive,32,29,2,0,0.000000,0
0,positive,32,30,2,0,0.000000,0
0,positive,32,31,0,0,0.000000,0
0,positive,32,32,2,0,0.000000,0
0,positive,32,33,2,0,0.000000,0
0,positive,32,34,2,0,0.000000,0
0,positive,32,35,2,0,0.000000,0
0,positive,32,36,2,0,0.000000,0
0,positive,32,37,2,0,0.000000,0
0,positive,32,38,2,0,0.000000,0
0,positive,32,39,2,0,0.000000,0
0,positive,32,40,2,0,0.000000,0
0,positive,32,41,2,0,0.000000,0
0,positive,32,42,2,0,0.000000,0
0,positive,32,43,2,0,0.000000,0
0,positive,32,44,2,0,0.000000,0
0,positive,32,45,2,0,0.000000,0
0,positive,32,46,0,0,0.000000,0
0,positive,32,47,2,0,0.000000,0
0,positive,32,48,2,0,0.000000,0
0,positive,32,49,2,0,0.000000,0
0,positive,33,0,2,0,0.000000,0
0,positive,33,1,2,0,0.000000,0
0,positive,33,2,2,0,0.000000,0
0,positive,33,3,2,0,0.000000,0
0,positive,33,4,2,0,0.000000,0
0,positive,33,5,2,0,0.000000,0
0,positive,33,6,2,0,0.000000,0
0,positive,33,7,2,0,0.000000,0
0,positive,33,8,2,0,0.000000,0
0,positive,33,9,2,0,0.000000,0
0,positive,33,10,2,0,0.000000,0
0,positive,33,11,2,0,0.000000,0
0,positive,33,12,0,0,0.000000,0
0,positive,33,13,2,0,0.000000,0
0,positive,33,14,2,0,0.000000,0
0,positive,33,15,2,0,0.000000,0
0,positive,33,16,2,0,0.000000,0
0,positive,33,17,2,0,0.000000,0
0,positive,33,18,2,0,0.000000,0
0,positive,33,19,2,0,0.000000,0
0,positive,33,20,2,0,0.000000,0
0,positive,33,21,2,0,0.000000,0
0,positive,33,22,0,0,0.000000,0
0,positive,33,23,2,0,0.000000,0
0,positive,33,24,2,0,0.000000,0
0,positive,33,25,2,0,0.000000,0
0,positive,33,26,2,0,0.000000,0
0,positive,33,27,0,0,0.000000,0
0,positive,33,28,0,0,0.000000,0
0,positive,33,29,2,0,0.000000,0
0,positive,33,30,0,0,0.000000,0
0,positive,33,31,2,0,0.000000,0
0,positive,33,32,2,0,0.000000,0
0,positive,33,33,2,0,0.000000,0
0,positive,33,34,2,0,0.000000,0
0,positive,33,35,2,0,0.000000,0
0,positive,33,36,2,0,0.000000,0
0,positive,33,37,0,0,0.000000,0
0,positive,33,38,2,0,0.000000,0
0,positive,33,39,2,0,0.000000,0
0,positive,33,40,2,0,0.000000,0
0,positive,33,41,2,0,0.000000,0
0,positive,33,42,0,0,0.000000,0
0,positive,33,43,2,0,0.000000,0
0,positive,33,44,2,0,0.000000,0
0,positive,33,45,2,0,0.000000,0
0,positive,33,46,2,0,0.000000,0
0,positive,33,47,0,0,0.000000,0
0,positive,33,48,2,0,0.000000,0
0,positive,33,49,2,0,0.000000,0
0,positive,34,0,2,0,0.000000,0
0,positive,34,1,0,0,0.000000,0
0,positive,34,2,2,0,0.000000,0
0,positive,34,3,2,0,0.000000,0
0,positive,34,4,2,0,0.000000,0
0,positive,34,5,2,0,0.000000,0
0,positive,34,6,2,0,0.000000,0
0,positive,34,7,2,0,0.000000,0
0,positive,34,8,2,0,0.000000,0
0,positive,34,9,2,0,0.000000,0
0,positive,34,10,0,0,0.000000,0
0,positive,34,11,2,0,0.000000,0
0,positive,34,12,2,0,0.000000,0
0,positive,34,13,2,0,0.000000,0
0,positive,34,14,0,0,0.000000,0
0,positive,34,15,0,0,0.000000,0
0,positive,34,16,2,0,0.000000,0
0,positive,34,17,2,0,0.000000,0
0,positive,34,18,2,0,0.000000,0
0,positive,34,19,2,0,0.000000,0
0,positive,34,20,2,0,0.000000,0
0,positive,34,21,2,0,0.000000,0
0,positive,34,22,2,0,0.000000,0
0,positive,34,23,2,0,0.000000,0
0,positive,34,24,2,0,0.000000,0
0,positive,34,25,2,0,0.000000,0
0,positive,34,26,2,0,0.000000,0
0,positive,34,27,2,0,0.000000,0
0,positive,34,28,2,0,0.000000,0
0,positive,34,29,2,0,0.000000,0
0,positive,34,30,2,0,0.000000,0
0,positive,34,31,2,0,0.000000,0
0,positive,34,32,2,0,0.000000,0
0,positive,34,33,2,0,0.000000,0
0,positive,34,34,0,0,0.000000,0
0,positive,34,35,2,0,0.000000,0
0,positive,34,36,2,0,0.000000,0
0,positive,34,37,2,0,0.000000,0
0,positive,34,38,0,0,0.000000,0
0,positive,34,39,0,0,0.000000,0
0,positive,34,40,2,0,0.000000,0
0,positive,34,41,0,0,0.000000,0
0,positive,34,42,2,0,0.000000,0
0,positive,34,43,2,0,0.000000,0
0,positive,34,44,0,0,0.000000,0
0,positive,34,45,0,0,0.000000,0
0,positive,34,46,2,0,0.000000,0
0,positive,34,47,2,0,0.000000,0
0,positive,34,48,0,0,0.000000,0
0,positive,34,49,2,0,0.000000,0
0,positive,35,0,2,0,0.000000,0
0,positive,35,1,2,0,0.000000,0
0,positive,35,2,2,0,0.000000,0
0,positive,35,3,0,0,0.000000,0
0,positive,35,4,2,0,0.000000,0
0,positive,35,5,2,0,0.000000,0
0,positive,35,6,2,0,0.000000,0
0,positive,35,7,2,0,0.000000,0
0,positive,35,8,2,0,0.000000,0
0,positive,35,9,2,0,0.000000,0
0,positive,35,10,2,0,0.000000,0
0,positive,35,11,2,0,0.000000,0
0,positive,35,12,2,0,0.000000,0
0,positive,35,13,2,0,0.000000,0
0,positive,35,14,2,0,0.000000,0
0,positive,35,15,0,0,0.000000,0
0,positive,35,16,0,0,0.000000,0
0,positive,35,17,2,0,0.000000,0
0,positive,35,18,2,0,0.000000,0
0,positive,35,19,2,0,0.000000,0
0,positive,35,20,2,0,0.000000,0
0,positive,35,21,2,0,0.000000,0
0,positive,35,22,0,0,0.000000,0
0,positive,35,23,2,0,0.000000,0
0,positive,35,24,0,0,0.000000,0
0,positive,35,25,2,0,0.000000,0
0,positive,35,26,0,0,0.000000,0
0,positive,35,27,0,0,0.000000,0
0,positive,35,28,2,0,0.000000,0
0,positive,35,29,2,0,0.000000,0
0,positive,35,30,2,0,0.000000,0
0,positive,35,31,2,0,0.000000,0
0,positive,35,32,2,0,0.000000,0
0,positive,35,33,2,0,0.000000,0
0,positive,35,34,2,0,0.000000,0
0,positive,35,35,2,0,0.000000,0
0,positive,35,36,2,0,0.000000,0
0,positive,35,37,2,0,0.000000,0
0,positive,35,38,0,0,0.000000,0
0,positive,35,39,2,0,0.000000,0
0,positive,35,40,0,0,0.000000,0
0,positive,35,41,2,0,0.000000,0
0,positive,35,42,2,0,0.000000,0
0,positive,35,43,0,0,0.000000,0
0,positive,35,44,2,0,0.000000,0
0,positive,35,45,2,0,0.000000,0
0,positive,35,46,2,0,0.000000,0
0,positive,35,47,2,0,0.000000,0
0,positive,35,48,0,0,0.000000,0
0,positive,35,49,2,0,0.000000,0
0,positive,36,0,2,0,0.000000,0
0,positive,36,1,2,0,0.000000,0
0,positive,36,2,2,0,0.000000,0
0,positive,36,3,2,0,0.000000,0
0,positive,36,4,2,0,0.000000,0
0,positive,36,5,2,0,0.000000,0
0,positive,36,6,2,0,0.000000,0
0,positive,36,7,2,0,0.000000,0
0,positive,36,8,2,0,0.000000,0
0,positive,36,9,2,0,0.000000,0
0,positive,36,10,2,0,0.000000,0
0,positive,36,11,0,0,0.000000,0
0,positive,36,12,2,0,0.000000,0
0,positive,36,13,2,0,0.000000,0
0,positive,36,14,2,0,0.000000,0
0,positive,36,15,2,0,0.000000,0
0,positive,36,16,2,0,0.000000,0
0,positive,36,17,2,0,0.000000,0
0,positive,36,18,2,0,0.000000,0
0,positive,36,19,2,0,0.000000,0
0,positive,36,20,2,0,0.000000,0
0,positive,36,21,2,0,0.000000,0
0,positive,36,22,0,0,0.000000,0
0,positive,36,23,2,0,0.000000,0
0,positive,36,24,0,0,0.000000,0
0,positive,36,25,2,0,0.000000,0
0,positive,36,26,2,0,0.000000,0
0,positive,36,27,2,0,0.000000,0
0,positive,36,28,2,0,0.000000,0
0,positive,36,29,2,0,0.000000,0
0,positive,36,30,2,1,1.000000,1
0,positive,36,31,2,1,1.000000,1
0,positive,36,32,2,1,1.000000,1
0,positive,36,33,2,1,1.000000,1
0,positive,36,34,2,1,1.000000,1
0,positive,36,35,2,0,0.000000,0
0,positive,36,36,2,0,0.000000,0
0,positive,36,37,2,0,0.000000,0
0,positive,36,38,2,0,0.000000,0
0,positive,36,39,2,0,0.000000,0
0,positive,36,40,2,0,0.000000,0
0,positive,36,41,2,0,0.000000,0
0,positive,36,42,2,0,0.000000,0
0,positive,36,43,0,0,0.000000,0
0,positive,36,44,2,0,0.000000,0
0,positive,36,45,2,0,0.000000,0
0,positive,36,46,2,0,0.000000,0
0,positive,36,47,2,0,0.000000,0
0,positive,36,48,2,0,0.000000,0
0,positive,36,49,2,0,0.000000,0
0,positive,37,0,2,0,0.000000,0
0,positive,37,1,2,0,0.000000,0
0,positive,37,2,2,0,0.000000,0
0,positive,37,3,2,0,0.000000,0
0,positive,37,4,2,0,0.000000,0
0,positive,37,5,2,0,0.000000,0
0,positive,37,6,2,0,0.000000,0
0,positive,37,7,2,0,0.000000,0
0,positive,37,8,2,0,0.000000,0
0,positive,37,9,0,0,0.000000,0
0,positive,37,10,2,0,0.000000,0
0,positive,37,11,2,0,0.000000,0
0,positive,37,12,0,0,0.000000,0
0,positive,37,13,2,0,0.000000,0
0,positive,37,14,2,0,0.000000,0
0,positive,37,15,2,0,0.000000,0
0,positive,37,16,2,0,0.000000,0
0,positive,37,17,2,0,0.000000,0
0,positive,37,18,2,0,0.000000,0
0,positive,37,19,2,0,0.000000,0
0,positive,37,20,0,0,0.000000,0
0,positive,37,21,2,0,0.000000,0
0,positive,37,22,0,0,0.000000,0
0,positive,37,23,2,0,0.000000,0
0,positive,37,24,2,0,0.000000,0
0,positive,37,25,2,0,0.000000,0
0,positive,37,26,2,0,0.000000,0
0,positive,37,27,2,0,0.000000,0
0,positive,37,28,2,0,0.000000,0
0,positive,37,29,2,0,0.000000,0
0,positive,37,30,2,0,0.000000,0
0,positive,37,31,2,0,0.000000,0
0,positive,37,32,2,0,0.000000,0
0,positive,37,33,2,0,0.000000,0
0,positive,37,34,2,0,0.000000,0
0,positive,37,35,2,0,0.000000,0
0,positive,37,36,2,0,0.000000,0
0,positive,37,37,2,0,0.000000,0
0,positive,37,38,2,0,0.000000,0
0,positive,37,39,2,0,0.000000,0
0,positive,37,40,2,0,0.000000,0
0,positive,37,41,2,0,0.000000,0
0,positive,37,42,2,0,0.000000,0
0,positive,37,43,2,0,0.000000,0
0,positive,37,44,2,0,0.000000,0
0,positive,37,45,2,0,0.000000,0
0,positive,37,46,0,0,0.000000,0
0,positive,37,47,2,0,0.000000,0
0,positive,37,48,2,0,0.000000,0
0,positive,37,49,2,0,0.000000,0
0,positive,38,0,2,0,0.000000,0
0,positive,38,1,2,0,0.000000,0
0,positive,38,2,2,0,0.000000,0
0,positive,38,3,2,0,0.000000,0
0,positive,38,4,2,0,0.000000,0
0,positive,38,5,2,0,0.000000,0
0,positive,38,6,2,0,0.000000,0
0,positive,38,7,2,0,0.000000,0
0,positive,38,8,2,0,0.000000,0
0,positive,38,9,2,0,0.000000,0
0,positive,38,10,2,0,0.000000,0
0,positive,38,11,2,0,0.000000,0
0,positive,38,12,2,0,0.000000,0
0,positive,38,13,2,0,0.000000,0
0,positive,38,14,2,0,0.000000,0
0,positive,38,15,2,0,0.000000,0
0,positive,38,16,2,0,0.000000,0
0,positive,38,17,0,0,0.000000,0
0,positive,38,18,2,0,0.000000,0
0,positive,38,19,2,0,0.000000,0
0,positive,38,20,2,0,0.000000,0
0,positive,38,21,2,0,0.000000,0
0,positive,38,22,2,0,0.000000,0
0,positive,38,23,0,0,0.000000,0
0,positive,38,24,0,0,0.000000,0
0,positive,38,25,2,0,0.000000,0
0,positive,38,26,2,0,0.000000,0
0,positive,38,27,2,0,0.000000,0
0,positive,38,28,0,0,0.000000,0
0,positive,38,29,2,0,0.000000,0
0,positive,38,30,0,0,0.000000,0
0,positive,38,31,2,0,0.000000,0
0,positive,38,32,2,0,0.000000,0
0,positive,38,33,2,0,0.000000,0
0,positive,38,34,0,0,0.000000,0
0,positive,38,35,0,0,0.000000,0
0,positive,38,36,2,0,0.000000,0
0,positive,38,37,2,0,0.000000,0
0,positive,38,38,2,0,0.000000,0
0,positive,38,39,2,0,0.000000,0
0,positive,38,40,2,0,0.000000,0
0,positive,38,41,0,0,0.000000,0
0,positive,38,42,2,0,0.000000,0
0,positive,38,43,2,0,0.000000,0
0,positive,38,44,2,0,0.000000,0
0,positive,38,45,2,0,0.000000,0
0,positive,38,46,2,0,0.000000,0
0,positive,38,47,2,0,0.000000,0
0,positive,38,48,2,0,0.000000,0
0,positive,38,49,2,0,0.000000,0
0,positive,39,0,2,0,0.000000,0
0,positive,39,1,2,0,0.000000,0
0,positive,39,2,2,0,0.000000,0
0,positive,39,3,2,0,0.000000,0
0,positive,39,4,2,0,0.000000,0
0,positive,39,5,2,0,0.000000,0
0,positive,39,6,2,0,0.000000,0
0,positive,39,7,0,0,0.000000,0
0,positive,39,8,2,0,0.000000,0
0,positive,39,9,2,0,0.000000,0
0,positive,39,10,2,0,0.000000,0
0,positive,39,11,2,0,0.000000,0
0,positive,39,12,2,1,1.000000,1
0,positive,39,13,2,1,1.000000,1
0,positive,39,14,2,1,1.000000,1
0,positive,39,15,2,1,1.000000,1
0,positive,39,16,2,1,1.000000,1
0,positive,39,17,2,0,0.000000,0
0,positive,39,18,0,0,0.000000,0
0,positive,39,19,0,0,0.000000,0
0,positive,39,20,2,0,0.000000,0
0,positive,39,21,2,0,0.000000,0
0,positive,39,22,2,0,0.000000,0
0,positive,39,23,2,0,0.000000,0
0,positive,39,24,2,0,0.000000,0
0,positive,39,25,2,0,0.000000,0
0,positive,39,26,2,0,0.000000,0
0,positive,39,27,2,0,0.000000,0
0,positive,39,28,2,0,0.000000,0
0,positive,39,29,2,0,0.000000,0
0,positive,39,30,2,0,0.000000,0
0,positive,39,31,2,0,0.000000,0
0,positive,39,32,0,0,0.000000,0
0,positive,39,33,2,0,0.000000,0
0,positive,39,34,2,0,0.000000,0
0,positive,39,35,2,0,0.000000,0
0,positive,39,36,0,0,0.000000,0
0,positive,39,37,0,0,0.000000,0
0,positive,39,38,2,0,0.000000,0
0,positive,39,39,2,0,0.000000,0
0,positive,39,40,2,0,0.000000,0
0,positive,39,41,2,0,0.000000,0
0,positive,39,42,2,0,0.000000,0
0,positive,39,43,2,0,0.000000,0
0,positive,39,44,0,0,0.000000,0
0,positive,39,45,2,0,0.000000,0
0,positive,39,46,2,0,0.000000,0
0,positive,39,47,2,0,0.000000,0
0,positive,39,48,2,0,0.000000,0
0,positive,39,49,2,0,0.000000,0
0,positive,40,0,2,0,0.000000,0
0,positive,40,1,2,0,0.000000,0
0,positive,40,2,2,0,0.000000,0
0,positive,40,3,2,0,0.000000,0
0,positive,40,4,2,0,0.000000,0
0,positive,40,5,2,0,0.000000,0
0,positive,40,6,0,0,0.000000,0
0,positive,40,7,2,0,0.000000,0
0,positive,40,8,2,0,0.000000,0
0,positive,40,9,2,0,0.000000,0
0,positive,40,10,2,0,0.000000,0
0,positive,40,11,0,0,0.000000,0
0,positive,40,12,2,0,0.000000,0
0,positive,40,13,2,0,0.000000,0
0,positive,40,14,2,0,0.000000,0
0,positive,40,15,2,0,0.000000,0
0,positive,40,16,2,0,0.000000,0
0,positive,40,17,2,0,0.000000,0
0,positive,40,18,2,0,0.000000,0
0,positive,40,19,0,0,0.000000,0
0,positive,40,20,2,0,0.000000,0
0,positive,40,21,0,0,0.000000,0
0,positive,40,22,2,0,0.000000,0
0,positive,40,23,2,0,0.000000,0
0,positive,40,24,2,0,0.000000,0
0,positive,40,25,2,0,0.000000,0
0,positive,40,26,2,0,0.000000,0
0,positive,40,27,0,0,0.000000,0
0,positive,40,28,2,0,0.000000,0
0,positive,40,29,2,0,0.000000,0
0,positive,40,30,2,0,0.000000,0
0,positive,40,31,2,0,0.000000,0
0,positive,40,32,2,0,0.000000,0
0,positive,40,33,0,0,0.000000,0
0,positive,40,34,2,0,0.000000,0
0,positive,40,35,2,0,0.000000,0
0,positive,40,36,0,0,0.000000,0
0,positive,40,37,2,0,0.000000,0
0,positive,40,38,2,0,0.000000,0
0,positive,40,39,0,0,0.000000,0
0,positive,40,40,2,0,0.000000,0
0,positive,40,41,0,0,0.000000,0
0,positive,40,42,2,0,0.000000,0
0,positive,40,43,2,0,0.000000,0
0,positive,40,44,2,0,0.000000,0
0,positive,40,45,2,0,0.000000,0
0,positive,40,46,0,0,0.000000,0
0,positive,40,47,2,0,0.000000,0
0,positive,40,48,2,0,0.000000,0
0,positive,40,49,2,0,0.000000,0
0,positive,41,0,2,0,0.000000,0
0,positive,41,1,2,0,0.000000,0
0,positive,41,2,2,0,0.000000,0
0,positive,41,3,2,0,0.000000,0
0,positive,41,4,2,0,0.000000,0
0,positive,41,5,2,0,0.000000,0
0,positive,41,6,2,0,0.000000,0
0,positive,41,7,2,0,0.000000,0
0,positive,41,8,2,0,0.000000,0
0,positive,41,9,2,0,0.000000,0
0,positive,41,10,2,0,0.000000,0
0,positive,41,11,0,0,0.000000,0
0,positive,41,12,2,0,0.000000,0
0,positive,41,13,0,0,0.000000,0
0,positive,41,14,2,0,0.000000,0
0,positive,41,15,0,0,0.000000,0
0,positive,41,16,2,0,0.000000,0
0,positive,41,17,2,0,0.000000,0
0,positive,41,18,2,0,0.000000,0
0,positive,41,19,2,0,0.000000,0
0,positive,41,20,2,0,0.000000,0
0,positive,41,21,2,0,0.000000,0
0,positive,41,22,2,0,0.000000,0
0,positive,41,23,2,0,0.000000,0
0,positive,41,24,2,0,0.000000,0
0,positive,41,25,0,0,0.000000,0
0,positive,41,26,2,0,0.000000,0
0,positive,41,27,2,0,0.000000,0
0,positive,41,28,2,0,0.000000,0
0,positive,41,29,0,0,0.000000,0
0,positive,41,30,2,0,0.000000,0
0,positive,41,31,2,0,0.000000,0
0,positive,41,32,2,0,0.000000,0
0,positive,41,33,0,0,0.000000,0
0,positive,41,34,2,0,0.000000,0
0,positive,41,35,0,0,0.000000,0
0,positive,41,36,0,0,0.000000,0
0,positive,41,37,2,0,0.000000,0
0,positive,41,38,2,0,0.000000,0
0,positive,41,39,2,0,0.000000,0
0,positive,41,40,2,0,0.000000,0
0,positive,41,41,2,0,0.000000,0
0,positive,41,42,2,0,0.000000,0
0,positive,41,43,2,0,0.000000,0
0,positive,41,44,2,0,0.000000,0
0,positive,41,45,0,0,0.000000,0
0,positive,41,46,2,0,0.000000,0
0,positive,41,47,0,0,0.000000,0
0,positive,41,48,2,0,0.000000,0
0,positive,41,49,0,0,0.000000,0
0,positive,42,0,2,0,0.000000,0
0,positive,42,1,2,0,0.000000,0
0,positive,42,2,2,0,0.000000,0
0,positive,42,3,2,0,0.000000,0
0,positive,42,4,2,0,0.000000,0
0,positive,42,5,2,0,0.000000,0
0,positive,42,6,0,0,0.000000,0
0,positive,42,7,0,0,0.000000,0
0,positive,42,8,2,0,0.000000,0
0,positive,42,9,0,0,0.000000,0
0,positive,42,10,2,0,0.000000,0
0,positive,42,11,2,0,0.000000,0
0,positive,42,12,2,0,0.000000,0
0,positive,42,13,2,0,0.000000,0
0,positive,42,14,2,0,0.000000,0
0,positive,42,15,2,0,0.000000,0
0,positive,42,16,2,0,0.000000,0
0,positive,42,17,2,0,0.000000,0
0,positive,42,18,0,0,0.000000,0
0,positive,42,19,2,0,0.000000,0
0,positive,42,20,2,0,0.000000,0
0,positive,42,21,2,0,0.000000,0
0,positive,42,22,2,0,0.000000,0
0,positive,42,23,2,0,0.000000,0
0,positive,42,24,0,0,0.000000,0
0,positive,42,25,2,0,0.000000,0
0,positive,42,26,2,0,0.000000,0
0,positive,42,27,2,0,0.000000,0
0,positive,42,28,2,0,0.000000,0
0,positive,42,29,2,0,0.000000,0
0,positive,42,30,2,0,0.000000,0
0,positive,42,31,0,0,0.000000,0
0,positive,42,32,0,0,0.000000,0
0,positive,42,33,0,0,0.000000,0
0,positive,42,34,0,0,0.000000,0
0,positive,42,35,2,0,0.000000,0
0,positive,42,36,2,0,0.000000,0
0,positive,42,37,0,0,0.000000,0
0,positive,42,38,2,0,0.000000,0
0,positive,42,39,2,0,0.000000,0
0,positive,42,40,0,0,0.000000,0
0,positive,42,41,0,0,0.000000,0
0,positive,42,42,2,0,0.000000,0
0,positive,42,43,2,0,0.000000,0
0,positive,42,44,0,0,0.000000,0
0,positive,42,45,2,0,0.000000,0
0,positive,42,46,2,0,0.000000,0
0,positive,42,47,2,0,0.000000,0
0,positive,42,48,2,0,0.000000,0
0,positive,42,49,0,0,0.000000,0
0,positive,43,0,2,0,0.000000,0
0,positive,43,1,2,0,0.000000,0
0,positive,43,2,2,0,0.000000,0
0,positive,43,3,2,0,0.000000,0
0,positive,43,4,0,0,0.000000,0
0,positive,43,5,0,0,0.000000,0
0,positive,43,6,2,0,0.000000,0
0,positive,43,7,2,0,0.000000,0
0,positive,43,8,2,0,0.000000,0
0,positive,43,9,0,0,0.000000,0
0,positive,43,10,2,0,0.000000,0
0,positive,43,11,2,0,0.000000,0
0,positive,43,12,2,0,0.000000,0
0,positive,43,13,2,0,0.000000,0
0,positive,43,14,2,0,0.000000,0
0,positive,43,15,2,0,0.000000,0
0,positive,43,16,0,0,0.000000,0
0,positive,43,17,0,0,0.000000,0
0,positive,43,18,2,0,0.000000,0
0,positive,43,19,2,0,0.000000,0
0,positive,43,20,2,0,0.000000,0
0,positive,43,21,2,0,0.000000,0
0,positive,43,22,2,0,0.000000,0
0,positive,43,23,2,0,0.000000,0
0,positive,43,24,2,0,0.000000,0
0,positive,43,25,2,0,0.000000,0
0,positive,43,26,2,0,0.000000,0
0,positive,43,27,2,0,0.000000,0
0,positive,43,28,2,0,0.000000,0
0,positive,43,29,2,0,0.000000,0
0,positive,43,30,2,0,0.000000,0
0,positive,43,31,0,0,0.000000,0
0,positive,43,32,2,0,0.000000,0
0,positive,43,33,2,0,0.000000,0
0,positive,43,34,2,0,0.000000,0
0,positive,43,35,2,0,0.000000,0
0,positive,43,36,0,0,0.000000,0
0,positive,43,37,2,0,0.000000,0
0,positive,43,38,2,0,0.000000,0
0,positive,43,39,2,0,0.000000,0
0,positive,43,40,2,0,0.000000,0
0,positive,43,41,2,0,0.000000,0
0,positive,43,42,2,0,0.000000,0
0,positive,43,43,2,0,0.000000,0
0,positive,43,44,2,0,0.000000,0
0,positive,43,45,2,0,0.000000,0
0,positive,43,46,2,0,0.000000,0
0,positive,43,47,2,0,0.000000,0
0,positive,43,48,0,0,0.000000,0
0,positive,43,49,2,0,0.000000,0
0,positive,44,0,2,0,0.000000,0
0,positive,44,1,2,0,0.000000,0
0,positive,44,2,2,0,0.000000,0
0,positive,44,3,2,0,0.000000,0
0,positive,44,4,2,0,0.000000,0
0,positive,44,5,2,0,0.000000,0
0,positive,44,6,0,0,0.000000,0
0,positive,44,7,2,0,0.000000,0
0,positive,44,8,2,0,0.000000,0
0,positive,44,9,2,0,0.000000,0
0,positive,44,10,2,0,0.000000,0
0,positive,44,11,2,0,0.000000,0
0,positive,44,12,2,0,0.000000,0
0,positive,44,13,2,0,0.000000,0
0,positive,44,14,2,0,0.000000,0
0,positive,44,15,2,0,0.000000,0
0,positive,44,16,2,0,0.000000,0
0,positive,44,17,0,0,0.000000,0
0,positive,44,18,2,0,0.000000,0
0,positive,44,19,2,0,0.000000,0
0,positive,44,20,2,0,0.000000,0
0,positive,44,21,2,0,0.000000,0
0,positive,44,22,0,0,0.000000,0
0,positive,44,23,2,0,0.000000,0
0,positive,44,24,2,0,0.000000,0
0,positive,44,25,2,0,0.000000,0
0,positive,44,26,2,0,0.000000,0
0,positive,44,27,2,0,0.000000,0
0,positive,44,28,2,0,0.000000,0
0,positive,44,29,2,0,0.000000,0
0,positive,44,30,2,0,0.000000,0
0,positive,44,31,2,0,0.000000,0
0,positive,44,32,2,0,0.000000,0
0,positive,44,33,0,0,0.000000,0
0,positive,44,34,2,0,0.000000,0
0,positive,44,35,2,0,0.000000,0
0,positive,44,36,2,0,0.000000,0
0,positive,44,37,2,0,0.000000,0
0,positive,44,38,2,0,0.000000,0
0,positive,44,39,2,0,0.000000,0
0,positive,44,40,2,0,0.000000,0
0,positive,44,41,2,0,0.000000,0
0,positive,44,42,2,0,0.000000,0
0,positive,44,43,2,0,0.000000,0
0,positive,44,44,2,0,0.000000,0
0,positive,44,45,2,0,0.000000,0
0,positive,44,46,2,0,0.000000,0
0,positive,44,47,2,0,0.000000,0
0,positive,44,48,0,0,0.000000,0
0,positive,44,49,2,0,0.000000,0
0,positive,45,0,2,0,0.000000,0
0,positive,45,1,2,0,0.000000,0
0,positive,45,2,2,0,0.000000,0
0,positive,45,3,2,0,0.000000,0
0,positive,45,4,2,0,0.000000,0
0,positive,45,5,2,0,0.000000,0
0,positive,45,6,2,0,0.000000,0
0,positive,45,7,2,0,0.000000,0
0,positive,45,8,2,0,0.000000,0
0,positive,45,9,2,0,0.000000,0
0,positive,45,10,2,0,0.000000,0
0,positive,45,11,0,0,0.000000,0
0,positive,45,12,2,0,0.000000,0
0,positive,45,13,2,0,0.000000,0
0,positive,45,14,2,0,0.000000,0
0,positive,45,15,2,0,0.000000,0
0,positive,45,16,2,0,0.000000,0
0,positive,45,17,0,0,0.000000,0
0,positive,45,18,2,0,0.000000,0
0,positive,45,19,2,0,0.000000,0
0,positive,45,20,2,0,0.000000,0
0,positive,45,21,2,0,0.000000,0
0,positive,45,22,2,0,0.000000,0
0,positive,45,23,2,0,0.000000,0
0,positive,45,24,2,0,0.000000,0
0,positive,45,25,2,0,0.000000,0
0,positive,45,26,2,0,0.000000,0
0,positive,45,27,2,0,0.000000,0
0,positive,45,28,2,0,0.000000,0
0,positive,45,29,0,0,0.000000,0
0,positive,45,30,2,0,0.000000,0
0,positive,45,31,2,0,0.000000,0
0,positive,45,32,2,0,0.000000,0
0,positive,45,33,0,0,0.000000,0
0,positive,45,34,2,0,0.000000,0
0,positive,45,35,0,0,0.000000,0
0,positive,45,36,2,0,0.000000,0
0,positive,45,37,2,0,0.000000,0
0,positive,45,38,2,0,0.000000,0
0,positive,45,39,2,0,0.000000,0
0,positive,45,40,2,0,0.000000,0
0,positive,45,41,2,0,0.000000,0
0,positive,45,42,2,0,0.000000,0
0,positive,45,43,2,0,0.000000,0
0,positive,45,44,2,0,0.000000,0
0,positive,45,45,2,0,0.000000,0
0,positive,45,46,2,0,0.000000,0
0,positive,45,47,2,0,0.000000,0
0,positive,45,48,2,0,0.000000,0
0,positive,45,49,2,0,0.000000,0
0,positive,46,0,2,0,0.000000,0
0,positive,46,1,2,0,0.000000,0
0,positive,46,2,2,0,0.000000,0
0,positive,46,3,0,0,0.000000,0
0,positive,46,4,2,0,0.000000,0
0,positive,46,5,2,0,0.000000,0
0,positive,46,6,2,0,0.000000,0
0,positive,46,7,2,0,0.000000,0
0,positive,46,8,2,0,0.000000,0
0,positive,46,9,2,0,0.000000,0
0,positive,46,10,2,0,0.000000,0
0,positive,46,11,2,0,0.000000,0
0,positive,46,12,2,0,0.000000,0
0,positive,46,13,0,0,0.000000,0
0,positive,46,14,2,0,0.000000,0
0,positive,46,15,2,0,0.000000,0
0,positive,46,16,2,0,0.000000,0
0,positive,46,17,2,0,0.000000,0
0,positive,46,18,2,0,0.000000,0
0,positive,46,19,2,0,0.000000,0
0,positive,46,20,2,0,0.000000,0
0,positive,46,21,2,0,0.000000,0
0,positive,46,22,0,0,0.000000,0
0,positive,46,23,2,0,0.000000,0
0,positive,46,24,0,0,0.000000,0
0,positive,46,25,2,0,0.000000,0
0,positive,46,26,2,0,0.000000,0
0,positive,46,27,2,0,0.000000,0
0,positive,46,28,2,0,0.000000,0
0,positive,46,29,2,0,0.000000,0
0,positive,46,30,0,0,0.000000,0
0,positive,46,31,2,0,0.000000,0
0,positive,46,32,2,0,0.000000,0
0,positive,46,33,2,0,0.000000,0
0,positive,46,34,0,0,0.000000,0
0,positive,46,35,2,0,0.000000,0
0,positive,46,36,2,0,0.000000,0
0,positive,46,37,2,0,0.000000,0
0,positive,46,38,2,0,0.000000,0
0,positive,46,39,2,0,0.000000,0
0,positive,46,40,2,0,0.000000,0
0,positive,46,41,2,0,0.000000,0
0,positive,46,42,2,0,0.000000,0
0,positive,46,43,2,0,0.000000,0
0,positive,46,44,2,0,0.000000,0
0,positive,46,45,2,0,0.000000,0
0,positive,46,46,2,0,0.000000,0
0,positive,46,47,2,0,0.000000,0
0,positive,46,48,2,0,0.000000,0
0,positive,46,49,2,0,0.000000,0
0,positive,47,0,2,0,0.000000,0
0,positive,47,1,2,0,0.000000,0
0,positive,47,2,2,0,0.000000,0
0,positive,47,3,2,0,0.000000,0
0,positive,47,4,2,0,0.000000,0
0,positive,47,5,2,0,0.000000,0
0,positive,47,6,2,0,0.000000,0
0,positive,47,7,2,0,0.000000,0
0,positive,47,8,2,0,0.000000,0
0,positive,47,9,2,0,0.000000,0
0,positive,47,10,2,0,0.000000,0
0,positive,47,11,0,0,0.000000,0
0,positive,47,12,2,0,0.000000,0
0,positive,47,13,2,0,0.000000,0
0,positive,47,14,2,0,0.000000,0
0,positive,47,15,2,0,0.000000,0
0,positive,47,16,2,0,0.000000,0
0,positive,47,17,0,0,0.000000,0
0,positive,47,18,2,0,0.000000,0
0,positive,47,19,2,0,0.000000,0
0,positive,47,20,0,0,0.000000,0
0,positive,47,21,2,0,0.000000,0
0,positive,47,22,2,0,0.000000,0
0,positive,47,23,2,0,0.000000,0
0,positive,47,24,2,0,0.000000,0
0,positive,47,25,2,0,0.000000,0
0,positive,47,26,2,0,0.000000,0
0,positive,47,27,2,0,0.000000,0
0,positive,47,28,2,0,0.000000,0
0,positive,47,29,2,0,0.000000,0
0,positive,47,30,2,0,0.000000,0
0,positive,47,31,2,0,0.000000,0
0,positive,47,32,2,0,0.000000,0
0,positive,47,33,0,0,0.000000,0
0,positive,47,34,2,0,0.000000,0
0,positive,47,35,2,0,0.000000,0
0,positive,47,36,2,0,0.000000,0
0,positive,47,37,2,0,0.000000,0
0,positive,47,38,0,0,0.000000,0
0,positive,47,39,2,0,0.000000,0
0,positive,47,40,2,0,0.000000,0
0,positive,47,41,0,0,0.000000,0
0,positive,47,42,2,0,0.000000,0
0,positive,47,43,0,0,0.000000,0
0,positive,47,44,0,0,0.000000,0
0,positive,47,45,2,0,0.000000,0
0,positive,47,46,2,0,0.000000,0
0,positive,47,47,2,0,0.000000,0
0,positive,47,48,2,0,0.000000,0
0,positive,47,49,2,0,0.000000,0
0,positive,48,0,2,0,0.000000,0
0,positive,48,1,2,0,0.000000,0
0,positive,48,2,2,0,0.000000,0
0,positive,48,3,0,0,0.000000,0
0,positive,48,4,2,0,0.000000,0
0,positive,48,5,2,0,0.000000,0
0,positive,48,6,0,0,0.000000,0
0,positive,48,7,2,0,0.000000,0
0,positive,48,8,0,0,0.000000,0
0,positive,48,9,2,0,0.000000,0
0,positive,48,10,0,0,0.000000,0
0,positive,48,11,0,0,0.000000,0
0,positive,48,12,0,0,0.000000,0
0,positive,48,13,2,0,0.000000,0
0,positive,48,14,2,0,0.000000,0
0,positive,48,15,2,0,0.000000,0
0,positive,48,16,2,0,0.000000,0
0,positive,48,17,2,0,0.000000,0
0,positive,48,18,2,0,0.000000,0
0,positive,48,19,2,0,0.000000,0
0,positive,48,20,2,0,0.000000,0
0,positive,48,21,2,0,0.000000,0
0,positive,48,22,2,0,0.000000,0
0,positive,48,23,0,0,0.000000,0
0,positive,48,24,0,0,0.000000,0
0,positive,48,25,2,0,0.000000,0
0,positive,48,26,2,0,0.000000,0
0,positive,48,27,0,0,0.000000,0
0,positive,48,28,2,0,0.000000,0
0,positive,48,29,0,0,0.000000,0
0,positive,48,30,2,0,0.000000,0
0,positive,48,31,0,0,0.000000,0
0,positive,48,32,2,0,0.000000,0
0,positive,48,33,2,0,0.000000,0
0,positive,48,34,2,0,0.000000,0
0,positive,48,35,0,0,0.000000,0
0,positive,48,36,2,0,0.000000,0
0,positive,48,37,2,0,0.000000,0
0,positive,48,38,2,0,0.000000,0
0,positive,48,39,2,0,0.000000,0
0,positive,48,40,2,0,0.000000,0
0,positive,48,41,0,0,0.000000,0
0,positive,48,42,2,0,0.000000,0
0,positive,48,43,2,0,0.000000,0
0,positive,48,44,2,0,0.000000,0
0,positive,48,45,0,0,0.000000,0
0,positive,48,46,2,0,0.000000,0
0,positive,48,47,2,0,0.000000,0
0,positive,48,48,2,0,0.000000,0
0,positive,48,49,2,0,0.000000,0
0,positive,49,0,2,0,0.000000,0
0,positive,49,1,2,0,0.000000,0
0,positive,49,2,2,0,0.000000,0
0,positive,49,3,2,0,0.000000,0
0,positive,49,4,2,0,0.000000,0
0,positive,49,5,2,0,0.000000,0
0,positive,49,6,0,0,0.000000,0
0,positive,49,7,2,0,0.000000,0
0,positive,49,8,2,0,0.000000,0
0,positive,49,9,2,0,0.000000,0
0,positive,49,10,2,0,0.000000,0
0,positive,49,11,0,0,0.000000,0
0,positive,49,12,0,0,0.000000,0
0,positive,49,13,0,0,0.000000,0
0,positive,49,14,2,0,0.000000,0
0,positive,49,15,2,0,0.000000,0
0,positive,49,16,2,0,0.000000,0
0,positive,49,17,2,0,0.000000,0
0,positive,49,18,2,0,0.000000,0
0,positive,49,19,2,0,0.000000,0
0,positive,49,20,2,0,0.000000,0
0,positive,49,21,2,0,0.000000,0
0,positive,49,22,2,0,0.000000,0
0,positive,49,23,2,0,0.000000,0
0,positive,49,24,2,0,0.000000,0
0,positive,49,25,2,0,0.000000,0
0,positive,49,26,2,0,0.000000,0
0,positive,49,27,2,0,0.000000,0
0,positive,49,28,2,0,0.000000,0
0,positive,49,29,0,0,0.000000,0
0,positive,49,30,2,0,0.000000,0
0,positive,49,31,2,0,0.000000,0
0,positive,49,32,2,0,0.000000,0
0,positive,49,33,2,0,0.000000,0
0,positive,49,34,2,0,0.000000,0
0,positive,49,35,2,0,0.000000,0
0,positive,49,36,2,0,0.000000,0
0,positive,49,37,0,0,0.000000,0
0,positive,49,38,2,0,0.000000,0
0,positive,49,39,2,0,0.000000,0
0,positive,49,40,2,0,0.000000,0
0,positive,49,41,2,0,0.000000,0
0,positive,49,42,0,0,0.000000,0
0,positive,49,43,2,0,0.000000,0
0,positive,49,44,2,0,0.000000,0
0,positive,49,45,2,0,0.000000,0
0,positive,49,46,2,0,0.000000,0
0,positive,49,47,0,0,0.000000,0
0,positive,49,48,2,0,0.000000,0
0,positive,49,49,2,0,0.000000,0
1,positive,0,0,2,0,0.000000,0
1,positive,0,1,0,0,0.000000,0
1,positive,0,2,0,0,0.000000,0
1,positive,0,3,0,0,0.000000,0
1,positive,0,4,2,0,0.000000,0
1,positive,0,5,2,0,0.000000,0
1,positive,0,6,2,0,0.000000,0
1,positive,0,7,2,0,0.000000,0
1,positive,0,8,2,0,0.000000,0
1,positive,0,9,2,0,0.000000,0
1,positive,0,10,0,0,0.000000,0
1,positive,0,11,2,0,0.000000,0
1,positive,0,12,2,0,0.000000,0
1,positive,0,13,2,0,0.000000,0
1,positive,0,14,2,0,0.000000,0
1,positive,0,15,2,0,0.000000,0
1,positive,0,16,2,0,0.000000,0
1,positive,0,17,2,0,0.000000,0
1,positive,0,18,2,0,0.000000,0
1,positive,0,19,2,0,0.000000,0
1,positive,0,20,0,0,0.000000,0
1,positive,0,21,2,0,0.000000,0
1,positive,0,22,2,0,0.000000,0
1,positive,0,23,2,0,0.000000,0
1,positive,0,24,2,0,0.000000,0
1,positive,0,25,2,0,0.000000,0
1,positive,0,26,2,0,0.000000,0
1,positive,0,27,2,0,0.000000,0
1,positive,0,28,2,0,0.000000,0
1,positive,0,29,2,0,0.000000,0
1,positive,0,30,0,0,0.000000,0
1,positive,0,31,2,0,0.000000,0
1,positive,0,32,2,0,0.000000,0
1,positive,0,33,2,0,0.000000,0
1,positive,0,34,2,0,0.000000,0
1,positive,0,35,2,0,0.000000,0
1,positive,0,36,2,0,0.000000,0
1,positive,0,37,2,0,0.000000,0
1,positive,0,38,2,0,0.000000,0
1,positive,0,39,2,0,0.000000,0
1,positive,0,40,2,0,0.000000,0
1,positive,0,41,2,0,0.000000,0
1,positive,0,42,0,0,0.000000,0
1,positive,0,43,2,0,0.000000,0
1,positive,0,44,2,0,0.000000,0
1,positive,0,45,2,0,0.000000,0
1,positive,0,46,2,0,0.000000,0
1,positive,0,47,0,0,0.000000,0
1,positive,0,48,2,0,0.000000,0
1,positive,0,49,2,0,0.000000,0
1,positive,1,0,2,0,0.000000,0
1,positive,1,1,2,0,0.000000,0
1,positive,1,2,2,0,0.000000,0
1,positive,1,3,0,0,0.000000,0
1,positive,1,4,2,0,0.000000,0
1,positive,1,5,2,0,0.000000,0
1,positive,1,6,2,0,0.000000,0
1,positive,1,7,2,0,0.000000,0
1,positive,1,8,2,0,0.000000,0
1,positive,1,9,2,0,0.000000,0
1,positive,1,10,2,0,0.000000,0
1,positive,1,11,2,0,0.000000,0
1,positive,1,12,2,0,0.000000,0
1,positive,1,13,0,0,0.000000,0
1,positive,1,14,2,0,0.000000,0
1,positive,1,15,2,0,0.000000,0
1,positive,1,16,0,0,0.000000,0
1,positive,1,17,2,0,0.000000,0
1,positive,1,18,2,0,0.000000,0
1,positive,1,19,0,0,0.000000,0
1,positive,1,20,2,0,0.000000,0
1,positive,1,21,2,0,0.000000,0
1,positive,1,22,0,0,0.000000,0
1,positive,1,23,2,0,0.000000,0
1,positive,1,24,2,0,0.000000,0
1,positive,1,25,2,0,0.000000,0
1,positive,1,26,0,0,0.000000,0
1,positive,1,27,2,0,0.000000,0
1,positive,1,28,2,0,0.000000,0
1,positive,1,29,2,0,0.000000,0
1,positive,1,30,2,0,0.000000,0
1,positive,1,31,2,0,0.000000,0
1,positive,1,32,0,0,0.000000,0
1,positive,1,33,2,0,0.000000,0
1,positive,1,34,2,0,0.000000,0
1,positive,1,35,2,0,0.000000,0
1,positive,1,36,0,0,0.000000,0
1,positive,1,37,2,0,0.000000,0
1,positive,1,38,2,0,0.000000,0
1,positive,1,39,2,0,0.000000,0
1,positive,1,40,2,0,0.000000,0
1,positive,1,41,2,0,0.000000,0
1,positive,1,42,2,0,0.000000,0
1,positive,1,43,2,0,0.000000,0
1,positive,1,44,2,0,0.000000,0
1,positive,1,45,2,0,0.000000,0
1,positive,1,46,2,0,0.000000,0
1,positive,1,47,2,0,0.000000,0
1,positive,1,48,2,0,0.000000,0
1,positive,1,49,0,0,0.000000,0
1,positive,2,0,2,0,0.000000,0
1,positive,2,1,2,0,0.000000,0
1,positive,2,2,0,0,0.000000,0
1,positive,2,3,0,0,0.000000,0
1,positive,2,4,2,0,0.000000,0
1,positive,2,5,2,0,0.000000,0
1,positive,2,6,0,0,0.000000,0
1,positive,2,7,2,0,0.000000,0
1,positive,2,8,2,0,0.000000,0
1,positive,2,9,2,0,0.000000,0
1,positive,2,10,0,0,0.000000,0
1,positive,2,11,0,0,0.000000,0
1,positive,2,12,2,0,0.000000,0
1,positive,2,13,0,0,0.000000,0
1,positive,2,14,0,0,0.000000,0
1,positive,2,15,0,0,0.000000,0
1,positive,2,16,2,0,0.000000,0
1,positive,2,17,2,0,0.000000,0
1,positive,2,18,2,0,0.000000,0
1,positive,2,19,2,0,0.000000,0
1,positive,2,20,0,0,0.000000,0
1,positive,2,21,2,0,0.000000,0
1,positive,2,22,0,0,0.000000,0
1,positive,2,23,2,0,0.000000,0
1,positive,2,24,2,0,0.000000,0
1,positive,2,25,2,0,0.000000,0
1,positive,2,26,2,0,0.000000,0
1,positive,2,27,2,0,0.000000,0
1,positive,2,28,2,0,0.000000,0
1,positive,2,29,2,0,0.000000,0
1,positive,2,30,2,0,0.000000,0
1,positive,2,31,0,0,0.000000,0
1,positive,2,32,2,0,0.000000,0
1,positive,2,33,0,0,0.000000,0
1,positive,2,34,2,0,0.000000,0
1,positive,2,35,2,0,0.000000,0
1,positive,2,36,2,0,0.000000,0
1,positive,2,37,2,0,0.000000,0
1,positive,2,38,2,0,0.000000,0
1,positive,2,39,2,0,0.000000,0
1,positive,2,40,2,0,0.000000,0
1,positive,2,41,0,0,0.000000,0
1,positive,2,42,2,0,0.000000,0
1,positive,2,43,2,0,0.000000,0
1,positive,2,44,2,0,0.000000,0
1,positive,2,45,0,0,0.000000,0
1,positive,2,46,2,0,0.000000,0
1,positive,2,47,2,0,0.000000,0
1,positive,2,48,2,0,0.000000,0
1,positive,2,49,2,0,0.000000,0
1,positive,3,0,2,0,0.000000,0
1,positive,3,1,2,0,0.000000,0
1,positive,3,2,2,0,0.000000,0
1,positive,3,3,2,0,0.000000,0
1,positive,3,4,0,0,0.000000,0
1,positive,3,5,2,0,0.000000,0
1,positive,3,6,2,0,0.000000,0
1,positive,3,7,0,0,0.000000,0
1,positive,3,8,2,0,0.000000,0
1,positive,3,9,2,0,0.000000,0
1,positive,3,10,0,0,0.000000,0
1,positive,3,11,0,0,0.000000,0
1,positive,3,12,0,0,0.000000,0
1,positive,3,13,2,0,0.000000,0
1,positive,3,14,0,0,0.000000,0
1,positive,3,15,2,0,0.000000,0
1,positive,3,16,2,0,0.000000,0
1,positive,3,17,2,0,0.000000,0
1,positive,3,18,0,0,0.000000,0
1,positive,3,19,2,0,0.000000,0
1,positive,3,20,0,0,0.000000,0
1,positive,3,21,2,0,0.000000,0
1,positive,3,22,2,0,0.000000,0
1,positive,3,23,2,0,0.000000,0
1,positive,3,24,2,0,0.000000,0
1,positive,3,25,2,0,0.000000,0
1,positive,3,26,2,0,0.000000,0
1,positive,3,27,2,0,0.000000,0
1,positive,3,28,2,0,0.000000,0
1,positive,3,29,2,0,0.000000,0
1,positive,3,30,2,0,0.000000,0
1,positive,3,31,2,0,0.000000,0
1,positive,3,32,2,0,0.000000,0
1,positive,3,33,0,0,0.000000,0
1,positive,3,34,0,0,0.000000,0
1,positive,3,35,2,0,0.000000,0
1,positive,3,36,2,0,0.000000,0
1,positive,3,37,2,0,0.000000,0
1,positive,3,38,2,0,0.000000,0
1,positive,3,39,2,0,0.000000,0
1,positive,3,40,0,0,0.000000,0
1,positive,3,41,0,0,0.000000,0
1,positive,3,42,0,0,0.000000,0
1,positive,3,43,2,0,0.000000,0
1,positive,3,44,2,0,0.000000,0
1,positive,3,45,2,0,0.000000,0
1,positive,3,46,0,0,0.000000,0
1,positive,3,47,2,0,0.000000,0
1,positive,3,48,2,0,0.000000,0
1,positive,3,49,2,0,0.000000,0
1,positive,4,0,0,0,0.000000,0
1,positive,4,1,2,0,0.000000,0
1,positive,4,2,0,0,0.000000,0
1,positive,4,3,2,0,0.000000,0
1,positive,4,4,2,0,0.000000,0
1,positive,4,5,2,0,0.000000,0
1,positive,4,6,2,0,0.000000,0
1,positive,4,7,2,0,0.000000,0
1,positive,4,8,2,0,0.000000,0
1,positive,4,9,2,0,0.000000,0
1,positive,4,10,2,0,0.000000,0
1,positive,4,11,2,0,0.000000,0
1,positive,4,12,2,0,0.000000,0
1,positive,4,13,2,0,0.000000,0
1,positive,4,14,2,0,0.000000,0
1,positive,4,15,2,0,0.000000,0
1,positive,4,16,2,0,0.000000,0
1,positive,4,17,0,0,0.000000,0
1,positive,4,18,2,0,0.000000,0
1,positive,4,19,2,0,0.000000,0
1,positive,4,20,2,0,0.000000,0
1,positive,4,21,0,0,0.000000,0
1,positive,4,22,2,0,0.000000,0
1,positive,4,23,2,0,0.000000,0
1,positive,4,24,2,0,0.000000,0
1,positive,4,25,2,0,0.000000,0
1,positive,4,26,2,0,0.000000,0
1,positive,4,27,0,0,0.000000,0
1,positive,4,28,2,0,0.000000,0
1,positive,4,29,2,0,0.000000,0
1,positive,4,30,0,0,0.000000,0
1,positive,4,31,2,0,0.000000,0
1,positive,4,32,2,0,0.000000,0
1,positive,4,33,2,0,0.000000,0
1,positive,4,34,2,0,0.000000,0
1,positive,4,35,2,0,0.000000,0
1,positive,4,36,2,0,0.000000,0
1,positive,4,37,2,0,0.000000,0
1,positive,4,38,2,0,0.000000,0
1,positive,4,39,2,0,0.000000,0
1,positive,4,40,0,0,0.000000,0
1,positive,4,41,0,0,0.000000,0
1,positive,4,42,2,0,0.000000,0
1,positive,4,43,2,0,0.000000,0
1,positive,4,44,2,0,0.000000,0
1,positive,4,45,0,0,0.000000,0
1,positive,4,46,2,0,0.000000,0
1,positive,4,47,0,0,0.000000,0
1,positive,4,48,2,0,0.000000,0
1,positive,4,49,2,0,0.000000,0
1,positive,5,0,0,0,0.000000,0
1,positive,5,1,2,0,0.000000,0
1,positive,5,2,2,0,0.000000,0
1,positive,5,3,0,0,0.000000,0
1,positive,5,4,2,0,0.000000,0
1,positive,5,5,2,0,0.000000,0
1,positive,5,6,2,0,0.000000,0
1,positive,5,7,2,0,0.000000,0
1,positive,5,8,2,0,0.000000,0
1,positive,5,9,2,0,0.000000,0
1,positive,5,10,2,0,0.000000,0
1,positive,5,11,2,0,0.000000,0
1,positive,5,12,2,0,0.000000,0
1,positive,5,13,2,0,0.000000,0
1,positive,5,14,2,0,0.000000,0
1,positive,5,15,0,0,0.000000,0
1,positive,5,16,2,0,0.000000,0
1,positive,5,17,0,0,0.000000,0
1,positive,5,18,2,0,0.000000,0
1,positive,5,19,2,0,0.000000,0
1,positive,5,20,2,0,0.000000,0
1,positive,5,21,2,0,0.000000,0
1,positive,5,22,2,0,0.000000,0
1,positive,5,23,2,0,0.000000,0
1,positive,5,24,2,0,0.000000,0
1,positive,5,25,2,0,0.000000,0
1,positive,5,26,2,0,0.000000,0
1,positive,5,27,2,0,0.000000,0
1,positive,5,28,2,0,0.000000,0
1,positive,5,29,2,0,0.000000,0
1,positive,5,30,2,0,0.000000,0
1,positive,5,31,2,0,0.000000,0
1,positive,5,32,2,0,0.000000,0
1,positive,5,33,2,0,0.000000,0
1,positive,5,34,0,0,0.000000,0
1,positive,5,35,2,0,0.000000,0
1,positive,5,36,2,0,0.000000,0
1,positive,5,37,0,0,0.000000,0
1,positive,5,38,2,0,0.000000,0
1,positive,5,39,2,0,0.000000,0
1,positive,5,40,2,0,0.000000,0
1,positive,5,41,0,0,0.000000,0
1,positive,5,42,2,0,0.000000,0
1,positive,5,43,2,0,0.000000,0
1,positive,5,44,2,0,0.000000,0
1,positive,5,45,2,0,0.000000,0
1,positive,5,46,2,0,0.000000,0
1,positive,5,47,2,0,0.000000,0
1,positive,5,48,2,0,0.000000,0
1,positive,5,49,0,0,0.000000,0
1,positive,6,0,2,0,0.000000,0
1,positive,6,1,2,0,0.000000,0
1,positive,6,2,2,0,0.000000,0
1,positive,6,3,2,0,0.000000,0
1,positive,6,4,2,0,0.000000,0
1,positive,6,5,2,0,0.000000,0
1,positive,6,6,2,0,0.000000,0
1,positive,6,7,2,0,0.000000,0
1,positive,6,8,2,0,0.000000,0
1,positive,6,9,2,0,0.000000,0
1,positive,6,10,2,0,0.000000,0
1,positive,6,11,2,0,0.000000,0
1,positive,6,12,2,0,0.000000,0
1,positive,6,13,2,0,0.000000,0
1,positive,6,14,0,0,0.000000,0
1,positive,6,15,2,0,0.000000,0
1,positive,6,16,0,0,0.000000,0
1,positive,6,17,2,0,0.000000,0
1,positive,6,18,2,0,0.000000,0
1,positive,6,19,2,0,0.000000,0
1,positive,6,20,2,0,0.000000,0
1,positive,6,21,2,0,0.000000,0
1,positive,6,22,0,0,0.000000,0
1,positive,6,23,0,0,0.000000,0
1,positive,6,24,2,0,0.000000,0
1,positive,6,25,0,0,0.000000,0
1,positive,6,26,2,0,0.000000,0
1,positive,6,27,2,0,0.000000,0
1,positive,6,28,2,0,0.000000,0
1,positive,6,29,2,0,0.000000,0
1,positive,6,30,2,0,0.000000,0
1,positive,6,31,2,0,0.000000,0
1,positive,6,32,2,0,0.000000,0
1,positive,6,33,2,0,0.000000,0
1,positive,6,34,0,0,0.000000,0
1,positive,6,35,2,0,0.000000,0
1,positive,6,36,2,0,0.000000,0
1,positive,6,37,2,0,0.000000,0
1,positive,6,38,2,0,0.000000,0
1,positive,6,39,2,0,0.000000,0
1,positive,6,40,2,0,0.000000,0
1,positive,6,41,2,0,0.000000,0
1,positive,6,42,2,0,0.000000,0
1,positive,6,43,2,0,0.000000,0
1,positive,6,44,2,0,0.000000,0
1,positive,6,45,0,0,0.000000,0
1,positive,6,46,2,0,0.000000,0
1,positive,6,47,2,0,0.000000,0
1,positive,6,48,0,0,0.000000,0
1,positive,6,49,0,0,0.000000,0
1,positive,7,0,2,0,0.000000,0
1,positive,7,1,2,0,0.000000,0
1,positive,7,2,0,0,0.000000,0
1,positive,7,3,2,0,0.000000,0
1,positive,7,4,2,0,0.000000,0
1,positive,7,5,2,0,0.000000,0
1,positive,7,6,2,0,0.000000,0
1,positive,7,7,2,0,0.000000,0
1,positive,7,8,2,0,0.000000,0
1,positive,7,9,2,0,0.000000,0
1,positive,7,10,2,0,0.000000,0
1,positive,7,11,2,0,0.000000,0
1,positive,7,12,0,0,0.000000,0
1,positive,7,13,2,0,0.000000,0
1,positive,7,14,0,0,0.000000,0
1,positive,7,15,2,0,0.000000,0
1,positive,7,16,0,0,0.000000,0
1,positive,7,17,2,0,0.000000,0
1,positive,7,18,0,0,0.000000,0
1,positive,7,19,2,0,0.000000,0
1,positive,7,20,2,0,0.000000,0
1,positive,7,21,2,0,0.000000,0
1,positive,7,22,2,0,0.000000,0
1,positive,7,23,0,0,0.000000,0
1,positive,7,24,2,0,0.000000,0
1,positive,7,25,2,0,0.000000,0
1,positive,7,26,2,0,0.000000,0
1,positive,7,27,2,0,0.000000,0
1,positive,7,28,2,0,0.000000,0
1,positive,7,29,0,0,0.000000,0
1,positive,7,30,2,0,0.000000,0
1,positive,7,31,2,0,0.000000,0
1,positive,7,32,0,0,0.000000,0
1,positive,7,33,0,0,0.000000,0
1,positive,7,34,2,0,0.000000,0
1,positive,7,35,0,0,0.000000,0
1,positive,7,36,2,0,0.000000,0
1,positive,7,37,2,0,0.000000,0
1,positive,7,38,0,0,0.000000,0
1,positive,7,39,2,0,0.000000,0
1,positive,7,40,2,0,0.000000,0
1,positive,7,41,2,0,0.000000,0
1,positive,7,42,2,0,0.000000,0
1,positive,7,43,0,0,0.000000,0
1,positive,7,44,2,0,0.000000,0
1,positive,7,45,2,0,0.000000,0
1,positive,7,46,2,0,0.000000,0
1,positive,7,47,0,0,0.000000,0
1,positive,7,48,2,0,0.000000,0
1,positive,7,49,0,0,0.000000,0
1,positive,8,0,2,0,0.000000,0
1,positive,8,1,2,0,0.000000,0
1,positive,8,2,2,0,0.000000,0
1,positive,8,3,2,0,0.000000,0
1,positive,8,4,2,0,0.000000,0
1,positive,8,5,2,0,0.000000,0
1,positive,8,6,2,0,0.000000,0
1,positive,8,7,2,0,0.000000,0
1,positive,8,8,0,0,0.000000,0
1,positive,8,9,2,0,0.000000,0
1,positive,8,10,2,0,0.000000,0
1,positive,8,11,2,0,0.000000,0
1,positive,8,12,2,0,0.000000,0
1,positive,8,13,0,0,0.000000,0
1,positive,8,14,2,0,0.000000,0
1,positive,8,15,2,0,0.000000,0
1,positive,8,16,2,0,0.000000,0
1,positive,8,17,2,0,0.000000,0
1,positive,8,18,2,0,0.000000,0
1,positive,8,19,2,0,0.000000,0
1,positive,8,20,2,0,0.000000,0
1,positive,8,21,0,0,0.000000,0
1,positive,8,22,2,0,0.000000,0
1,positive,8,23,2,0,0.000000,0
1,positive,8,24,2,0,0.000000,0
1,positive,8,25,2,0,0.000000,0
1,positive,8,26,0,0,0.000000,0
1,positive,8,27,2,0,0.000000,0
1,positive,8,28,2,0,0.000000,0
1,positive,8,29,2,0,0.000000,0
1,positive,8,30,2,0,0.000000,0
1,positive,8,31,2,0,0.000000,0
1,positive,8,32,2,0,0.000000,0
1,positive,8,33,2,0,0.000000,0
1,positive,8,34,2,0,0.000000,0
1,positive,8,35,2,0,0.000000,0
1,positive,8,36,2,0,0.000000,0
1,positive,8,37,2,0,0.000000,0
1,positive,8,38,2,0,0.000000,0
1,positive,8,39,2,0,0.000000,0
1,positive,8,40,2,0,0.000000,0
1,positive,8,41,2,0,0.000000,0
1,positive,8,42,2,0,0.000000,0
1,positive,8,43,2,0,0.000000,0
1,positive,8,44,2,0,0.000000,0
1,positive,8,45,0,0,0.000000,0
1,positive,8,46,2,0,0.000000,0
1,positive,8,47,2,0,0.000000,0
1,positive,8,48,0,0,0.000000,0
1,positive,8,49,2,0,0.000000,0
1,positive,9,0,0,0,0.000000,0
1,positive,9,1,0,0,0.000000,0
1,positive,9,2,2,0,0.000000,0
1,positive,9,3,2,0,0.000000,0
1,positive,9,4,2,0,0.000000,0
1,positive,9,5,0,0,0.000000,0
1,positive,9,6,2,0,0.000000,0
1,positive,9,7,0,0,0.000000,0
1,positive,9,8,2,0,0.000000,0
1,positive,9,9,2,0,0.000000,0
1,positive,9,10,2,0,0.000000,0
1,positive,9,11,2,0,0.000000,0
1,positive,9,12,2,0,0.000000,0
1,positive,9,13,2,0,0.000000,0
1,positive,9,14,2,0,0.000000,0
1,positive,9,15,2,0,0.000000,0
1,positive,9,16,0,0,0.000000,0
1,positive,9,17,2,0,0.000000,0
1,positive,9,18,2,0,0.000000,0
1,positive,9,19,2,0,0.000000,0
1,positive,9,20,0,0,0.000000,0
1,positive,9,21,2,0,0.000000,0
1,positive,9,22,2,0,0.000000,0
1,positive,9,23,2,0,0.000000,0
1,positive,9,24,2,0,0.000000,0
1,positive,9,25,2,0,0.000000,0
1,positive,9,26,2,0,0.000000,0
1,positive,9,27,2,0,0.000000,0
1,positive,9,28,2,0,0.000000,0
1,positive,9,29,2,0,0.000000,0
1,positive,9,30,2,0,0.000000,0
1,positive,9,31,0,0,0.000000,0
1,positive,9,32,2,0,0.000000,0
1,positive,9,33,2,0,0.000000,0
1,positive,9,34,0,0,0.000000,0
1,positive,9,35,2,0,0.000000,0
1,positive,9,36,0,0,0.000000,0
1,positive,9,37,2,0,0.000000,0
1,positive,9,38,0,0,0.000000,0
1,positive,9,39,2,0,0.000000,0
1,positive,9,40,0,0,0.000000,0
1,positive,9,41,0,0,0.000000,0
1,positive,9,42,0,0,0.000000,0
1,positive,9,43,2,0,0.000000,0
1,positive,9,44,2,0,0.000000,0
1,positive,9,45,2,0,0.000000,0
1,positive,9,46,2,0,0.000000,0
1,positive,9,47,0,0,0.000000,0
1,positive,9,48,2,0,0.000000,0
1,positive,9,49,2,0,0.000000,0
1,positive,10,0,2,0,0.000000,0
1,positive,10,1,2,0,0.000000,0
1,positive,10,2,0,0,0.000000,0
1,positive,10,3,2,0,0.000000,0
1,positive,10,4,2,0,0.000000,0
1,positive,10,5,0,0,0.000000,0
1,positive,10,6,2,0,0.000000,0
1,positive,10,7,0,0,0.000000,0
1,positive,10,8,2,0,0.000000,0
1,positive,10,9,2,0,0.000000,0
1,positive,10,10,2,0,0.000000,0
1,positive,10,11,2,0,0.000000,0
1,positive,10,12,2,0,0.000000,0
1,positive,10,13,0,0,0.000000,0
1,positive,10,14,2,0,0.000000,0
1,positive,10,15,0,0,0.000000,0
1,positive,10,16,2,0,0.000000,0
1,positive,10,17,2,0,0.000000,0
1,positive,10,18,2,0,0.000000,0
1,positive,10,19,2,0,0.000000,0
1,positive,10,20,2,0,0.000000,0
1,positive,10,21,2,0,0.000000,0
1,positive,10,22,2,0,0.000000,0
1,positive,10,23,2,0,0.000000,0
1,positive,10,24,2,0,0.000000,0
1,positive,10,25,2,0,0.000000,0
1,positive,10,26,0,0,0.000000,0
1,positive,10,27,0,0,0.000000,0
1,positive,10,28,2,0,0.000000,0
1,positive,10,29,2,0,0.000000,0
1,positive,10,30,2,0,0.000000,0
1,positive,10,31,2,0,0.000000,0
1,positive,10,32,2,0,0.000000,0
1,positive,10,33,2,0,0.000000,0
1,positive,10,34,2,0,0.000000,0
1,positive,10,35,2,0,0.000000,0
1,positive,10,36,2,0,0.000000,0
1,positive,10,37,2,0,0.000000,0
1,positive,10,38,2,0,0.000000,0
1,positive,10,39,2,0,0.000000,0
1,positive,10,40,2,0,0.000000,0
1,positive,10,41,2,0,0.000000,0
1,positive,10,42,0,0,0.000000,0
1,positive,10,43,2,0,0.000000,0
1,positive,10,44,0,0,0.000000,0
1,positive,10,45,2,0,0.000000,0
1,positive,10,46,0,0,0.000000,0
1,positive,10,47,0,0,0.000000,0
1,positive,10,48,2,0,0.000000,0
1,positive,10,49,2,0,0.000000,0
1,positive,11,0,2,0,0.000000,0
1,positive,11,1,0,0,0.000000,0
1,positive,11,2,2,0,0.000000,0
1,positive,11,3,2,0,0.000000,0
1,positive,11,4,2,0,0.000000,0
1,positive,11,5,2,0,0.000000,0
1,positive,11,6,2,0,0.000000,0
1,positive,11,7,2,0,0.000000,0
1,positive,11,8,2,0,0.000000,0
1,positive,11,9,2,0,0.000000,0
1,positive,11,10,2,0,0.000000,0
1,positive,11,11,2,0,0.000000,0
1,positive,11,12,2,0,0.000000,0
1,positive,11,13,2,0,0.000000,0
1,positive,11,14,2,0,0.000000,0
1,positive,11,15,2,0,0.000000,0
1,positive,11,16,2,0,0.000000,0
1,positive,11,17,2,0,0.000000,0
1,positive,11,18,2,0,0.000000,0
1,positive,11,19,0,0,0.000000,0
1,positive,11,20,2,0,0.000000,0
1,positive,11,21,0,0,0.000000,0
1,positive,11,22,2,0,0.000000,0
1,positive,11,23,0,0,0.000000,0
1,positive,11,24,0,0,0.000000,0
1,positive,11,25,2,0,0.000000,0
1,positive,11,26,0,0,0.000000,0
1,positive,11,27,0,0,0.000000,0
1,positive,11,28,2,0,0.000000,0
1,positive,11,29,2,0,0.000000,0
1,positive,11,30,2,0,0.000000,0
1,positive,11,31,2,0,0.000000,0
1,positive,11,32,2,0,0.000000,0
1,positive,11,33,2,0,0.000000,0
1,positive,11,34,0,0,0.000000,0
1,positive,11,35,2,0,0.000000,0
1,positive,11,36,2,0,0.000000,0
1,positive,11,37,2,0,0.000000,0
1,positive,11,38,0,0,0.000000,0
1,positive,11,39,2,0,0.000000,0
1,positive,11,40,2,0,0.000000,0
1,positive,11,41,2,0,0.000000,0
1,positive,11,42,2,0,0.000000,0
1,positive,11,43,0,0,0.000000,0
1,positive,11,44,2,0,0.000000,0
1,positive,11,45,0,0,0.000000,0
1,positive,11,46,2,0,0.000000,0
1,positive,11,47,2,0,0.000000,0
1,positive,11,48,2,0,0.000000,0
1,positive,11,49,2,0,0.000000,0
1,positive,12,0,2,0,0.000000,0
1,positive,12,1,2,0,0.000000,0
1,positive,12,2,0,0,0.000000,0
1,positive,12,3,2,0,0.000000,0
1,positive,12,4,2,0,0.000000,0
1,positive,12,5,0,0,0.000000,0
1,positive,12,6,2,0,0.000000,0
1,positive,12,7,0,0,0.000000,0
1,positive,12,8,2,0,0.000000,0
1,positive,12,9,2,0,0.000000,0
1,positive,12,10,0,0,0.000000,0
1,positive,12,11,2,0,0.000000,0
1,positive,12,12,2,0,0.000000,0
1,positive,12,13,0,0,0.000000,0
1,positive,12,14,0,0,0.000000,0
1,positive,12,15,2,0,0.000000,0
1,positive,12,16,2,0,0.000000,0
1,positive,12,17,2,0,0.000000,0
1,positive,12,18,2,0,0.000000,0
1,positive,12,19,2,0,0.000000,0
1,positive,12,20,2,0,0.000000,0
1,positive,12,21,2,0,0.000000,0
1,positive,12,22,2,0,0.000000,0
1,positive,12,23,2,0,0.000000,0
1,positive,12,24,2,0,0.000000,0
1,positive,12,25,2,0,0.000000,0
1,positive,12,26,0,0,0.000000,0
1,positive,12,27,2,0,0.000000,0
1,positive,12,28,0,0,0.000000,0
1,positive,12,29,2,0,0.000000,0
1,positive,12,30,2,0,0.000000,0
1,positive,12,31,2,0,0.000000,0
1,positive,12,32,2,0,0.000000,0
1,positive,12,33,2,0,0.000000,0
1,positive,12,34,2,0,0.000000,0
1,positive,12,35,2,0,0.000000,0
1,positive,12,36,2,0,0.000000,0
1,positive,12,37,2,0,0.000000,0
1,positive,12,38,2,0,0.000000,0
1,positive,12,39,0,0,0.000000,0
1,positive,12,40,2,0,0.000000,0
1,positive,12,41,0,0,0.000000,0
1,positive,12,42,2,0,0.000000,0
1,positive,12,43,2,0,0.000000,0
1,positive,12,44,0,0,0.000000,0
1,positive,12,45,2,0,0.000000,0
1,positive,12,46,2,0,0.000000,0
1,positive,12,47,2,0,0.000000,0
1,positive,12,48,0,0,0.000000,0
1,positive,12,49,0,0,0.000000,0
1,positive,13,0,0,0,0.000000,0
1,positive,13,1,2,0,0.000000,0
1,positive,13,2,2,0,0.000000,0
1,positive,13,3,2,0,0.000000,0
1,positive,13,4,2,0,0.000000,0
1,positive,13,5,2,0,0.000000,0
1,positive,13,6,0,0,0.000000,0
1,positive,13,7,2,0,0.000000,0
1,positive,13,8,2,0,0.000000,0
1,positive,13,9,2,0,0.000000,0
1,positive,13,10,2,0,0.000000,0
1,positive,13,11,2,0,0.000000,0
1,positive,13,12,0,0,0.000000,0
1,positive,13,13,2,0,0.000000,0
1,positive,13,14,2,0,0.000000,0
1,positive,13,15,2,0,0.000000,0
1,positive,13,16,2,0,0.000000,0
1,positive,13,17,2,0,0.000000,0
1,positive,13,18,2,0,0.000000,0
1,positive,13,19,2,0,0.000000,0
1,positive,13,20,2,0,0.000000,0
1,positive,13,21,2,0,0.000000,0
1,positive,13,22,2,0,0.000000,0
1,positive,13,23,2,0,0.000000,0
1,positive,13,24,2,0,0.000000,0
1,positive,13,25,2,0,0.000000,0
1,positive,13,26,2,0,0.000000,0
1,positive,13,27,0,0,0.000000,0
1,positive,13,28,2,0,0.000000,0
1,positive,13,29,0,0,0.000000,0
1,positive,13,30,2,0,0.000000,0
1,positive,13,31,2,0,0.000000,0
1,positive,13,32,2,0,0.000000,0
1,positive,13,33,2,0,0.000000,0
1,positive,13,34,2,0,0.000000,0
1,positive,13,35,2,0,0.000000,0
1,positive,13,36,2,0,0.000000,0
1,positive,13,37,0,0,0.000000,0
1,positive,13,38,2,0,0.000000,0
1,positive,13,39,2,0,0.000000,0
1,positive,13,40,2,0,0.000000,0
1,positive,13,41,2,0,0.000000,0
1,positive,13,42,2,0,0.000000,0
1,positive,13,43,2,0,0.000000,0
1,positive,13,44,2,0,0.000000,0
1,positive,13,45,2,0,0.000000,0
1,positive,13,46,2,0,0.000000,0
1,positive,13,47,2,0,0.000000,0
1,positive,13,48,0,0,0.000000,0
1,positive,13,49,0,0,0.000000,0
1,positive,14,0,2,0,0.000000,0
1,positive,14,1,2,0,0.000000,0
1,positive,14,2,0,0,0.000000,0
1,positive,14,3,0,0,0.000000,0
1,positive,14,4,2,0,0.000000,0
1,positive,14,5,0,0,0.000000,0
1,positive,14,6,0,0,0.000000,0
1,positive,14,7,2,0,0.000000,0
1,positive,14,8,2,0,0.000000,0
1,positive,14,9,2,0,0.000000,0
1,positive,14,10,2,0,0.000000,0
1,positive,14,11,2,0,0.000000,0
1,positive,14,12,0,0,0.000000,0
1,positive,14,13,2,0,0.000000,0
1,positive,14,14,2,0,0.000000,0
1,positive,14,15,2,0,0.000000,0
1,positive,14,16,0,0,0.000000,0
1,positive,14,17,2,0,0.000000,0
1,positive,14,18,2,0,0.000000,0
1,positive,14,19,0,0,0.000000,0
1,positive,14,20,0,0,0.000000,0
1,positive,14,21,2,0,0.000000,0
1,positive,14,22,2,0,0.000000,0
1,positive,14,23,2,0,0.000000,0
1,positive,14,24,2,0,0.000000,0
1,positive,14,25,2,0,0.000000,0
1,positive,14,26,2,0,0.000000,0
1,positive,14,27,2,0,0.000000,0
1,positive,14,28,2,0,0.000000,0
1,positive,14,29,2,0,0.000000,0
1,positive,14,30,2,0,0.000000,0
1,positive,14,31,2,0,0.000000,0
1,positive,14,32,0,0,0.000000,0
1,positive,14,33,2,0,0.000000,0
1,positive,14,34,2,0,0.000000,0
1,positive,14,35,2,0,0.000000,0
1,positive,14,36,0,0,0.000000,0
1,positive,14,37,2,0,0.000000,0
1,positive,14,38,2,0,0.000000,0
1,positive,14,39,2,0,0.000000,0
1,positive,14,40,2,0,0.000000,0
1,positive,14,41,0,0,0.000000,0
1,positive,14,42,0,0,0.000000,0
1,positive,14,43,2,0,0.000000,0
1,positive,14,44,0,0,0.000000,0
1,positive,14,45,2,0,0.000000,0
1,positive,14,46,2,0,0.000000,0
1,positive,14,47,2,0,0.000000,0
1,positive,14,48,0,0,0.000000,0
1,positive,14,49,2,0,0.000000,0
1,positive,15,0,2,0,0.000000,0
1,positive,15,1,2,0,0.000000,0
1,positive,15,2,0,0,0.000000,0
1,positive,15,3,2,0,0.000000,0
1,positive,15,4,2,0,0.000000,0
1,positive,15,5,2,0,0.000000,0
1,positive,15,6,2,0,0.000000,0
1,positive,15,7,2,0,0.000000,0
1,positive,15,8,2,0,0.000000,0
1,positive,15,9,2,0,0.000000,0
1,positive,15,10,0,0,0.000000,0
1,positive,15,11,2,0,0.000000,0
1,positive,15,12,2,0,0.000000,0
1,positive,15,13,2,0,0.000000,0
1,positive,15,14,2,0,0.000000,0
1,positive,15,15,2,0,0.000000,0
1,positive,15,16,2,0,0.000000,0
1,positive,15,17,0,0,0.000000,0
1,positive,15,18,2,0,0.000000,0
1,positive,15,19,2,0,0.000000,0
1,positive,15,20,2,0,0.000000,0
1,positive,15,21,2,0,0.000000,0
1,positive,15,22,0,0,0.000000,0
1,positive,15,23,2,0,0.000000,0
1,positive,15,24,0,0,0.000000,0
1,positive,15,25,2,0,0.000000,0
1,positive,15,26,2,0,0.000000,0
1,positive,15,27,2,0,0.000000,0
1,positive,15,28,0,0,0.000000,0
1,positive,15,29,2,0,0.000000,0
1,positive,15,30,2,0,0.000000,0
1,positive,15,31,2,0,0.000000,0
1,positive,15,32,2,0,0.000000,0
1,positive,15,33,2,0,0.000000,0
1,positive,15,34,2,0,0.000000,0
1,positive,15,35,0,0,0.000000,0
1,positive,15,36,2,0,0.000000,0
1,positive,15,37,2,0,0.000000,0
1,positive,15,38,2,0,0.000000,0
1,positive,15,39,2,0,0.000000,0
1,positive,15,40,2,0,0.000000,0
1,positive,15,41,0,0,0.000000,0
1,positive,15,42,2,0,0.000000,0
1,positive,15,43,2,0,0.000000,0
1,positive,15,44,2,0,0.000000,0
1,positive,15,45,2,0,0.000000,0
1,positive,15,46,2,0,0.000000,0
1,positive,15,47,2,0,0.000000,0
1,positive,15,48,2,0,0.000000,0
1,positive,15,49,0,0,0.000000,0
1,positive,16,0,2,0,0.000000,0
1,positive,16,1,2,0,0.000000,0
1,positive,16,2,2,0,0.000000,0
1,positive,16,3,0,0,0.000000,0
1,positive,16,4,2,0,0.000000,0
1,positive,16,5,0,0,0.000000,0
1,positive,16,6,2,0,0.000000,0
1,positive,16,7,2,0,0.000000,0
1,positive,16,8,2,0,0.000000,0
1,positive,16,9,2,0,0.000000,0
1,positive,16,10,2,0,0.000000,0
1,positive,16,11,2,0,0.000000,0
1,positive,16,12,0,0,0.000000,0
1,positive,16,13,2,0,0.000000,0
1,positive,16,14,2,0,0.000000,0
1,positive,16,15,0,0,0.000000,0
1,positive,16,16,0,0,0.000000,0
1,positive,16,17,0,0,0.000000,0
1,positive,16,18,2,0,0.000000,0
1,positive,16,19,0,0,0.000000,0
1,positive,16,20,2,0,0.000000,0
1,positive,16,21,2,0,0.000000,0
1,positive,16,22,2,0,0.000000,0
1,positive,16,23,2,0,0.000000,0
1,positive,16,24,2,0,0.000000,0
1,positive,16,25,2,0,0.000000,0
1,positive,16,26,2,0,0.000000,0
1,positive,16,27,0,0,0.000000,0
1,positive,16,28,2,0,0.000000,0
1,positive,16,29,2,0,0.000000,0
1,positive,16,30,2,0,0.000000,0
1,positive,16,31,2,0,0.000000,0
1,positive,16,32,2,0,0.000000,0
1,positive,16,33,2,0,0.000000,0
1,positive,16,34,0,0,0.000000,0
1,positive,16,35,0,0,0.000000,0
1,positive,16,36,2,0,0.000000,0
1,positive,16,37,0,0,0.000000,0
1,positive,16,38,2,0,0.000000,0
1,positive,16,39,0,0,0.000000,0
1,positive,16,40,2,0,0.000000,0
1,positive,16,41,2,0,0.000000,0
1,positive,16,42,2,0,0.000000,0
1,positive,16,43,0,0,0.000000,0
1,positive,16,44,2,0,0.000000,0
1,positive,16,45,2,0,0.000000,0
1,positive,16,46,2,0,0.000000,0
1,positive,16,47,0,0,0.000000,0
1,positive,16,48,2,0,0.000000,0
1,positive,16,49,2,0,0.000000,0
1,positive,17,0,0,0,0.000000,0
1,positive,17,1,2,0,0.000000,0
1,positive,17,2,0,0,0.000000,0
1,positive,17,3,0,0,0.000000,0
1,positive,17,4,2,0,0.000000,0
1,positive,17,5,2,0,0.000000,0
1,positive,17,6,2,0,0.000000,0
1,positive,17,7,2,0,0.000000,0
1,positive,17,8,2,1,1.000000,1
1,positive,17,9,2,0,0.000000,0
1,positive,17,10,0,0,0.000000,0
1,positive,17,11,2,0,0.000000,0
1,positive,17,12,2,0,0.000000,0
1,positive,17,13,0,0,0.000000,0
1,positive,17,14,2,0,0.000000,0
1,positive,17,15,2,0,0.000000,0
1,positive,17,16,2,0,0.000000,0
1,positive,17,17,2,0,0.000000,0
1,positive,17,18,2,0,0.000000,0
1,positive,17,19,2,0,0.000000,0
1,positive,17,20,2,0,0.000000,0
1,positive,17,21,2,0,0.000000,0
1,positive,17,22,0,0,0.000000,0
1,positive,17,23,2,0,0.000000,0
1,positive,17,24,0,0,0.000000,0
1,positive,17,25,2,0,0.000000,0
1,positive,17,26,2,0,0.000000,0
1,positive,17,27,2,0,0.000000,0
1,positive,17,28,2,0,0.000000,0
1,positive,17,29,2,0,0.000000,0
1,positive,17,30,2,0,0.000000,0
1,positive,17,31,2,0,0.000000,0
1,positive,17,32,2,0,0.000000,0
1,positive,17,33,0,0,0.000000,0
1,positive,17,34,2,0,0.000000,0
1,positive,17,35,2,0,0.000000,0
1,positive,17,36,2,0,0.000000,0
1,positive,17,37,2,0,0.000000,0
1,positive,17,38,2,0,0.000000,0
1,positive,17,39,0,0,0.000000,0
1,positive,17,40,2,0,0.000000,0
1,positive,17,41,2,0,0.000000,0
1,positive,17,42,2,0,0.000000,0
1,positive,17,43,2,0,0.000000,0
1,positive,17,44,2,0,0.000000,0
1,positive,17,45,2,0,0.000000,0
1,positive,17,46,2,0,0.000000,0
1,positive,17,47,0,0,0.000000,0
1,positive,17,48,2,0,0.000000,0
1,positive,17,49,0,0,0.000000,0
1,positive,18,0,2,0,0.000000,0
1,positive,18,1,2,0,0.000000,0
1,positive,18,2,2,0,0.000000,0
1,positive,18,3,0,0,0.000000,0
1,positive,18,4,0,0,0.000000,0
1,positive,18,5,2,0,0.000000,0
1,positive,18,6,2,0,0.000000,0
1,positive,18,7,2,0,0.000000,0
1,positive,18,8,2,1,1.000000,1
1,positive,18,9,0,0,0.000000,0
1,positive,18,10,2,0,0.000000,0
1,positive,18,11,2,0,0.000000,0
1,positive,18,12,2,0,0.000000,0
1,positive,18,13,2,0,0.000000,0
1,positive,18,14,2,0,0.000000,0
1,positive,18,15,2,0,0.000000,0
1,positive,18,16,0,0,0.000000,0
1,positive,18,17,2,0,0.000000,0
1,positive,18,18,2,0,0.000000,0
1,positive,18,19,0,0,0.000000,0
1,positive,18,20,0,0,0.000000,0
1,positive,18,21,2,0,0.000000,0
1,positive,18,22,2,0,0.000000,0
1,positive,18,23,2,0,0.000000,0
1,positive,18,24,2,0,0.000000,0
1,positive,18,25,2,0,0.000000,0
1,positive,18,26,0,0,0.000000,0
1,positive,18,27,2,0,0.000000,0
1,positive,18,28,2,0,0.000000,0
1,positive,18,29,2,0,0.000000,0
1,positive,18,30,2,0,0.000000,0
1,positive,18,31,2,0,0.000000,0
1,positive,18,32,2,0,0.000000,0
1,positive,18,33,2,0,0.000000,0
1,positive,18,34,2,0,0.000000,0
1,positive,18,35,2,0,0.000000,0
1,positive,18,36,2,0,0.000000,0
1,positive,18,37,0,0,0.000000,0
1,positive,18,38,0,0,0.000000,0
1,positive,18,39,0,0,0.000000,0
1,positive,18,40,2,0,0.000000,0
1,positive,18,41,2,0,0.000000,0
1,positive,18,42,0,0,0.000000,0
1,positive,18,43,2,0,0.000000,0
1,positive,18,44,2,0,0.000000,0
1,positive,18,45,0,0,0.000000,0
1,positive,18,46,0,0,0.000000,0
1,positive,18,47,2,0,0.000000,0
1,positive,18,48,2,0,0.000000,0
1,positive,18,49,2,0,0.000000,0
1,positive,19,0,0,0,0.000000,0
1,positive,19,1,2,0,0.000000,0
1,positive,19,2,2,0,0.000000,0
1,positive,19,3,2,0,0.000000,0
1,positive,19,4,2,0,0.000000,0
1,positive,19,5,2,0,0.000000,0
1,positive,19,6,2,0,0.000000,0
1,positive,19,7,2,0,0.000000,0
1,positive,19,8,2,1,1.000000,1
1,positive,19,9,2,1,1.000000,1
1,positive,19,10,2,1,1.000000,1
1,positive,19,11,2,1,1.000000,1
1,positive,19,12,2,1,1.000000,1
1,positive,19,13,2,1,1.000000,1
1,positive,19,14,2,0,0.000000,0
1,positive,19,15,2,0,0.000000,0
1,positive,19,16,0,0,0.000000,0
1,positive,19,17,2,0,0.000000,0
1,positive,19,18,2,0,0.000000,0
1,positive,19,19,2,0,0.000000,0
1,positive,19,20,2,0,0.024048,0
1,positive,19,21,2,0,0.000000,0
1,positive,19,22,2,0,0.000123,0
1,positive,19,23,2,0,0.000000,0
1,positive,19,24,2,0,0.000000,0
1,positive,19,25,2,1,1.000000,1
1,positive,19,26,2,1,1.000000,1
1,positive,19,27,2,1,1.000000,1
1,positive,19,28,2,1,1.000000,1
1,positive,19,29,2,1,1.000000,1
1,positive,19,30,0,0,0.000000,0
1,positive,19,31,0,0,0.000000,0
1,positive,19,32,2,0,0.000000,0
1,positive,19,33,2,0,0.000000,0
1,positive,19,34,0,0,0.000000,0
1,positive,19,35,2,0,0.000000,0
1,positive,19,36,0,0,0.000000,0
1,positive,19,37,2,0,0.000000,0
1,positive,19,38,2,0,0.000000,0
1,positive,19,39,2,0,0.000000,0
1,positive,19,40,2,0,0.000000,0
1,positive,19,41,2,0,0.000000,0
1,positive,19,42,2,0,0.000000,0
1,positive,19,43,2,0,0.000000,0
1,positive,19,44,2,0,0.000000,0
1,positive,19,45,2,0,0.000000,0
1,positive,19,46,0,0,0.000000,0
1,positive,19,47,2,0,0.000000,0
1,positive,19,48,2,0,0.000000,0
1,positive,19,49,2,0,0.000000,0
1,positive,20,0,2,0,0.000000,0
1,positive,20,1,2,0,0.000000,0
1,positive,20,2,0,0,0.000000,0
1,positive,20,3,2,0,0.000000,0
1,positive,20,4,2,0,0.000000,0
1,positive,20,5,0,0,0.000000,0
1,positive,20,6,2,0,0.000000,0
1,positive,20,7,2,0,0.000000,0
1,positive,20,8,2,1,1.000000,1
1,positive,20,9,2,0,0.000000,0
1,positive,20,10,2,0,0.000000,0
1,positive,20,11,2,0,0.000000,0
1,positive,20,12,2,0,0.000000,0
1,positive,20,13,2,0,0.000000,0
1,positive,20,14,2,0,0.000000,0
1,positive,20,15,2,0,0.000000,0
1,positive,20,16,2,0,0.000000,0
1,positive,20,17,2,0,0.000000,0
1,positive,20,18,2,0,0.000000,0
1,positive,20,19,0,0,0.000000,0
1,positive,20,20,2,0,0.000000,0
1,positive,20,21,2,0,0.000000,0
1,positive,20,22,2,0,0.000000,0
1,positive,20,23,2,0,0.000000,0
1,positive,20,24,2,0,0.000000,0
1,positive,20,25,2,0,0.000000,0
1,positive,20,26,2,0,0.000000,0
1,positive,20,27,2,0,0.000000,0
1,positive,20,28,2,0,0.000000,0
1,positive,20,29,2,0,0.000000,0
1,positive,20,30,2,0,0.000000,0
1,positive,20,31,2,0,0.000000,0
1,positive,20,32,2,0,0.000000,0
1,positive,20,33,0,0,0.000000,0
1,positive,20,34,2,0,0.000000,0
1,positive,20,35,2,0,0.000000,0
1,positive,20,36,2,0,0.000000,0
1,positive,20,37,2,0,0.000000,0
1,positive,20,38,2,0,0.000000,0
1,positive,20,39,2,0,0.000000,0
1,positive,20,40,0,0,0.000000,0
1,positive,20,41,2,0,0.000000,0
1,positive,20,42,2,0,0.000000,0
1,positive,20,43,2,0,0.000000,0
1,positive,20,44,2,0,0.000000,0
1,positive,20,45,0,0,0.000000,0
1,positive,20,46,2,0,0.000000,0
1,positive,20,47,2,0,0.000000,0
1,positive,20,48,2,0,0.000000,0
1,positive,20,49,2,0,0.000000,0
1,positive,21,0,2,0,0.000000,0
1,positive,21,1,2,0,0.000000,0
1,positive,21,2,2,0,0.000000,0
1,positive,21,3,0,0,0.000000,0
1,positive,21,4,2,0,0.000000,0
1,positive,21,5,2,0,0.000000,0
1,positive,21,6,0,0,0.000000,0
1,positive,21,7,2,0,0.000000,0
1,positive,21,8,2,1,1.000000,1
1,positive,21,9,2,0,0.000000,0
1,positive,21,10,2,0,0.000000,0
1,positive,21,11,2,0,0.000000,0
1,positive,21,12,2,0,0.000000,0
1,positive,21,13,0,0,0.000000,0
1,positive,21,14,2,0,0.000000,0
1,positive,21,15,2,0,0.000000,0
1,positive,21,16,2,0,0.000000,0
1,positive,21,17,2,0,0.000000,0
1,positive,21,18,2,0,0.000000,0
1,positive,21,19,2,0,0.000000,0
1,positive,21,20,0,0,0.000000,0
1,positive,21,21,2,0,0.000000,0
1,positive,21,22,2,0,0.000000,0
1,positive,21,23,2,0,0.000000,0
1,positive,21,24,2,0,0.000000,0
1,positive,21,25,2,0,0.000000,0
1,positive,21,26,2,0,0.000000,0
1,positive,21,27,0,0,0.000000,0
1,positive,21,28,0,0,0.000000,0
1,positive,21,29,2,0,0.000000,0
1,positive,21,30,2,0,0.000000,0
1,positive,21,31,2,0,0.000000,0
1,positive,21,32,2,0,0.000000,0
1,positive,21,33,2,0,0.000000,0
1,positive,21,34,2,0,0.000000,0
1,positive,21,35,2,0,0.000000,0
1,positive,21,36,2,0,0.000000,0
1,positive,21,37,2,0,0.000000,0
1,positive,21,38,2,0,0.000000,0
1,positive,21,39,2,0,0.000000,0
1,positive,21,40,2,0,0.000000,0
1,positive,21,41,2,0,0.000000,0
1,positive,21,42,2,0,0.000000,0
1,positive,21,43,2,0,0.000000,0
1,positive,21,44,0,0,0.000000,0
1,positive,21,45,2,0,0.000000,0
1,positive,21,46,0,0,0.000000,0
1,positive,21,47,2,0,0.000000,0
1,positive,21,48,2,0,0.000000,0
1,positive,21,49,2,0,0.000000,0
1,positive,22,0,2,0,0.000000,0
1,positive,22,1,0,0,0.000000,0
1,positive,22,2,0,0,0.000000,0
1,positive,22,3,0,0,0.000000,0
1,positive,22,4,2,0,0.000000,0
1,positive,22,5,0,0,0.000000,0
1,positive,22,6,2,0,0.000000,0
1,positive,22,7,0,0,0.000000,0
1,positive,22,8,2,0,0.000000,0
1,positive,22,9,2,0,0.000000,0
1,positive,22,10,0,0,0.000000,0
1,positive,22,11,2,0,0.000000,0
1,positive,22,12,2,0,0.000000,0
1,positive,22,13,0,0,0.000000,0
1,positive,22,14,2,0,0.000000,0
1,positive,22,15,2,0,0.000000,0
1,positive,22,16,0,0,0.000000,0
1,positive,22,17,2,0,0.000000,0
1,positive,22,18,2,0,0.000000,0
1,positive,22,19,0,0,0.000000,0
1,positive,22,20,2,0,0.000000,0
1,positive,22,21,0,0,0.000000,0
1,positive,22,22,2,0,0.000000,0
1,positive,22,23,0,0,0.000000,0
1,positive,22,24,2,0,0.000000,0
1,positive,22,25,0,0,0.000000,0
1,positive,22,26,2,0,0.000000,0
1,positive,22,27,2,0,0.000000,0
1,positive,22,28,2,0,0.000000,0
1,positive,22,29,2,0,0.000000,0
1,positive,22,30,2,0,0.000000,0
1,positive,22,31,2,0,0.000000,0
1,positive,22,32,2,0,0.000000,0
1,positive,22,33,2,0,0.000000,0
1,positive,22,34,2,0,0.000000,0
1,positive,22,35,0,0,0.000000,0
1,positive,22,36,2,0,0.000000,0
1,positive,22,37,0,0,0.000000,0
1,positive,22,38,2,0,0.000000,0
1,positive,22,39,2,0,0.000000,0
1,positive,22,40,2,0,0.000000,0
1,positive,22,41,2,0,0.000000,0
1,positive,22,42,2,0,0.000000,0
1,positive,22,43,2,0,0.000000,0
1,positive,22,44,0,0,0.000000,0
1,positive,22,45,2,0,0.000000,0
1,positive,22,46,2,0,0.000000,0
1,positive,22,47,2,0,0.000000,0
1,positive,22,48,2,0,0.000000,0
1,positive,22,49,2,0,0.000000,0
1,positive,23,0,0,0,0.000000,0
1,positive,23,1,2,0,0.000000,0
1,positive,23,2,0,0,0.000000,0
1,positive,23,3,2,0,0.000000,0
1,positive,23,4,2,0,0.000000,0
1,positive,23,5,2,0,0.000000,0
1,positive,23,6,2,0,0.000000,0
1,positive,23,7,2,0,0.000000,0
1,positive,23,8,2,0,0.000000,0
1,positive,23,9,2,0,0.000000,0
1,positive,23,10,2,0,0.000000,0
1,positive,23,11,2,0,0.000000,0
1,positive,23,12,2,0,0.000000,0
1,positive,23,13,2,0,0.000000,0
1,positive,23,14,2,0,0.000000,0
1,positive,23,15,2,0,0.000000,0
1,positive,23,16,2,0,0.000000,0
1,positive,23,17,0,0,0.000000,0
1,positive,23,18,0,0,0.000000,0
1,positive,23,19,2,0,0.000000,0
1,positive,23,20,2,0,0.000000,0
1,positive,23,21,2,0,0.000000,0
1,positive,23,22,2,0,0.000000,0
1,positive,23,23,2,0,0.000000,0
1,positive,23,24,2,0,0.000000,0
1,positive,23,25,2,0,0.000000,0
1,positive,23,26,2,0,0.000000,0
1,positive,23,27,2,0,0.000000,0
1,positive,23,28,2,0,0.000000,0
1,positive,23,29,0,0,0.000000,0
1,positive,23,30,2,0,0.000000,0
1,positive,23,31,0,0,0.000000,0
1,positive,23,32,2,0,0.000000,0
1,positive,23,33,0,0,0.000000,0
1,positive,23,34,2,0,0.000000,0
1,positive,23,35,2,0,0.000000,0
1,positive,23,36,2,0,0.000000,0
1,positive,23,37,2,0,0.000000,0
1,positive,23,38,2,0,0.000000,0
1,positive,23,39,2,0,0.000000,0
1,positive,23,40,2,0,0.000000,0
1,positive,23,41,2,0,0.000000,0
1,positive,23,42,2,0,0.000000,0
1,positive,23,43,0,0,0.000000,0
1,positive,23,44,0,0,0.000000,0
1,positive,23,45,2,0,0.000000,0
1,positive,23,46,2,0,0.000000,0
1,positive,23,47,2,0,0.000000,0
1,positive,23,48,2,0,0.000000,0
1,positive,23,49,2,0,0.000000,0
1,positive,24,0,2,0,0.000000,0
1,positive,24,1,0,0,0.000000,0
1,positive,24,2,2,0,0.000000,0
1,positive,24,3,2,0,0.000000,0
1,positive,24,4,2,1,1.000000,1
1,positive,24,5,2,0,0.000000,0
1,positive,24,6,2,0,0.000000,0
1,positive,24,7,2,0,0.000000,0
1,positive,24,8,0,0,0.000000,0
1,positive,24,9,0,0,0.000000,0
1,positive,24,10,2,0,0.000000,0
1,positive,24,11,2,0,0.000000,0
1,positive,24,12,0,0,0.000000,0
1,positive,24,13,2,0,0.000000,0
1,positive,24,14,0,0,0.000000,0
1,positive,24,15,0,0,0.000000,0
1,positive,24,16,2,0,0.000000,0
1,positive,24,17,2,0,0.000000,0
1,positive,24,18,2,0,0.000000,0
1,positive,24,19,2,0,0.000000,0
1,positive,24,20,0,0,0.000000,0
1,positive,24,21,0,0,0.000000,0
1,positive,24,22,2,0,0.000000,0
1,positive,24,23,2,0,0.000000,0
1,positive,24,24,2,0,0.000000,0
1,positive,24,25,2,0,0.000000,0
1,positive,24,26,2,0,0.000000,0
1,positive,24,27,2,0,0.000000,0
1,positive,24,28,2,0,0.000000,0
1,positive,24,29,2,0,0.000000,0
1,positive,24,30,0,0,0.000000,0
1,positive,24,31,0,0,0.000000,0
1,positive,24,32,2,0,0.000000,0
1,positive,24,33,0,0,0.000000,0
1,positive,24,34,2,0,0.000000,0
1,positive,24,35,0,0,0.000000,0
1,positive,24,36,0,0,0.000000,0
1,positive,24,37,2,0,0.000000,0
1,positive,24,38,2,0,0.000000,0
1,positive,24,39,2,0,0.000000,0
1,positive,24,40,2,0,0.000000,0
1,positive,24,41,2,0,0.000000,0
1,positive,24,42,2,0,0.000000,0
1,positive,24,43,2,0,0.000000,0
1,positive,24,44,2,0,0.000000,0
1,positive,24,45,2,0,0.000000,0
1,positive,24,46,2,0,0.000000,0
1,positive,24,47,0,0,0.000000,0
1,positive,24,48,2,0,0.000000,0
1,positive,24,49,2,0,0.000000,0
1,positive,25,0,2,0,0.000000,0
1,positive,25,1,2,0,0.000000,0
1,positive,25,2,2,0,0.000000,0
1,positive,25,3,2,0,0.000000,0
1,positive,25,4,2,1,1.000000,1
1,positive,25,5,2,0,0.000000,0
1,positive,25,6,0,0,0.000000,0
1,positive,25,7,2,0,0.000000,0
1,positive,25,8,2,0,0.000000,0
1,positive,25,9,2,0,0.000000,0
1,positive,25,10,2,0,0.000000,0
1,positive,25,11,2,0,0.000000,0
1,positive,25,12,2,0,0.000000,0
1,positive,25,13,2,0,0.000000,0
1,positive,25,14,0,0,0.000000,0
1,positive,25,15,2,0,0.000000,0
1,positive,25,16,0,0,0.000000,0
1,positive,25,17,2,0,0.000000,0
1,positive,25,18,2,0,0.000000,0
1,positive,25,19,0,0,0.000000,0
1,positive,25,20,2,0,0.000000,0
1,positive,25,21,2,0,0.000000,0
1,positive,25,22,0,0,0.000000,0
1,positive,25,23,2,0,0.000000,0
1,positive,25,24,2,0,0.000000,0
1,positive,25,25,2,0,0.000000,0
1,positive,25,26,2,0,0.000000,0
1,positive,25,27,2,0,0.000000,0
1,positive,25,28,2,0,0.000000,0
1,positive,25,29,2,0,0.000000,0
1,positive,25,30,0,0,0.000000,0
1,positive,25,31,0,0,0.000000,0
1,positive,25,32,0,0,0.000000,0
1,positive,25,33,2,0,0.000000,0
1,positive,25,34,2,0,0.000000,0
1,positive,25,35,2,0,0.000000,0
1,positive,25,36,2,0,0.000000,0
1,positive,25,37,0,0,0.000000,0
1,positive,25,38,2,0,0.000000,0
1,positive,25,39,0,0,0.000000,0
1,positive,25,40,2,0,0.000000,0
1,positive,25,41,2,0,0.000000,0
1,positive,25,42,2,0,0.000000,0
1,positive,25,43,0,0,0.000000,0
1,positive,25,44,2,0,0.000000,0
1,positive,25,45,2,0,0.000000,0
1,positive,25,46,2,0,0.000000,0
1,positive,25,47,2,0,0.000000,0
1,positive,25,48,2,0,0.000000,0
1,positive,25,49,2,0,0.000000,0
1,positive,26,0,2,0,0.000000,0
1,positive,26,1,2,0,0.000000,0
1,positive,26,2,0,0,0.000000,0
1,positive,26,3,2,0,0.000000,0
1,positive,26,4,2,1,1.000000,1
1,positive,26,5,0,0,0.000000,0
1,positive,26,6,2,0,0.000000,0
1,positive,26,7,2,0,0.000000,0
1,positive,26,8,2,0,0.000000,0
1,positive,26,9,2,0,0.000000,0
1,positive,26,10,2,0,0.000000,0
1,positive,26,11,2,0,0.000000,0
1,positive,26,12,0,0,0.000000,0
1,positive,26,13,2,0,0.000000,0
1,positive,26,14,2,0,0.000000,0
1,positive,26,15,2,0,0.000000,0
1,positive,26,16,2,0,0.000000,0
1,positive,26,17,2,0,0.000000,0
1,positive,26,18,2,0,0.000000,0
1,positive,26,19,2,0,0.000000,0
1,positive,26,20,2,0,0.000000,0
1,positive,26,21,2,0,0.000000,0
1,positive,26,22,2,0,0.000000,0
1,positive,26,23,0,0,0.000000,0
1,positive,26,24,0,0,0.000000,0
1,positive,26,25,2,0,0.000000,0
1,positive,26,26,2,0,0.000000,0
1,positive,26,27,2,0,0.000000,0
1,positive,26,28,2,0,0.000000,0
1,positive,26,29,2,0,0.000000,0
1,positive,26,30,2,0,0.000000,0
1,positive,26,31,2,0,0.000000,0
1,positive,26,32,2,0,0.000000,0
1,positive,26,33,2,0,0.000000,0
1,positive,26,34,2,0,0.000000,0
1,positive,26,35,2,0,0.000000,0
1,positive,26,36,2,0,0.000000,0
1,positive,26,37,2,0,0.000000,0
1,positive,26,38,2,0,0.000000,0
1,positive,26,39,2,0,0.000000,0
1,positive,26,40,2,0,0.000000,0
1,positive,26,41,2,0,0.000000,0
1,positive,26,42,2,0,0.000000,0
1,positive,26,43,0,0,0.000000,0
1,positive,26,44,2,0,0.000000,0
1,positive,26,45,2,0,0.000000,0
1,positive,26,46,0,0,0.000000,0
1,positive,26,47,2,0,0.000000,0
1,positive,26,48,2,0,0.000000,0
1,positive,26,49,2,0,0.000000,0
1,positive,27,0,2,0,0.000000,0
1,positive,27,1,2,0,0.000000,0
1,positive,27,2,2,0,0.000000,0
1,positive,27,3,2,0,0.000000,0
1,positive,27,4,2,1,1.000000,1
1,positive,27,5,0,0,0.000000,0
1,positive,27,6,0,0,0.000000,0
1,positive,27,7,2,0,0.000000,0
1,positive,27,8,2,0,0.000000,0
1,positive,27,9,2,0,0.000000,0
1,positive,27,10,2,0,0.000000,0
1,positive,27,11,2,0,0.000000,0
1,positive,27,12,0,0,0.000000,0
1,positive,27,13,2,0,0.000000,0
1,positive,27,14,2,0,0.000000,0
1,positive,27,15,2,0,0.000000,0
1,positive,27,16,0,0,0.000000,0
1,positive,27,17,2,0,0.000000,0
1,positive,27,18,2,0,0.000000,0
1,positive,27,19,2,0,0.000000,0
1,positive,27,20,2,0,0.000000,0
1,positive,27,21,2,0,0.000000,0
1,positive,27,22,0,0,0.000000,0
1,positive,27,23,2,0,0.000000,0
1,positive,27,24,2,0,0.000000,0
1,positive,27,25,2,0,0.000000,0
1,positive,27,26,2,0,0.000000,0
1,positive,27,27,2,0,0.000000,0
1,positive,27,28,2,0,0.000000,0
1,positive,27,29,2,0,0.000000,0
1,positive,27,30,2,0,0.000000,0
1,positive,27,31,2,0,0.000000,0
1,positive,27,32,2,0,0.000000,0
1,positive,27,33,2,0,0.000000,0
1,positive,27,34,2,0,0.000000,0
1,positive,27,35,2,0,0.000000,0
1,positive,27,36,2,0,0.000000,0
1,positive,27,37,2,0,0.000000,0
1,positive,27,38,2,0,0.000000,0
1,positive,27,39,2,0,0.000000,0
1,positive,27,40,2,0,0.000000,0
1,positive,27,41,2,0,0.000000,0
1,positive,27,42,0,0,0.000000,0
1,positive,27,43,2,0,0.000000,0
1,positive,27,44,2,0,0.000000,0
1,positive,27,45,2,0,0.000000,0
1,positive,27,46,0,0,0.000000,0
1,positive,27,47,2,0,0.000000,0
1,positive,27,48,2,0,0.000000,0
1,positive,27,49,2,0,0.000000,0
1,positive,28,0,2,0,0.000000,0
1,positive,28,1,0,0,0.000000,0
1,positive,28,2,2,0,0.000000,0
1,positive,28,3,2,0,0.000000,0
1,positive,28,4,2,1,1.000000,1
1,positive,28,5,2,0,0.000000,0
1,positive,28,6,2,0,0.000000,0
1,positive,28,7,2,0,0.000000,0
1,positive,28,8,2,0,0.000000,0
1,positive,28,9,2,0,0.000000,0
1,positive,28,10,2,0,0.000000,0
1,positive,28,11,2,0,0.000000,0
1,positive,28,12,0,0,0.000000,0
1,positive,28,13,2,0,0.000000,0
1,positive,28,14,2,0,0.000000,0
1,positive,28,15,2,0,0.000000,0
1,positive,28,16,2,0,0.000000,0
1,positive,28,17,2,0,0.000000,0
1,positive,28,18,2,0,0.000000,0
1,positive,28,19,2,0,0.000000,0
1,positive,28,20,2,0,0.000000,0
1,positive,28,21,0,0,0.000000,0
1,positive,28,22,2,0,0.000000,0
1,positive,28,23,2,0,0.000000,0
1,positive,28,24,2,0,0.000000,0
1,positive,28,25,2,0,0.000000,0
1,positive,28,26,2,0,0.000000,0
1,positive,28,27,2,0,0.000000,0
1,positive,28,28,2,0,0.000000,0
1,positive,28,29,2,0,0.000000,0
1,positive,28,30,2,0,0.000000,0
1,positive,28,31,2,0,0.000000,0
1,positive,28,32,2,0,0.000000,0
1,positive,28,33,2,0,0.000000,0
1,positive,28,34,2,0,0.000000,0
1,positive,28,35,2,0,0.000000,0
1,positive,28,36,0,0,0.000000,0
1,positive,28,37,2,0,0.000000,0
1,positive,28,38,0,0,0.000000,0
1,positive,28,39,0,0,0.000000,0
1,positive,28,40,2,0,0.000000,0
1,positive,28,41,2,0,0.000000,0
1,positive,28,42,2,0,0.000000,0
1,positive,28,43,0,0,0.000000,0
1,positive,28,44,2,0,0.000000,0
1,positive,28,45,2,0,0.000000,0
1,positive,28,46,2,0,0.000000,0
1,positive,28,47,2,0,0.000000,0
1,positive,28,48,2,0,0.000000,0
1,positive,28,49,2,0,0.000000,0
1,positive,29,0,2,0,0.000000,0
1,positive,29,1,2,0,0.000000,0
1,positive,29,2,2,0,0.000000,0
1,positive,29,3,2,0,0.000000,0
1,positive,29,4,0,0,0.000000,0
1,positive,29,5,2,0,0.000000,0
1,positive,29,6,0,0,0.000000,0
1,positive,29,7,2,0,0.000000,0
1,positive,29,8,2,0,0.000000,0
1,positive,29,9,2,0,0.000000,0
1,positive,29,10,0,0,0.000000,0
1,positive,29,11,2,0,0.000000,0
1,positive,29,12,0,0,0.000000,0
1,positive,29,13,0,0,0.000000,0
1,positive,29,14,2,0,0.000000,0
1,positive,29,15,2,0,0.000000,0
1,positive,29,16,2,0,0.000000,0
1,positive,29,17,2,0,0.000000,0
1,positive,29,18,2,0,0.000000,0
1,positive,29,19,2,0,0.000000,0
1,positive,29,20,2,0,0.000000,0
1,positive,29,21,2,0,0.000000,0
1,positive,29,22,2,0,0.000000,0
1,positive,29,23,2,0,0.000000,0
1,positive,29,24,0,0,0.000000,0
1,positive,29,25,2,0,0.000000,0
1,positive,29,26,2,0,0.000000,0
1,positive,29,27,2,0,0.000000,0
1,positive,29,28,0,0,0.000000,0
1,positive,29,29,2,0,0.000000,0
1,positive,29,30,2,0,0.000000,0
1,positive,29,31,2,0,0.000000,0
1,positive,29,32,0,0,0.000000,0
1,positive,29,33,2,0,0.000000,0
1,positive,29,34,2,0,0.000000,0
1,positive,29,35,2,0,0.000000,0
1,positive,29,36,0,0,0.000000,0
1,positive,29,37,0,0,0.000000,0
1,positive,29,38,0,0,0.000000,0
1,positive,29,39,0,0,0.000000,0
1,positive,29,40,2,0,0.000000,0
1,positive,29,41,0,0,0.000000,0
1,positive,29,42,2,0,0.000000,0
1,positive,29,43,2,0,0.000000,0
1,positive,29,44,2,0,0.000000,0
1,positive,29,45,2,0,0.000000,0
1,positive,29,46,2,0,0.000000,0
1,positive,29,47,2,0,0.000000,0
1,positive,29,48,2,0,0.000000,0
1,positive,29,49,2,0,0.000000,0
1,positive,30,0,2,0,0.000000,0
1,positive,30,1,2,0,0.000000,0
1,positive,30,2,2,0,0.000000,0
1,positive,30,3,2,0,0.000000,0
1,positive,30,4,0,0,0.000000,0
1,positive,30,5,2,0,0.000000,0
1,positive,30,6,2,0,0.000000,0
1,positive,30,7,2,0,0.000000,0
1,positive,30,8,2,0,0.000000,0
1,positive,30,9,0,0,0.000000,0
1,positive,30,10,0,0,0.000000,0
1,positive,30,11,0,0,0.000000,0
1,positive,30,12,2,0,0.000000,0
1,positive,30,13,2,0,0.000000,0
1,positive,30,14,2,0,0.000000,0
1,positive,30,15,2,0,0.000000,0
1,positive,30,16,2,0,0.000000,0
1,positive,30,17,2,0,0.000000,0
1,positive,30,18,2,0,0.000000,0
1,positive,30,19,2,0,0.000000,0
1,positive,30,20,0,0,0.000000,0
1,positive,30,21,2,0,0.000000,0
1,positive,30,22,2,0,0.000000,0
1,positive,30,23,2,0,0.000000,0
1,positive,30,24,2,0,0.000000,0
1,positive,30,25,2,0,0.000000,0
1,positive,30,26,0,0,0.000000,0
1,positive,30,27,2,0,0.000000,0
1,positive,30,28,0,0,0.000000,0
1,positive,30,29,2,0,0.000000,0
1,positive,30,30,0,0,0.000000,0
1,positive,30,31,2,0,0.000000,0
1,positive,30,32,2,0,0.000000,0
1,positive,30,33,2,0,0.000000,0
1,positive,30,34,2,0,0.000000,0
1,positive,30,35,0,0,0.000000,0
1,positive,30,36,0,0,0.000000,0
1,positive,30,37,2,0,0.000000,0
1,positive,30,38,2,0,0.000000,0
1,positive,30,39,2,0,0.000000,0
1,positive,30,40,2,0,0.000000,0
1,positive,30,41,2,0,0.000000,0
1,positive,30,42,2,0,0.000000,0
1,positive,30,43,2,0,0.000000,0
1,positive,30,44,2,0,0.000000,0
1,positive,30,45,2,0,0.000000,0
1,positive,30,46,2,0,0.000000,0
1,positive,30,47,2,0,0.000000,0
1,positive,30,48,2,0,0.000000,0
1,positive,30,49,2,0,0.000000,0
1,positive,31,0,2,0,0.000000,0
1,positive,31,1,0,0,0.000000,0
1,positive,31,2,2,0,0.000000,0
1,positive,31,3,0,0,0.000000,0
1,positive,31,4,0,0,0.000000,0
1,positive,31,5,2,0,0.000000,0
1,positive,31,6,2,0,0.000000,0
1,positive,31,7,2,0,0.000000,0
1,positive,31,8,2,0,0.000000,0
1,positive,31,9,2,0,0.000000,0
1,positive,31,10,0,0,0.000000,0
1,positive,31,11,2,0,0.000000,0
1,positive,31,12,0,0,0.000000,0
1,positive,31,13,2,0,0.000000,0
1,positive,31,14,2,0,0.000000,0
1,positive,31,15,2,0,0.000000,0
1,positive,31,16,2,0,0.000000,0
1,positive,31,17,2,0,0.000000,0
1,positive,31,18,2,0,1.000000,1
1,positive,31,19,2,1,1.000000,1
1,positive,31,20,0,0,0.000000,0
1,positive,31,21,2,0,0.000000,0
1,positive,31,22,2,0,0.000000,0
1,positive,31,23,2,0,0.000000,0
1,positive,31,24,2,1,1.000000,1
1,positive,31,25,2,1,1.000000,1
1,positive,31,26,2,1,1.000000,1
1,positive,31,27,2,1,1.000000,1
1,positive,31,28,2,1,1.000000,1
1,positive,31,29,2,0,0.000000,0
1,positive,31,30,2,0,0.000000,0
1,positive,31,31,0,0,0.000000,0
1,positive,31,32,2,0,0.000000,0
1,positive,31,33,2,0,0.000000,0
1,positive,31,34,0,0,0.000000,0
1,positive,31,35,2,0,0.000000,0
1,positive,31,36,0,0,0.000000,0
1,positive,31,37,2,0,0.000000,0
1,positive,31,38,2,0,0.000000,0
1,positive,31,39,2,0,0.000000,0
1,positive,31,40,2,0,0.000000,0
1,positive,31,41,2,0,0.000000,0
1,positive,31,42,2,0,0.000000,0
1,positive,31,43,2,0,0.000000,0
1,positive,31,44,2,0,0.000000,0
1,positive,31,45,2,0,0.000000,0
1,positive,31,46,2,0,0.000000,0
1,positive,31,47,2,0,0.000000,0
1,positive,31,48,2,0,0.000000,0
1,positive,31,49,2,0,0.000000,0
1,positive,32,0,2,0,0.000000,0
1,positive,32,1,2,0,0.000000,0
1,positive,32,2,2,0,0.000000,0
1,positive,32,3,2,0,0.000000,0
1,positive,32,4,0,0,0.000000,0
1,positive,32,5,2,0,0.000000,0
1,positive,32,6,0,0,0.000000,0
1,positive,32,7,2,0,0.000000,0
1,positive,32,8,2,0,0.000000,0
1,positive,32,9,2,0,0.000000,0
1,positive,32,10,2,0,0.000000,0
1,positive,32,11,2,0,0.000000,0
1,positive,32,12,2,0,0.000000,0
1,positive,32,13,2,0,0.000000,0
1,positive,32,14,2,0,0.000000,0
1,positive,32,15,2,0,0.000000,0
1,positive,32,16,0,0,0.000000,0
1,positive,32,17,2,0,0.000000,0
1,positive,32,18,2,0,0.000000,0
1,positive,32,19,2,1,1.000000,1
1,positive,32,20,2,0,0.000000,0
1,positive,32,21,2,0,0.000000,0
1,positive,32,22,2,0,0.000000,0
1,positive,32,23,2,0,0.000000,0
1,positive,32,24,2,0,0.000000,0
1,positive,32,25,2,0,0.000000,0
1,positive,32,26,2,0,0.000000,0
1,positive,32,27,2,0,0.000000,0
1,positive,32,28,2,0,0.000000,0
1,positive,32,29,2,0,0.000000,0
1,positive,32,30,2,0,0.000000,0
1,positive,32,31,2,0,0.000000,0
1,positive,32,32,2,0,0.000000,0
1,positive,32,33,2,0,0.000000,0
1,positive,32,34,2,0,0.000000,0
1,positive,32,35,2,0,0.000000,0
1,positive,32,36,2,0,0.000000,0
1,positive,32,37,2,0,0.000000,0
1,positive,32,38,0,0,0.000000,0
1,positive,32,39,0,0,0.000000,0
1,positive,32,40,2,0,0.000000,0
1,positive,32,41,2,0,0.000000,0
1,positive,32,42,0,0,0.000000,0
1,positive,32,43,2,0,0.000000,0
1,positive,32,44,2,0,0.000000,0
1,positive,32,45,2,0,0.000000,0
1,positive,32,46,2,0,0.000000,0
1,positive,32,47,2,0,0.000000,0
1,positive,32,48,2,0,0.000000,0
1,positive,32,49,2,0,0.000000,0
1,positive,33,0,2,0,0.000000,0
1,positive,33,1,2,0,0.000000,0
1,positive,33,2,2,0,0.000000,0
1,positive,33,3,2,0,0.000000,0
1,positive,33,4,2,0,0.000000,0
1,positive,33,5,2,0,0.000000,0
1,positive,33,6,2,0,0.000000,0
1,positive,33,7,2,0,0.000000,0
1,positive,33,8,2,0,0.000000,0
1,positive,33,9,2,0,0.000000,0
1,positive,33,10,2,0,0.000000,0
1,positive,33,11,2,0,0.000000,0
1,positive,33,12,2,0,0.000000,0
1,positive,33,13,2,0,0.000000,0
1,positive,33,14,2,0,0.000000,0
1,positive,33,15,2,0,0.000000,0
1,positive,33,16,0,0,0.000000,0
1,positive,33,17,0,0,0.000000,0
1,positive,33,18,2,0,0.000000,0
1,positive,33,19,2,1,1.000000,1
1,positive,33,20,2,0,0.000000,0
1,positive,33,21,2,0,0.000000,0
1,positive,33,22,2,0,0.000000,0
1,positive,33,23,2,0,0.000000,0
1,positive,33,24,2,0,0.000000,0
1,positive,33,25,2,0,0.000000,0
1,positive,33,26,0,0,0.000000,0
1,positive,33,27,2,0,0.000000,0
1,positive,33,28,2,0,0.000000,0
1,positive,33,29,2,0,0.000000,0
1,positive,33,30,2,0,0.000000,0
1,positive,33,31,2,0,0.000000,0
1,positive,33,32,2,0,0.000000,0
1,positive,33,33,2,0,0.000000,0
1,positive,33,34,0,0,0.000000,0
1,positive,33,35,2,0,0.000000,0
1,positive,33,36,2,0,0.000000,0
1,positive,33,37,2,0,0.000000,0
1,positive,33,38,2,0,0.000000,0
1,positive,33,39,0,0,0.000000,0
1,positive,33,40,2,0,0.000000,0
1,positive,33,41,2,0,0.000000,0
1,positive,33,42,2,0,0.000000,0
1,positive,33,43,2,0,0.000000,0
1,positive,33,44,0,0,0.000000,0
1,positive,33,45,0,0,0.000000,0
1,positive,33,46,2,0,0.000000,0
1,positive,33,47,2,0,0.000000,0
1,positive,33,48,2,0,0.000000,0
1,positive,33,49,2,0,0.000000,0
1,positive,34,0,2,0,0.000000,0
1,positive,34,1,2,0,0.000000,0
1,positive,34,2,2,0,0.000000,0
1,positive,34,3,2,0,0.000000,0
1,positive,34,4,2,0,0.000000,0
1,positive,34,5,2,0,0.000000,0
1,positive,34,6,2,0,0.000000,0
1,positive,34,7,2,0,0.000000,0
1,positive,34,8,2,0,0.000000,0
1,positive,34,9,2,0,0.000000,0
1,positive,34,10,2,0,0.000000,0
1,positive,34,11,0,0,0.000000,0
1,positive,34,12,2,0,0.000000,0
1,positive,34,13,2,0,0.000000,0
1,positive,34,14,2,0,0.000000,0
1,positive,34,15,2,0,0.000000,0
1,positive,34,16,2,0,0.000000,0
1,positive,34,17,0,0,0.000000,0
1,positive,34,18,2,0,0.000000,0
1,positive,34,19,2,1,1.000000,1
1,positive,34,20,2,0,0.000000,0
1,positive,34,21,2,0,0.000000,0
1,positive,34,22,2,0,0.000000,0
1,positive,34,23,0,0,0.000000,0
1,positive,34,24,2,0,0.000000,0
1,positive,34,25,0,0,0.000000,0
1,positive,34,26,2,0,0.000000,0
1,positive,34,27,2,0,0.000000,0
1,positive,34,28,2,0,0.000000,0
1,positive,34,29,0,0,0.000000,0
1,positive,34,30,2,0,0.000000,0
1,positive,34,31,2,0,0.000000,0
1,positive,34,32,2,0,0.000000,0
1,positive,34,33,2,0,0.000000,0
1,positive,34,34,2,0,0.000000,0
1,positive,34,35,2,0,0.000000,0
1,positive,34,36,2,0,0.000000,0
1,positive,34,37,2,0,0.000000,0
1,positive,34,38,0,0,0.000000,0
1,positive,34,39,2,0,0.000000,0
1,positive,34,40,2,0,0.000000,0
1,positive,34,41,0,0,0.000000,0
1,positive,34,42,2,0,0.000000,0
1,positive,34,43,0,0,0.000000,0
1,positive,34,44,2,0,0.000000,0
1,positive,34,45,2,0,0.000000,0
1,positive,34,46,2,0,0.000000,0
1,positive,34,47,2,0,0.000000,0
1,positive,34,48,2,0,0.000000,0
1,positive,34,49,0,0,0.000000,0
1,positive,35,0,2,0,0.000000,0
1,positive,35,1,0,0,0.000000,0
1,positive,35,2,2,0,0.000000,0
1,positive,35,3,0,0,0.000000,0
1,positive,35,4,0,0,0.000000,0
1,positive,35,5,0,0,0.000000,0
1,positive,35,6,2,0,0.000000,0
1,positive,35,7,2,0,0.000000,0
1,positive,35,8,0,0,0.000000,0
1,positive,35,9,2,0,0.000000,0
1,positive,35,10,0,0,0.000000,0
1,positive,35,11,2,0,0.000000,0
1,positive,35,12,2,0,0.000000,0
1,positive,35,13,0,0,0.000000,0
1,positive,35,14,2,0,0.000000,0
1,positive,35,15,2,0,0.000000,0
1,positive,35,16,2,0,0.000000,0
1,positive,35,17,0,0,0.000000,0
1,positive,35,18,0,0,0.000000,0
1,positive,35,19,2,1,1.000000,1
1,positive,35,20,0,0,0.000000,0
1,positive,35,21,2,0,0.000000,0
1,positive,35,22,2,0,0.000000,0
1,positive,35,23,2,0,0.000000,0
1,positive,35,24,2,0,0.000000,0
1,positive,35,25,0,0,0.000000,0
1,positive,35,26,2,0,0.000000,0
1,positive,35,27,2,0,0.000000,0
1,positive,35,28,0,0,0.000000,0
1,positive,35,29,2,0,0.000000,0
1,positive,35,30,2,0,0.000000,0
1,positive,35,31,2,0,0.000000,0
1,positive,35,32,2,0,0.000000,0
1,positive,35,33,0,0,0.000000,0
1,positive,35,34,0,0,0.000000,0
1,positive,35,35,2,0,0.000000,0
1,positive,35,36,2,0,0.000000,0
1,positive,35,37,2,0,0.000000,0
1,positive,35,38,2,0,0.000000,0
1,positive,35,39,0,0,0.000000,0
1,positive,35,40,2,0,0.000000,0
1,positive,35,41,0,0,0.000000,0
1,positive,35,42,2,0,0.000000,0
1,positive,35,43,0,0,0.000000,0
1,positive,35,44,2,0,0.000000,0
1,positive,35,45,2,0,0.000000,0
1,positive,35,46,2,0,0.000000,0
1,positive,35,47,2,0,0.000000,0
1,positive,35,48,2,0,0.000000,0
1,positive,35,49,2,0,0.000000,0
1,positive,36,0,0,0,0.000000,0
1,positive,36,1,2,0,0.000000,0
1,positive,36,2,2,0,0.000000,0
1,positive,36,3,2,0,0.000000,0
1,positive,36,4,2,0,0.000000,0
1,positive,36,5,0,0,0.000000,0
1,positive,36,6,0,0,0.000000,0
1,positive,36,7,2,0,0.000000,0
1,positive,36,8,2,0,0.000000,0
1,positive,36,9,2,0,0.000000,0
1,positive,36,10,0,0,0.000000,0
1,positive,36,11,0,0,0.000000,0
1,positive,36,12,2,0,0.000000,0
1,positive,36,13,2,0,0.000000,0
1,positive,36,14,2,0,0.000000,0
1,positive,36,15,2,0,0.000000,0
1,positive,36,16,2,0,0.000000,0
1,positive,36,17,2,0,0.000000,0
1,positive,36,18,0,0,0.000000,0
1,positive,36,19,2,0,0.000000,0
1,positive,36,20,2,0,0.000000,0
1,positive,36,21,2,0,0.000000,0
1,positive,36,22,2,0,0.000000,0
1,positive,36,23,0,0,0.000000,0
1,positive,36,24,0,0,0.000000,0
1,positive,36,25,0,0,0.000000,0
1,positive,36,26,2,0,0.000000,0
1,positive,36,27,2,0,0.000000,0
1,positive,36,28,2,0,0.000000,0
1,positive,36,29,2,0,0.000000,0
1,positive,36,30,0,0,0.000000,0
1,positive,36,31,0,0,0.000000,0
1,positive,36,32,2,0,0.000000,0
1,positive,36,33,0,0,0.000000,0
1,positive,36,34,2,0,0.000000,0
1,positive,36,35,0,0,0.000000,0
1,positive,36,36,2,0,0.000000,0
1,positive,36,37,2,0,0.000000,0
1,positive,36,38,2,0,0.000000,0
1,positive,36,39,0,0,0.000000,0
1,positive,36,40,0,0,0.000000,0
1,positive,36,41,2,0,0.000000,0
1,positive,36,42,2,0,0.000000,0
1,positive,36,43,2,0,0.000000,0
1,positive,36,44,2,0,0.000000,0
1,positive,36,45,2,0,0.000000,0
1,positive,36,46,2,0,0.000000,0
1,positive,36,47,2,0,0.000000,0
1,positive,36,48,0,0,0.000000,0
1,positive,36,49,2,0,0.000000,0
1,positive,37,0,0,0,0.000000,0
1,positive,37,1,2,0,0.000000,0
1,positive,37,2,2,0,0.000000,0
1,positive,37,3,0,0,0.000000,0
1,positive,37,4,2,0,0.000000,0
1,positive,37,5,2,0,0.000000,0
1,positive,37,6,2,0,0.000000,0
1,positive,37,7,2,0,0.000000,0
1,positive,37,8,2,0,0.000000,0
1,positive,37,9,0,0,0.000000,0
1,positive,37,10,2,0,0.000000,0
1,positive,37,11,2,0,0.000000,0
1,positive,37,12,2,0,0.000000,0
1,positive,37,13,2,0,0.000000,0
1,positive,37,14,2,0,0.000000,0
1,positive,37,15,2,0,0.000000,0
1,positive,37,16,2,0,0.000000,0
1,positive,37,17,0,0,0.000000,0
1,positive,37,18,2,0,0.000000,0
1,positive,37,19,2,0,0.000000,0
1,positive,37,20,2,0,0.000000,0
1,positive,37,21,2,0,0.000000,0
1,positive,37,22,2,0,0.000000,0
1,positive,37,23,2,0,0.000000,0
1,positive,37,24,0,0,0.000000,0
1,positive,37,25,0,0,0.000000,0
1,positive,37,26,2,0,0.000000,0
1,positive,37,27,2,0,0.000000,0
1,positive,37,28,2,0,0.000000,0
1,positive,37,29,2,0,0.000000,0
1,positive,37,30,2,0,0.000000,0
1,positive,37,31,2,0,0.000000,0
1,positive,37,32,0,0,0.000000,0
1,positive,37,33,2,0,0.000000,0
1,positive,37,34,2,0,0.000000,0
1,positive,37,35,0,0,0.000000,0
1,positive,37,36,2,0,0.000000,0
1,positive,37,37,2,0,0.000000,0
1,positive,37,38,2,0,0.000000,0
1,positive,37,39,2,0,0.000000,0
1,positive,37,40,2,0,0.000000,0
1,positive,37,41,2,0,0.000000,0
1,positive,37,42,0,0,0.000000,0
1,positive,37,43,2,0,0.000000,0
1,positive,37,44,2,0,0.000000,0
1,positive,37,45,2,0,0.000000,0
1,positive,37,46,0,0,0.000000,0
1,positive,37,47,0,0,0.000000,0
1,positive,37,48,2,0,0.000000,0
1,positive,37,49,2,0,0.000000,0
1,positive,38,0,2,0,0.000000,0
1,positive,38,1,2,0,0.000000,0
1,positive,38,2,0,0,0.000000,0
1,positive,38,3,2,0,0.000000,0
1,positive,38,4,2,0,0.000000,0
1,positive,38,5,2,0,0.000000,0
1,positive,38,6,2,0,0.000000,0
1,positive,38,7,0,0,0.000000,0
1,positive,38,8,0,0,0.000000,0
1,positive,38,9,2,0,0.000000,0
1,positive,38,10,2,0,0.000000,0
1,positive,38,11,2,0,0.000000,0
1,positive,38,12,0,0,0.000000,0
1,positive,38,13,0,0,0.000000,0
1,positive,38,14,2,0,0.000000,0
1,positive,38,15,2,0,0.000000,0
1,positive,38,16,2,0,0.000000,0
1,positive,38,17,2,0,0.000000,0
1,positive,38,18,2,0,0.000000,0
1,positive,38,19,2,0,0.000000,0
1,positive,38,20,0,0,0.000000,0
1,positive,38,21,2,0,0.000000,0
1,positive,38,22,2,0,0.000000,0
1,positive,38,23,2,0,0.000000,0
1,positive,38,24,2,0,0.000000,0
1,positive,38,25,2,0,0.000000,0
1,positive,38,26,2,0,0.000000,0
1,positive,38,27,2,0,0.000000,0
1,positive,38,28,2,0,0.000000,0
1,positive,38,29,2,0,0.000000,0
1,positive,38,30,2,0,0.000000,0
1,positive,38,31,2,1,1.000000,1
1,positive,38,32,2,1,1.000000,1
1,positive,38,33,2,1,1.000000,1
1,positive,38,34,2,1,1.000000,1
1,positive,38,35,2,1,1.000000,1
1,positive,38,36,0,0,0.000000,0
1,positive,38,37,2,0,0.000000,0
1,positive,38,38,2,0,0.000000,0
1,positive,38,39,2,0,0.000000,0
1,positive,38,40,0,0,0.000000,0
1,positive,38,41,2,0,0.000000,0
1,positive,38,42,0,0,0.000000,0
1,positive,38,43,0,0,0.000000,0
1,positive,38,44,0,0,0.000000,0
1,positive,38,45,0,0,0.000000,0
1,positive,38,46,2,0,0.000000,0
1,positive,38,47,0,0,0.000000,0
1,positive,38,48,0,0,0.000000,0
1,positive,38,49,2,0,0.000000,0
1,positive,39,0,2,0,0.000000,0
1,positive,39,1,2,0,0.000000,0
1,positive,39,2,0,0,0.000000,0
1,positive,39,3,2,0,0.000000,0
1,positive,39,4,0,0,0.000000,0
1,positive,39,5,2,0,0.000000,0
1,positive,39,6,2,0,0.000000,0
1,positive,39,7,2,0,0.000000,0
1,positive,39,8,2,0,0.000000,0
1,positive,39,9,2,0,0.000000,0
1,positive,39,10,2,0,0.000000,0
1,positive,39,11,2,0,0.000000,0
1,positive,39,12,2,0,0.000000,0
1,positive,39,13,2,0,0.000000,0
1,positive,39,14,2,0,0.000000,0
1,positive,39,15,0,0,0.000000,0
1,positive,39,16,2,0,0.000000,0
1,positive,39,17,2,0,0.000000,0
1,positive,39,18,2,0,0.000000,0
1,positive,39,19,2,0,0.000000,0
1,positive,39,20,2,0,0.000000,0
1,positive,39,21,2,0,0.000000,0
1,positive,39,22,2,0,0.000000,0
1,positive,39,23,2,0,0.000000,0
1,positive,39,24,2,0,0.000000,0
1,positive,39,25,2,0,0.000000,0
1,positive,39,26,2,0,0.000000,0
1,positive,39,27,2,0,0.000000,0
1,positive,39,28,2,0,0.000000,0
1,positive,39,29,2,0,0.000000,0
1,positive,39,30,2,0,0.000000,0
1,positive,39,31,2,0,0.000000,0
1,positive,39,32,2,0,0.000000,0
1,positive,39,33,2,0,0.000000,0
1,positive,39,34,2,0,0.000000,0
1,positive,39,35,2,0,0.000000,0
1,positive,39,36,2,0,0.000000,0
1,positive,39,37,2,0,0.000000,0
1,positive,39,38,2,0,0.000000,0
1,positive,39,39,2,0,0.000000,0
1,positive,39,40,2,0,0.000000,0
1,positive,39,41,2,0,0.000000,0
1,positive,39,42,0,0,0.000000,0
1,positive,39,43,2,0,0.000000,0
1,positive,39,44,0,0,0.000000,0
1,positive,39,45,0,0,0.000000,0
1,positive,39,46,0,0,0.000000,0
1,positive,39,47,2,0,0.000000,0
1,positive,39,48,2,0,0.000000,0
1,positive,39,49,2,0,0.000000,0
1,positive,40,0,2,0,0.000000,0
1,positive,40,1,0,0,0.000000,0
1,positive,40,2,2,0,0.000000,0
1,positive,40,3,0,0,0.000000,0
1,positive,40,4,2,0,0.000000,0
1,positive,40,5,2,0,0.000000,0
1,positive,40,6,2,0,0.000000,0
1,positive,40,7,2,0,0.000000,0
1,positive,40,8,2,0,0.000000,0
1,positive,40,9,2,0,0.000000,0
1,positive,40,10,0,0,0.000000,0
1,positive,40,11,2,0,0.000000,0
1,positive,40,12,2,0,0.000000,0
1,positive,40,13,2,0,0.000000,0
1,positive,40,14,2,0,0.000000,0
1,positive,40,15,2,0,0.000000,0
1,positive,40,16,2,0,0.000000,0
1,positive,40,17,2,0,0.000000,0
1,positive,40,18,2,0,0.000000,0
1,positive,40,19,2,0,0.000000,0
1,positive,40,20,0,0,0.000000,0
1,positive,40,21,2,0,0.000000,0
1,positive,40,22,2,0,0.000000,0
1,positive,40,23,2,0,0.000000,0
1,positive,40,24,2,0,0.000000,0
1,positive,40,25,2,0,0.000000,0
1,positive,40,26,0,0,0.000000,0
1,positive,40,27,0,0,0.000000,0
1,positive,40,28,2,0,0.000000,0
1,positive,40,29,0,0,0.000000,0
1,positive,40,30,2,0,0.000000,0
1,positive,40,31,2,0,0.000000,0
1,positive,40,32,2,0,0.000000,0
1,positive,40,33,2,0,0.000000,0
1,positive,40,34,2,0,0.000000,0
1,positive,40,35,2,0,0.000000,0
1,positive,40,36,2,0,0.000000,0
1,positive,40,37,2,0,0.000000,0
1,positive,40,38,2,0,0.000000,0
1,positive,40,39,2,0,0.000000,0
1,positive,40,40,2,0,0.000000,0
1,positive,40,41,2,0,0.000000,0
1,positive,40,42,2,0,0.000000,0
1,positive,40,43,2,0,0.000000,0
1,positive,40,44,0,0,0.000000,0
1,positive,40,45,2,0,0.000000,0
1,positive,40,46,2,0,0.000000,0
1,positive,40,47,0,0,0.000000,0
1,positive,40,48,2,0,0.000000,0
1,positive,40,49,2,0,0.000000,0
1,positive,41,0,2,0,0.000000,0
1,positive,41,1,2,0,0.000000,0
1,positive,41,2,2,0,0.000000,0
1,positive,41,3,2,0,0.000000,0
1,positive,41,4,0,0,0.000000,0
1,positive,41,5,2,0,0.000000,0
1,positive,41,6,2,0,0.000000,0
1,positive,41,7,2,0,0.000000,0
1,positive,41,8,0,0,0.000000,0
1,positive,41,9,0,0,0.000000,0
1,positive,41,10,2,0,0.000000,0
1,positive,41,11,2,0,0.000000,0
1,positive,41,12,2,0,0.000000,0
1,positive,41,13,2,0,0.000000,0
1,positive,41,14,2,0,0.000000,0
1,positive,41,15,0,0,0.000000,0
1,positive,41,16,2,0,0.000000,0
1,positive,41,17,2,0,0.000000,0
1,positive,41,18,2,0,0.000000,0
1,positive,41,19,2,0,0.000000,0
1,positive,41,20,2,0,0.000000,0
1,positive,41,21,2,0,0.000000,0
1,positive,41,22,2,0,0.000000,0
1,positive,41,23,2,0,0.000000,0
1,positive,41,24,0,0,0.000000,0
1,positive,41,25,2,0,0.000000,0
1,positive,41,26,0,0,0.000000,0
1,positive,41,27,2,0,0.000000,0
1,positive,41,28,2,0,0.000000,0
1,positive,41,29,2,0,0.000000,0
1,positive,41,30,2,0,0.000000,0
1,positive,41,31,2,0,0.000000,0
1,positive,41,32,2,0,0.000000,0
1,positive,41,33,2,0,0.000000,0
1,positive,41,34,2,0,0.000000,0
1,positive,41,35,0,0,0.000000,0
1,positive,41,36,2,0,0.000000,0
1,positive,41,37,2,0,0.000000,0
1,positive,41,38,2,0,0.000000,0
1,positive,41,39,0,0,0.000000,0
1,positive,41,40,2,0,0.000000,0
1,positive,41,41,2,0,0.000000,0
1,positive,41,42,2,0,0.000000,0
1,positive,41,43,2,0,0.000000,0
1,positive,41,44,0,0,0.000000,0
1,positive,41,45,2,0,0.000000,0
1,positive,41,46,0,0,0.000000,0
1,positive,41,47,2,0,0.000000,0
1,positive,41,48,2,0,0.000000,0
1,positive,41,49,0,0,0.000000,0
1,positive,42,0,2,0,0.000000,0
1,positive,42,1,2,0,0.000000,0
1,positive,42,2,2,0,0.000000,0
1,positive,42,3,0,0,0.000000,0
1,positive,42,4,2,0,0.000000,0
1,positive,42,5,2,0,0.000000,0
1,positive,42,6,2,0,0.000000,0
1,positive,42,7,2,0,0.000000,0
1,positive,42,8,2,0,0.000000,0
1,positive,42,9,0,0,0.000000,0
1,positive,42,10,2,0,0.000000,0
1,positive,42,11,0,0,0.000000,0
1,positive,42,12,0,0,0.000000,0
1,positive,42,13,2,0,0.000000,0
1,positive,42,14,0,0,0.000000,0
1,positive,42,15,2,0,0.000000,0
1,positive,42,16,0,0,0.000000,0
1,positive,42,17,0,0,0.000000,0
1,positive,42,18,2,0,0.000000,0
1,positive,42,19,2,0,0.000000,0
1,positive,42,20,2,0,0.000000,0
1,positive,42,21,2,0,0.000000,0
1,positive,42,22,2,0,0.000000,0
1,positive,42,23,2,0,0.000000,0
1,positive,42,24,0,0,0.000000,0
1,positive,42,25,2,0,0.000000,0
1,positive,42,26,0,0,0.000000,0
1,positive,42,27,2,0,0.000000,0
1,positive,42,28,2,0,0.000000,0
1,positive,42,29,2,0,0.000000,0
1,positive,42,30,2,0,0.000000,0
1,positive,42,31,2,0,0.000000,0
1,positive,42,32,2,0,0.000000,0
1,positive,42,33,2,0,0.000000,0
1,positive,42,34,2,0,0.000000,0
1,positive,42,35,2,0,0.000000,0
1,positive,42,36,2,0,0.000000,0
1,positive,42,37,2,0,0.000000,0
1,positive,42,38,2,0,0.000000,0
1,positive,42,39,2,0,0.000000,0
1,positive,42,40,2,0,0.000000,0
1,positive,42,41,0,0,0.000000,0
1,positive,42,42,2,0,0.000000,0
1,positive,42,43,2,0,0.000000,0
1,positive,42,44,2,0,0.000000,0
1,positive,42,45,2,0,0.000000,0
1,positive,42,46,2,0,0.000000,0
1,positive,42,47,2,0,0.000000,0
1,positive,42,48,2,0,0.000000,0
1,positive,42,49,2,0,0.000000,0
1,positive,43,0,2,0,0.000000,0
1,positive,43,1,2,0,0.000000,0
1,positive,43,2,2,0,0.000000,0
1,positive,43,3,2,0,0.000000,0
1,positive,43,4,0,0,0.000000,0
1,positive,43,5,2,0,0.000000,0
1,positive,43,6,0,0,0.000000,0
1,positive,43,7,2,0,0.000000,0
1,positive,43,8,2,0,0.000000,0
1,positive,43,9,2,0,0.000000,0
1,positive,43,10,2,0,0.000000,0
1,positive,43,11,2,0,0.000000,0
1,positive,43,12,2,0,0.000000,0
1,positive,43,13,2,0,0.000000,0
1,positive,43,14,2,0,0.000000,0
1,positive,43,15,2,0,0.000000,0
1,positive,43,16,2,0,0.000000,0
1,positive,43,17,2,0,0.000000,0
1,positive,43,18,2,0,0.000000,0
1,positive,43,19,0,0,0.000000,0
1,positive,43,20,0,0,0.000000,0
1,positive,43,21,2,0,0.000000,0
1,positive,43,22,2,0,0.000000,0
1,positive,43,23,0,0,0.000000,0
1,positive,43,24,2,0,0.000000,0
1,positive,43,25,2,0,0.000000,0
1,positive,43,26,2,0,0.000000,0
1,positive,43,27,2,0,0.000000,0
1,positive,43,28,2,0,0.000000,0
1,positive,43,29,2,0,0.000000,0
1,positive,43,30,2,0,0.000000,0
1,positive,43,31,0,0,0.000000,0
1,positive,43,32,2,0,0.000000,0
1,positive,43,33,2,0,0.000000,0
1,positive,43,34,2,0,0.000000,0
1,positive,43,35,2,0,0.000000,0
1,positive,43,36,0,0,0.000000,0
1,positive,43,37,2,0,0.000000,0
1,positive,43,38,2,0,0.000000,0
1,positive,43,39,2,0,0.000000,0
1,positive,43,40,2,0,0.000000,0
1,positive,43,41,2,0,0.000000,0
1,positive,43,42,0,0,0.000000,0
1,positive,43,43,2,0,0.000000,0
1,positive,43,44,2,0,0.000000,0
1,positive,43,45,2,0,0.000000,0
1,positive,43,46,2,0,0.000000,0
1,positive,43,47,0,0,0.000000,0
1,positive,43,48,2,0,0.000000,0
1,positive,43,49,2,0,0.000000,0
1,positive,44,0,2,0,0.000000,0
1,positive,44,1,2,0,0.000000,0
1,positive,44,2,2,0,0.000000,0
1,positive,44,3,2,0,0.000000,0
1,positive,44,4,0,0,0.000000,0
1,positive,44,5,2,0,0.000000,0
1,positive,44,6,2,0,0.000000,0
1,positive,44,7,2,0,0.000000,0
1,positive,44,8,2,0,0.000000,0
1,positive,44,9,2,0,0.000000,0
1,positive,44,10,2,0,0.000000,0
1,positive,44,11,2,0,0.000000,0
1,positive,44,12,2,0,0.000000,0
1,positive,44,13,0,0,0.000000,0
1,positive,44,14,2,0,0.000000,0
1,positive,44,15,2,0,0.000000,0
1,positive,44,16,2,0,0.000000,0
1,positive,44,17,2,0,0.000000,0
1,positive,44,18,2,0,0.000000,0
1,positive,44,19,2,0,0.000000,0
1,positive,44,20,2,0,0.000000,0
1,positive,44,21,0,0,0.000000,0
1,positive,44,22,0,0,0.000000,0
1,positive,44,23,2,0,0.000000,0
1,positive,44,24,2,0,0.000000,0
1,positive,44,25,2,0,0.000000,0
1,positive,44,26,0,0,0.000000,0
1,positive,44,27,2,0,0.000000,0
1,positive,44,28,2,0,0.000000,0
1,positive,44,29,2,0,0.000000,0
1,positive,44,30,2,0,0.000000,0
1,positive,44,31,0,0,0.000000,0
1,positive,44,32,0,0,0.000000,0
1,positive,44,33,0,0,0.000000,0
1,positive,44,34,0,0,0.000000,0
1,positive,44,35,2,0,0.000000,0
1,positive,44,36,2,0,0.000000,0
1,positive,44,37,2,0,0.000000,0
1,positive,44,38,2,0,0.000000,0
1,positive,44,39,0,0,0.000000,0
1,positive,44,40,2,0,0.000000,0
1,positive,44,41,2,0,0.000000,0
1,positive,44,42,0,0,0.000000,0
1,positive,44,43,0,0,0.000000,0
1,positive,44,44,2,0,0.000000,0
1,positive,44,45,2,0,0.000000,0
1,positive,44,46,2,0,0.000000,0
1,positive,44,47,2,0,0.000000,0
1,positive,44,48,2,0,0.000000,0
1,positive,44,49,2,0,0.000000,0
1,positive,45,0,0,0,0.000000,0
1,positive,45,1,2,0,0.000000,0
1,positive,45,2,2,0,0.000000,0
1,positive,45,3,2,0,0.000000,0
1,positive,45,4,0,0,0.000000,0
1,positive,45,5,0,0,0.000000,0
1,positive,45,6,2,0,0.000000,0
1,positive,45,7,2,0,0.000000,0
1,positive,45,8,2,0,0.000000,0
1,positive,45,9,2,0,0.000000,0
1,positive,45,10,2,0,0.000000,0
1,positive,45,11,2,0,0.000000,0
1,positive,45,12,2,0,0.000000,0
1,positive,45,13,2,0,0.000000,0
1,positive,45,14,2,0,0.000000,0
1,positive,45,15,2,0,0.000000,0
1,positive,45,16,2,0,0.000000,0
1,positive,45,17,2,0,0.000000,0
1,positive,45,18,2,0,0.000000,0
1,positive,45,19,0,0,0.000000,0
1,positive,45,20,0,0,0.000000,0
1,positive,45,21,2,0,0.000000,0
1,positive,45,22,0,0,0.000000,0
1,positive,45,23,2,0,0.000000,0
1,positive,45,24,2,0,0.000000,0
1,positive,45,25,2,0,0.000000,0
1,positive,45,26,2,0,0.000000,0
1,positive,45,27,2,0,0.000000,0
1,positive,45,28,2,0,0.000000,0
1,positive,45,29,0,0,0.000000,0
1,positive,45,30,2,0,0.000000,0
1,positive,45,31,2,0,0.000000,0
1,positive,45,32,2,0,0.000000,0
1,positive,45,33,2,0,0.000000,0
1,positive,45,34,2,0,0.000000,0
1,positive,45,35,0,0,0.000000,0
1,positive,45,36,2,0,0.000000,0
1,positive,45,37,0,0,0.000000,0
1,positive,45,38,2,0,0.000000,0
1,positive,45,39,2,0,0.000000,0
1,positive,45,40,2,0,0.000000,0
1,positive,45,41,2,0,0.000000,0
1,positive,45,42,2,0,0.000000,0
1,positive,45,43,2,0,0.000000,0
1,positive,45,44,0,0,0.000000,0
1,positive,45,45,2,0,0.000000,0
1,positive,45,46,2,0,0.000000,0
1,positive,45,47,0,0,0.000000,0
1,positive,45,48,2,0,0.000000,0
1,positive,45,49,2,0,0.000000,0
1,positive,46,0,2,0,0.000000,0
1,positive,46,1,2,0,0.000000,0
1,positive,46,2,2,0,0.000000,0
1,positive,46,3,2,0,0.000000,0
1,positive,46,4,2,0,0.000000,0
1,positive,46,5,2,0,0.000000,0
1,positive,46,6,2,0,0.000000,0
1,positive,46,7,0,0,0.000000,0
1,positive,46,8,2,0,0.000000,0
1,positive,46,9,2,0,0.000000,0
1,positive,46,10,2,0,0.000000,0
1,positive,46,11,2,0,0.000000,0
1,positive,46,12,2,0,0.000000,0
1,positive,46,13,2,0,0.000000,0
1,positive,46,14,2,0,0.000000,0
1,positive,46,15,2,0,0.000000,0
1,positive,46,16,2,0,0.000000,0
1,positive,46,17,0,0,0.000000,0
1,positive,46,18,0,0,0.000000,0
1,positive,46,19,0,0,0.000000,0
1,positive,46,20,2,0,0.000000,0
1,positive,46,21,2,0,0.000000,0
1,positive,46,22,0,0,0.000000,0
1,positive,46,23,2,0,0.000000,0
1,positive,46,24,0,0,0.000000,0
1,positive,46,25,2,0,0.000000,0
1,positive,46,26,2,0,0.000000,0
1,positive,46,27,2,0,0.000000,0
1,positive,46,28,2,0,0.000000,0
1,positive,46,29,2,0,0.000000,0
1,positive,46,30,2,0,0.000000,0
1,positive,46,31,2,0,0.000000,0
1,positive,46,32,2,0,0.000000,0
1,positive,46,33,2,0,0.000000,0
1,positive,46,34,2,0,0.000000,0
1,positive,46,35,2,0,0.000000,0
1,positive,46,36,2,0,0.000000,0
1,positive,46,37,2,0,0.000000,0
1,positive,46,38,2,0,0.000000,0
1,positive,46,39,2,0,0.000000,0
1,positive,46,40,2,0,0.000000,0
1,positive,46,41,2,0,0.000000,0
1,positive,46,42,2,0,0.000000,0
1,positive,46,43,0,0,0.000000,0
1,positive,46,44,2,0,0.000000,0
1,positive,46,45,2,0,0.000000,0
1,positive,46,46,2,0,0.000000,0
1,positive,46,47,0,0,0.000000,0
1,positive,46,48,2,0,0.000000,0
1,positive,46,49,2,0,0.000000,0
1,positive,47,0,2,0,0.000000,0
1,positive,47,1,2,0,0.000000,0
1,positive,47,2,2,0,0.000000,0
1,positive,47,3,2,0,0.000000,0
1,positive,47,4,2,0,0.000000,0
1,positive,47,5,2,0,0.000000,0
1,positive,47,6,2,0,0.000000,0
1,positive,47,7,0,0,0.000000,0
1,positive,47,8,0,0,0.000000,0
1,positive,47,9,2,0,0.000000,0
1,positive,47,10,2,0,0.000000,0
1,positive,47,11,0,0,0.000000,0
1,positive,47,12,2,0,0.000000,0
1,positive,47,13,2,0,0.000000,0
1,positive,47,14,0,0,0.000000,0
1,positive,47,15,2,0,0.000000,0
1,positive,47,16,2,0,0.000000,0
1,positive,47,17,2,0,0.000000,0
1,positive,47,18,2,0,0.000000,0
1,positive,47,19,2,0,0.000000,0
1,positive,47,20,0,0,0.000000,0
1,positive,47,21,2,0,0.000000,0
1,positive,47,22,2,0,0.000000,0
1,positive,47,23,2,0,0.000000,0
1,positive,47,24,2,0,0.000000,0
1,positive,47,25,2,0,0.000000,0
1,positive,47,26,2,0,0.000000,0
1,positive,47,27,2,0,0.000000,0
1,positive,47,28,2,0,0.000000,0
1,positive,47,29,2,0,0.000000,0
1,positive,47,30,0,0,0.000000,0
1,positive,47,31,2,0,0.000000,0
1,positive,47,32,2,0,0.000000,0
1,positive,47,33,2,0,0.000000,0
1,positive,47,34,2,0,0.000000,0
1,positive,47,35,2,0,0.000000,0
1,positive,47,36,0,0,0.000000,0
1,positive,47,37,2,0,0.000000,0
1,positive,47,38,0,0,0.000000,0
1,positive,47,39,2,0,0.000000,0
1,positive,47,40,2,0,0.000000,0
1,positive,47,41,0,0,0.000000,0
1,positive,47,42,2,0,0.000000,0
1,positive,47,43,0,0,0.000000,0
1,positive,47,44,2,0,0.000000,0
1,positive,47,45,2,0,0.000000,0
1,positive,47,46,2,0,0.000000,0
1,positive,47,47,0,0,0.000000,0
1,positive,47,48,2,0,0.000000,0
1,positive,47,49,2,0,0.000000,0
1,positive,48,0,2,0,0.000000,0
1,positive,48,1,2,0,0.000000,0
1,positive,48,2,0,0,0.000000,0
1,positive,48,3,0,0,0.000000,0
1,positive,48,4,2,0,0.000000,0
1,positive,48,5,2,0,0.000000,0
1,positive,48,6,2,0,0.000000,0
1,positive,48,7,2,0,0.000000,0
1,positive,48,8,0,0,0.000000,0
1,positive,48,9,2,0,0.000000,0
1,positive,48,10,2,0,0.000000,0
1,positive,48,11,2,0,0.000000,0
1,positive,48,12,2,0,0.000000,0
1,positive,48,13,2,0,0.000000,0
1,positive,48,14,2,0,0.000000,0
1,positive,48,15,2,0,0.000000,0
1,positive,48,16,2,0,0.000000,0
1,positive,48,17,2,0,0.000000,0
1,positive,48,18,2,0,0.000000,0
1,positive,48,19,2,0,0.000000,0
1,positive,48,20,2,0,0.000000,0
1,positive,48,21,0,0,0.000000,0
1,positive,48,22,2,0,0.000000,0
1,positive,48,23,0,0,0.000000,0
1,positive,48,24,2,0,0.000000,0
1,positive,48,25,2,0,0.000000,0
1,positive,48,26,0,0,0.000000,0
1,positive,48,27,2,0,0.000000,0
1,positive,48,28,0,0,0.000000,0
1,positive,48,29,2,0,0.000000,0
1,positive,48,30,2,0,0.000000,0
1,positive,48,31,2,0,0.000000,0
1,positive,48,32,2,0,0.000000,0
1,positive,48,33,2,0,0.000000,0
1,positive,48,34,2,0,0.000000,0
1,positive,48,35,2,0,0.000000,0
1,positive,48,36,2,0,0.000000,0
1,positive,48,37,0,0,0.000000,0
1,positive,48,38,2,0,0.000000,0
1,positive,48,39,2,0,0.000000,0
1,positive,48,40,2,0,0.000000,0
1,positive,48,41,0,0,0.000000,0
1,positive,48,42,2,0,0.000000,0
1,positive,48,43,2,0,0.000000,0
1,positive,48,44,2,0,0.000000,0
1,positive,48,45,0,0,0.000000,0
1,positive,48,46,2,0,0.000000,0
1,positive,48,47,2,0,0.000000,0
1,positive,48,48,2,0,0.000000,0
1,positive,48,49,2,0,0.000000,0
1,positive,49,0,2,0,0.000000,0
1,positive,49,1,2,0,0.000000,0
1,positive,49,2,2,0,0.000000,0
1,positive,49,3,2,0,0.000000,0
1,positive,49,4,2,0,0.000000,0
1,positive,49,5,2,0,0.000000,0
1,positive,49,6,2,0,0.000000,0
1,positive,49,7,2,0,0.000000,0
1,positive,49,8,2,0,0.000000,0
1,positive,49,9,2,0,0.000000,0
1,positive,49,10,2,0,0.000000,0
1,positive,49,11,2,0,0.000000,0
1,positive,49,12,2,0,0.000000,0
1,positive,49,13,2,0,0.000000,0
1,positive,49,14,0,0,0.000000,0
1,positive,49,15,2,0,0.000000,0
1,positive,49,16,0,0,0.000000,0
1,positive,49,17,2,0,0.000000,0
1,positive,49,18,0,0,0.000000,0
1,positive,49,19,0,0,0.000000,0
1,positive,49,20,2,0,0.000000,0
1,positive,49,21,2,0,0.000000,0
1,positive,49,22,2,0,0.000000,0
1,positive,49,23,2,0,0.000000,0
1,positive,49,24,2,0,0.000000,0
1,positive,49,25,2,0,0.000000,0
1,positive,49,26,2,0,0.000000,0
1,positive,49,27,2,0,0.000000,0
1,positive,49,28,2,0,0.000000,0
1,positive,49,29,2,0,0.000000,0
1,positive,49,30,2,0,0.000000,0
1,positive,49,31,2,0,0.000000,0
1,positive,49,32,2,0,0.000000,0
1,positive,49,33,0,0,0.000000,0
1,positive,49,34,2,0,0.000000,0
1,positive,49,35,2,0,0.000000,0
1,positive,49,36,2,0,0.000000,0
1,positive,49,37,2,0,0.000000,0
1,positive,49,38,0,0,0.000000,0
1,positive,49,39,2,0,0.000000,0
1,positive,49,40,2,0,0.000000,0
1,positive,49,41,2,0,0.000000,0
1,positive,49,42,2,0,0.000000,0
1,positive,49,43,0,0,0.000000,0
1,positive,49,44,0,0,0.000000,0
1,positive,49,45,2,0,0.000000,0
1,positive,49,46,2,0,0.000000,0
1,positive,49,47,0,0,0.000000,0
1,positive,49,48,2,0,0.000000,0
1,positive,49,49,2,0,0.000000,0
2,positive,0,0,2,0,0.000000,0
2,positive,0,1,2,0,0.000000,0
2,positive,0,2,0,0,0.000000,0
2,positive,0,3,2,0,0.000000,0
2,positive,0,4,2,0,0.000000,0
2,positive,0,5,2,0,0.000000,0
2,positive,0,6,2,0,0.000000,0
2,positive,0,7,2,0,0.000000,0
2,positive,0,8,2,0,0.000000,0
2,positive,0,9,2,0,0.000000,0
2,positive,0,10,2,0,0.000000,0
2,positive,0,11,2,0,0.000000,0
2,positive,0,12,2,0,0.000000,0
2,positive,0,13,0,0,0.000000,0
2,positive,0,14,0,0,0.000000,0
2,positive,0,15,2,0,0.000000,0
2,positive,0,16,2,0,0.000000,0
2,positive,0,17,2,0,0.000000,0
2,positive,0,18,2,0,0.000000,0
2,positive,0,19,0,0,0.000000,0
2,positive,0,20,2,0,0.000000,0
2,positive,0,21,2,0,0.000000,0
2,positive,0,22,2,0,0.000000,0
2,positive,0,23,2,0,0.000000,0
2,positive,0,24,2,0,0.000000,0
2,positive,0,25,2,0,0.000000,0
2,positive,0,26,0,0,0.000000,0
2,positive,0,27,2,0,0.000000,0
2,positive,0,28,2,0,0.000000,0
2,positive,0,29,2,0,0.000000,0
2,positive,0,30,2,0,0.000000,0
2,positive,0,31,2,0,0.000000,0
2,positive,0,32,2,0,0.000000,0
2,positive,0,33,2,0,0.000000,0
2,positive,0,34,2,0,0.000000,0
2,positive,0,35,2,0,0.000000,0
2,positive,0,36,2,0,0.000000,0
2,positive,0,37,2,0,0.000000,0
2,positive,0,38,2,0,0.000000,0
2,positive,0,39,2,0,0.000000,0
2,positive,0,40,2,0,0.000000,0
2,positive,0,41,2,0,0.000000,0
2,positive,0,42,2,0,0.000000,0
2,positive,0,43,2,0,0.000000,0
2,positive,0,44,2,0,0.000000,0
2,positive,0,45,2,0,0.000000,0
2,positive,0,46,2,0,0.000000,0
2,positive,0,47,2,0,0.000000,0
2,positive,0,48,0,0,0.000000,0
2,positive,0,49,2,0,0.000000,0
2,positive,1,0,2,0,0.000000,0
2,positive,1,1,2,0,0.000000,0
2,positive,1,2,2,0,0.000000,0
2,positive,1,3,2,0,0.000000,0
2,positive,1,4,2,0,0.000000,0
2,positive,1,5,2,0,0.000000,0
2,positive,1,6,2,0,0.000000,0
2,positive,1,7,2,0,0.000000,0
2,positive,1,8,2,0,0.000000,0
2,positive,1,9,2,0,0.000000,0
2,positive,1,10,2,0,0.000000,0
2,positive,1,11,2,0,0.000000,0
2,positive,1,12,2,0,0.000000,0
2,positive,1,13,2,0,0.000000,0
2,positive,1,14,2,0,0.000000,0
2,positive,1,15,2,0,0.000000,0
2,positive,1,16,2,0,0.000000,0
2,positive,1,17,2,0,0.000000,0
2,positive,1,18,2,0,0.000000,0
2,positive,1,19,2,0,0.000000,0
2,positive,1,20,2,0,0.000000,0
2,positive,1,21,2,0,0.000000,0
2,positive,1,22,2,0,0.000000,0
2,positive,1,23,2,0,0.000000,0
2,positive,1,24,2,0,0.000000,0
2,positive,1,25,2,0,0.000000,0
2,positive,1,26,2,0,0.000000,0
2,positive,1,27,2,0,0.000000,0
2,positive,1,28,2,0,0.000000,0
2,positive,1,29,2,0,0.000000,0
2,positive,1,30,2,0,0.000000,0
2,positive,1,31,2,0,0.000000,0
2,positive,1,32,2,0,0.000000,0
2,positive,1,33,2,0,0.000000,0
2,positive,1,34,2,0,0.000000,0
2,positive,1,35,2,0,0.000000,0
2,positive,1,36,2,0,0.000000,0
2,positive,1,37,2,0,0.000000,0
2,positive,1,38,2,0,0.000000,0
2,positive,1,39,2,0,0.000000,0
2,positive,1,40,2,0,0.000000,0
2,positive,1,41,2,0,0.000000,0
2,positive,1,42,2,0,0.000000,0
2,positive,1,43,2,0,0.000000,0
2,positive,1,44,2,0,0.000000,0
2,positive,1,45,2,0,0.000000,0
2,positive,1,46,2,0,0.000000,0
2,positive,1,47,2,0,0.000000,0
2,positive,1,48,2,0,0.000000,0
2,positive,1,49,2,0,0.000000,0
2,positive,2,0,2,0,0.000000,0
2,positive,2,1,2,0,0.000000,0
2,positive,2,2,2,0,0.000000,0
2,positive,2,3,2,0,0.000000,0
2,positive,2,4,2,0,0.000000,0
2,positive,2,5,2,0,0.000000,0
2,positive,2,6,2,0,0.000000,0
2,positive,2,7,2,0,0.000000,0
2,positive,2,8,2,0,0.000000,0
2,positive,2,9,2,0,0.000000,0
2,positive,2,10,0,0,0.000000,0
2,positive,2,11,2,0,0.000000,0
2,positive,2,12,2,0,0.000000,0
2,positive,2,13,2,0,0.000000,0
2,positive,2,14,2,0,0.000000,0
2,positive,2,15,2,0,0.000000,0
2,positive,2,16,2,0,0.000000,0
2,positive,2,17,0,0,0.000000,0
2,positive,2,18,2,0,0.000000,0
2,positive,2,19,2,0,0.000000,0
2,positive,2,20,2,0,0.000000,0
2,positive,2,21,2,0,0.000000,0
2,positive,2,22,2,0,0.000000,0
2,positive,2,23,2,0,0.000000,0
2,positive,2,24,2,0,0.000000,0
2,positive,2,25,2,0,0.000000,0
2,positive,2,26,2,0,0.000000,0
2,positive,2,27,2,0,0.000000,0
2,positive,2,28,2,0,0.000000,0
2,positive,2,29,2,0,0.000000,0
2,positive,2,30,2,0,0.000000,0
2,positive,2,31,2,0,0.000000,0
2,positive,2,32,2,0,0.000000,0
2,positive,2,33,2,0,0.000000,0
2,positive,2,34,2,0,0.000000,0
2,positive,2,35,2,0,0.000000,0
2,positive,2,36,2,0,0.000000,0
2,positive,2,37,2,0,0.000000,0
2,positive,2,38,2,0,0.000000,0
2,positive,2,39,2,0,0.000000,0
2,positive,2,40,2,0,0.000000,0
2,positive,2,41,2,0,0.000000,0
2,positive,2,42,2,0,0.000000,0
2,positive,2,43,2,0,0.000000,0
2,positive,2,44,2,0,0.000000,0
2,positive,2,45,2,0,0.000000,0
2,positive,2,46,2,0,0.000000,0
2,positive,2,47,2,0,0.000000,0
2,positive,2,48,2,0,0.000000,0
2,positive,2,49,2,0,0.000000,0
2,positive,3,0,0,0,0.000000,0
2,positive,3,1,2,0,0.000000,0
2,positive,3,2,2,0,0.000000,0
2,positive,3,3,2,0,0.000000,0
2,positive,3,4,0,0,0.000000,0
2,positive,3,5,2,0,0.000000,0
2,positive,3,6,2,0,0.000000,0
2,positive,3,7,2,0,0.000000,0
2,positive,3,8,2,0,0.000000,0
2,positive,3,9,2,0,0.000000,0
2,positive,3,10,2,0,0.000000,0
2,positive,3,11,2,0,0.000000,0
2,positive,3,12,2,0,0.000000,0
2,positive,3,13,2,0,0.000000,0
2,positive,3,14,2,0,0.000000,0
2,positive,3,15,2,0,0.000000,0
2,positive,3,16,2,0,0.000000,0
2,positive,3,17,2,0,0.000000,0
2,positive,3,18,2,0,0.000000,0
2,positive,3,19,2,0,0.000000,0
2,positive,3,20,2,0,0.000000,0
2,positive,3,21,2,0,0.000000,0
2,positive,3,22,2,0,0.000000,0
2,positive,3,23,2,0,0.000000,0
2,positive,3,24,2,0,0.000000,0
2,positive,3,25,2,0,0.000000,0
2,positive,3,26,2,0,0.000000,0
2,positive,3,27,2,0,0.000000,0
2,positive,3,28,2,0,0.000000,0
2,positive,3,29,2,0,0.000000,0
2,positive,3,30,2,0,0.000000,0
2,positive,3,31,2,0,0.000000,0
2,positive,3,32,2,0,0.000000,0
2,positive,3,33,2,0,0.000000,0
2,positive,3,34,2,0,0.000000,0
2,positive,3,35,2,0,0.000000,0
2,positive,3,36,2,0,0.000000,0
2,positive,3,37,2,0,0.000000,0
2,positive,3,38,2,0,0.000000,0
2,positive,3,39,2,0,0.000000,0
2,positive,3,40,2,0,0.000000,0
2,positive,3,41,2,0,0.000000,0
2,positive,3,42,2,0,0.000000,0
2,positive,3,43,2,0,0.000000,0
2,positive,3,44,2,0,0.000000,0
2,positive,3,45,0,0,0.000000,0
2,positive,3,46,2,0,0.000000,0
2,positive,3,47,2,0,0.000000,0
2,positive,3,48,2,0,0.000000,0
2,positive,3,49,2,0,0.000000,0
2,positive,4,0,2,0,0.000000,0
2,positive,4,1,2,0,0.000000,0
2,positive,4,2,2,0,0.000000,0
2,positive,4,3,2,0,0.000000,0
2,positive,4,4,2,0,0.000000,0
2,positive,4,5,2,0,0.000000,0
2,positive,4,6,2,0,0.000000,0
2,positive,4,7,2,0,0.000000,0
2,positive,4,8,2,0,0.000000,0
2,positive,4,9,2,0,0.000000,0
2,positive,4,10,2,0,0.000000,0
2,positive,4,11,2,0,0.000000,0
2,positive,4,12,2,0,0.000000,0
2,positive,4,13,2,0,0.000000,0
2,positive,4,14,2,0,0.000000,0
2,positive,4,15,2,0,0.000000,0
2,positive,4,16,2,0,0.000000,0
2,positive,4,17,2,0,0.000000,0
2,positive,4,18,2,0,0.000000,0
2,positive,4,19,2,0,0.000000,0
2,positive,4,20,0,0,0.000000,0
2,positive,4,21,2,0,0.000000,0
2,positive,4,22,2,0,0.000000,0
2,positive,4,23,0,0,0.000000,0
2,positive,4,24,2,0,0.000000,0
2,positive,4,25,2,0,0.000000,0
2,positive,4,26,2,0,0.000000,0
2,positive,4,27,2,0,0.000000,0
2,positive,4,28,2,0,0.000000,0
2,positive,4,29,2,0,0.000000,0
2,positive,4,30,2,0,0.000000,0
2,positive,4,31,2,0,0.000000,0
2,positive,4,32,2,0,0.000000,0
2,positive,4,33,2,0,0.000000,0
2,positive,4,34,2,0,0.000000,0
2,positive,4,35,2,0,0.000000,0
2,positive,4,36,2,0,0.000000,0
2,positive,4,37,2,0,0.000000,0
2,positive,4,38,0,0,0.000000,0
2,positive,4,39,2,0,0.000000,0
2,positive,4,40,2,0,0.000000,0
2,positive,4,41,0,0,0.000000,0
2,positive,4,42,0,0,0.000000,0
2,positive,4,43,2,0,0.000000,0
2,positive,4,44,2,0,0.000000,0
2,positive,4,45,2,0,0.000000,0
2,positive,4,46,2,0,0.000000,0
2,positive,4,47,2,0,0.000000,0
2,positive,4,48,2,0,0.000000,0
2,positive,4,49,2,0,0.000000,0
2,positive,5,0,2,0,0.000000,0
2,positive,5,1,2,0,0.000000,0
2,positive,5,2,2,0,0.000000,0
2,positive,5,3,2,0,0.000000,0
2,positive,5,4,2,0,0.000000,0
2,positive,5,5,2,0,0.000000,0
2,positive,5,6,2,0,0.000000,0
2,positive,5,7,2,0,0.000000,0
2,positive,5,8,2,0,0.000000,0
2,positive,5,9,2,0,0.000000,0
2,positive,5,10,2,0,0.000000,0
2,positive,5,11,2,0,0.000000,0
2,positive,5,12,2,0,0.000000,0
2,positive,5,13,2,0,0.000000,0
2,positive,5,14,2,0,0.000000,0
2,positive,5,15,2,0,0.000000,0
2,positive,5,16,2,0,0.000000,0
2,positive,5,17,2,0,0.000000,0
2,positive,5,18,2,0,0.000000,0
2,positive,5,19,2,0,0.000000,0
2,positive,5,20,2,0,0.000000,0
2,positive,5,21,2,0,0.000000,0
2,positive,5,22,2,0,0.000000,0
2,positive,5,23,2,0,0.000000,0
2,positive,5,24,2,0,0.000000,0
2,positive,5,25,2,0,0.000000,0
2,positive,5,26,2,0,0.000000,0
2,positive,5,27,2,0,0.000000,0
2,positive,5,28,2,0,0.000000,0
2,positive,5,29,2,0,0.000000,0
2,positive,5,30,2,0,0.000000,0
2,positive,5,31,2,0,0.000000,0
2,positive,5,32,2,0,0.000000,0
2,positive,5,33,2,0,0.000000,0
2,positive,5,34,0,0,0.000000,0
2,positive,5,35,2,0,0.000000,0
2,positive,5,36,2,0,0.000000,0
2,positive,5,37,0,0,0.000000,0
2,positive,5,38,2,0,0.000000,0
2,positive,5,39,2,0,0.000000,0
2,positive,5,40,0,0,0.000000,0
2,positive,5,41,2,0,0.000000,0
2,positive,5,42,0,0,0.000000,0
2,positive,5,43,2,0,0.000000,0
2,positive,5,44,2,0,0.000000,0
2,positive,5,45,2,0,0.000000,0
2,positive,5,46,0,0,0.000000,0
2,positive,5,47,2,0,0.000000,0
2,positive,5,48,2,0,0.000000,0
2,positive,5,49,2,0,0.000000,0
2,positive,6,0,2,0,0.000000,0
2,positive,6,1,2,0,0.000000,0
2,positive,6,2,2,0,0.000000,0
2,positive,6,3,2,0,0.000000,0
2,positive,6,4,2,0,0.000000,0
2,positive,6,5,2,0,0.000000,0
2,positive,6,6,2,0,0.000000,0
2,positive,6,7,2,0,0.000000,0
2,positive,6,8,2,0,0.000000,0
2,positive,6,9,2,0,0.000000,0
2,positive,6,10,2,0,0.000000,0
2,positive,6,11,2,0,0.000000,0
2,positive,6,12,2,0,0.000000,0
2,positive,6,13,2,0,0.000000,0
2,positive,6,14,2,0,0.000000,0
2,positive,6,15,2,0,0.000000,0
2,positive,6,16,2,0,0.000000,0
2,positive,6,17,0,0,0.000000,0
2,positive,6,18,2,0,0.000000,0
2,positive,6,19,0,0,0.000000,0
2,positive,6,20,2,0,0.000000,0
2,positive,6,21,2,0,0.000000,0
2,positive,6,22,0,0,0.000000,0
2,positive,6,23,2,0,0.000000,0
2,positive,6,24,2,0,0.000000,0
2,positive,6,25,2,0,0.000000,0
2,positive,6,26,2,0,0.000000,0
2,positive,6,27,2,0,0.000000,0
2,positive,6,28,0,0,0.000000,0
2,positive,6,29,2,0,0.000000,0
2,positive,6,30,0,0,0.000000,0
2,positive,6,31,2,0,0.000000,0
2,positive,6,32,2,0,0.000000,0
2,positive,6,33,2,0,0.000000,0
2,positive,6,34,2,0,0.000000,0
2,positive,6,35,2,0,0.000000,0
2,positive,6,36,2,0,0.000000,0
2,positive,6,37,2,0,0.000000,0
2,positive,6,38,2,0,0.000000,0
2,positive,6,39,2,0,0.000000,0
2,positive,6,40,2,0,0.000000,0
2,positive,6,41,0,0,0.000000,0
2,positive,6,42,2,0,0.000000,0
2,positive,6,43,2,0,0.000000,0
2,positive,6,44,0,0,0.000000,0
2,positive,6,45,2,0,0.000000,0
2,positive,6,46,2,0,0.000000,0
2,positive,6,47,2,0,0.000000,0
2,positive,6,48,2,0,0.000000,0
2,positive,6,49,2,0,0.000000,0
2,positive,7,0,2,0,0.000000,0
2,positive,7,1,2,0,0.000000,0
2,positive,7,2,2,0,0.000000,0
2,positive,7,3,2,0,0.000000,0
2,positive,7,4,0,0,0.000000,0
2,positive,7,5,2,0,0.000000,0
2,positive,7,6,0,0,0.000000,0
2,positive,7,7,2,0,0.000000,0
2,positive,7,8,2,0,0.000000,0
2,positive,7,9,2,0,0.000000,0
2,positive,7,10,2,0,0.000000,0
2,positive,7,11,2,0,0.000000,0
2,positive,7,12,0,0,0.000000,0
2,positive,7,13,0,0,0.000000,0
2,positive,7,14,0,0,0.000000,0
2,positive,7,15,2,0,0.000000,0
2,positive,7,16,0,0,0.000000,0
2,positive,7,17,2,0,0.000000,0
2,positive,7,18,2,0,0.000000,0
2,positive,7,19,2,0,0.000000,0
2,positive,7,20,2,0,0.000000,0
2,positive,7,21,2,0,0.000000,0
2,positive,7,22,2,0,0.000000,0
2,positive,7,23,2,0,0.000000,0
2,positive,7,24,2,0,0.000000,0
2,positive,7,25,2,0,0.000000,0
2,positive,7,26,2,0,0.000000,0
2,positive,7,27,2,0,0.000000,0
2,positive,7,28,2,0,0.000000,0
2,positive,7,29,2,0,0.000000,0
2,positive,7,30,2,0,0.000000,0
2,positive,7,31,2,0,0.000000,0
2,positive,7,32,2,0,0.000000,0
2,positive,7,33,2,0,0.000000,0
2,positive,7,34,2,0,0.000000,0
2,positive,7,35,2,0,0.000000,0
2,positive,7,36,2,0,0.000000,0
2,positive,7,37,2,0,0.000000,0
2,positive,7,38,2,0,0.000000,0
2,positive,7,39,2,0,0.000000,0
2,positive,7,40,2,0,0.000000,0
2,positive,7,41,2,0,0.000000,0
2,positive,7,42,2,0,0.000000,0
2,positive,7,43,2,0,0.000000,0
2,positive,7,44,2,0,0.000000,0
2,positive,7,45,2,0,0.000000,0
2,positive,7,46,2,0,0.000000,0
2,positive,7,47,2,0,0.000000,0
2,positive,7,48,2,0,0.000000,0
2,positive,7,49,0,0,0.000000,0
2,positive,8,0,2,0,0.000000,0
2,positive,8,1,2,0,0.000000,0
2,positive,8,2,0,0,0.000000,0
2,positive,8,3,2,0,0.000000,0
2,positive,8,4,2,0,0.000000,0
2,positive,8,5,2,0,0.000000,0
2,positive,8,6,2,0,0.000000,0
2,positive,8,7,2,0,0.000000,0
2,positive,8,8,2,0,0.000000,0
2,positive,8,9,2,0,0.000000,0
2,positive,8,10,2,0,0.000000,0
2,positive,8,11,2,0,0.000000,0
2,positive,8,12,2,0,0.000000,0
2,positive,8,13,2,0,0.000000,0
2,positive,8,14,0,0,0.000000,0
2,positive,8,15,2,0,0.000000,0
2,positive,8,16,2,0,0.000000,0
2,positive,8,17,2,0,0.000000,0
2,positive,8,18,0,0,0.000000,0
2,positive,8,19,2,0,0.000000,0
2,positive,8,20,2,0,0.000000,0
2,positive,8,21,2,0,0.000000,0
2,positive,8,22,2,0,0.000000,0
2,positive,8,23,0,0,0.000000,0
2,positive,8,24,2,0,0.000000,0
2,positive,8,25,2,0,0.000000,0
2,positive,8,26,2,0,0.000000,0
2,positive,8,27,2,0,0.000000,0
2,positive,8,28,2,0,0.000000,0
2,positive,8,29,2,0,0.000000,0
2,positive,8,30,2,0,0.000000,0
2,positive,8,31,2,0,0.000000,0
2,positive,8,32,0,0,0.000000,0
2,positive,8,33,2,0,0.000000,0
2,positive,8,34,2,0,0.000000,0
2,positive,8,35,2,0,0.000000,0
2,positive,8,36,2,0,0.000000,0
2,positive,8,37,2,0,0.000000,0
2,positive,8,38,2,0,0.000000,0
2,positive,8,39,2,0,0.000000,0
2,positive,8,40,2,0,0.000000,0
2,positive,8,41,2,0,0.000000,0
2,positive,8,42,2,0,0.000000,0
2,positive,8,43,0,0,0.000000,0
2,positive,8,44,2,0,0.000000,0
2,positive,8,45,2,0,0.000000,0
2,positive,8,46,2,0,0.000000,0
2,positive,8,47,2,0,0.000000,0
2,positive,8,48,2,0,0.000000,0
2,positive,8,49,0,0,0.000000,0
2,positive,9,0,2,0,0.000000,0
2,positive,9,1,2,0,0.000000,0
2,positive,9,2,2,0,0.000000,0
2,positive,9,3,2,0,0.000000,0
2,positive,9,4,2,0,0.000000,0
2,positive,9,5,2,0,0.000000,0
2,positive,9,6,2,0,0.000000,0
2,positive,9,7,2,0,0.000000,0
2,positive,9,8,2,0,0.000000,0
2,positive,9,9,2,0,0.000000,0
2,positive,9,10,2,0,0.000000,0
2,positive,9,11,2,0,0.000000,0
2,positive,9,12,2,0,0.000000,0
2,positive,9,13,2,0,0.000000,0
2,positive,9,14,2,0,0.000000,0
2,positive,9,15,2,0,0.000000,0
2,positive,9,16,2,0,0.000000,0
2,positive,9,17,0,0,0.000000,0
2,positive,9,18,2,0,0.000000,0
2,positive,9,19,2,0,0.000000,0
2,positive,9,20,2,0,0.000000,0
2,positive,9,21,2,0,0.000000,0
2,positive,9,22,2,0,0.000000,0
2,positive,9,23,2,0,0.000000,0
2,positive,9,24,2,0,0.000000,0
2,positive,9,25,2,0,0.000000,0
2,positive,9,26,2,0,0.000000,0
2,positive,9,27,2,0,0.000000,0
2,positive,9,28,0,0,0.000000,0
2,positive,9,29,2,0,0.000000,0
2,positive,9,30,2,0,0.000000,0
2,positive,9,31,2,0,0.000000,0
2,positive,9,32,2,0,0.000000,0
2,positive,9,33,2,0,0.000000,0
2,positive,9,34,2,0,0.000000,0
2,positive,9,35,2,0,0.000000,0
2,positive,9,36,2,0,0.000000,0
2,positive,9,37,2,0,0.000000,0
2,positive,9,38,2,0,0.000000,0
2,positive,9,39,2,0,0.000000,0
2,positive,9,40,2,0,0.000000,0
2,positive,9,41,2,0,0.000000,0
2,positive,9,42,2,0,0.000000,0
2,positive,9,43,2,0,0.000000,0
2,positive,9,44,2,0,0.000000,0
2,positive,9,45,2,0,0.000000,0
2,positive,9,46,2,0,0.000000,0
2,positive,9,47,2,0,0.000000,0
2,positive,9,48,2,0,0.000000,0
2,positive,9,49,0,0,0.000000,0
2,positive,10,0,2,0,0.000000,0
2,positive,10,1,2,0,0.000000,0
2,positive,10,2,2,0,0.000000,0
2,positive,10,3,2,0,0.000000,0
2,positive,10,4,2,0,0.000000,0
2,positive,10,5,2,0,0.000000,0
2,positive,10,6,2,0,0.000000,0
2,positive,10,7,2,0,0.000000,0
2,positive,10,8,2,0,0.000000,0
2,positive,10,9,2,0,0.000000,0
2,positive,10,10,2,0,0.000000,0
2,positive,10,11,2,0,0.000000,0
2,positive,10,12,2,0,0.000000,0
2,positive,10,13,2,0,0.000000,0
2,positive,10,14,2,0,0.000000,0
2,positive,10,15,2,0,0.000000,0
2,positive,10,16,2,0,0.000000,0
2,positive,10,17,2,0,0.000000,0
2,positive,10,18,2,0,0.000000,0
2,positive,10,19,2,0,0.000000,0
2,positive,10,20,2,0,0.000000,0
2,positive,10,21,2,0,0.000000,0
2,positive,10,22,2,0,0.000000,0
2,positive,10,23,2,0,0.000000,0
2,positive,10,24,2,0,0.000000,0
2,positive,10,25,2,0,0.000000,0
2,positive,10,26,2,0,0.000000,0
2,positive,10,27,2,0,0.000000,0
2,positive,10,28,2,0,0.000000,0
2,positive,10,29,2,0,0.000000,0
2,positive,10,30,2,0,0.000000,0
2,positive,10,31,2,0,0.000000,0
2,positive,10,32,2,0,0.000000,0
2,positive,10,33,2,0,0.000000,0
2,positive,10,34,2,0,0.000000,0
2,positive,10,35,2,0,0.000000,0
2,positive,10,36,2,0,0.000000,0
2,positive,10,37,2,0,0.000000,0
2,positive,10,38,2,0,0.000000,0
2,positive,10,39,2,0,0.000000,0
2,positive,10,40,0,0,0.000000,0
2,positive,10,41,2,0,0.000000,0
2,positive,10,42,2,0,0.000000,0
2,positive,10,43,2,0,0.000000,0
2,positive,10,44,2,0,0.000000,0
2,positive,10,45,2,0,0.000000,0
2,positive,10,46,2,0,0.000000,0
2,positive,10,47,2,0,0.000000,0
2,positive,10,48,2,1,1.000000,1
2,positive,10,49,2,0,0.000000,0
2,positive,11,0,2,0,0.000000,0
2,positive,11,1,0,0,0.000000,0
2,positive,11,2,2,0,0.000000,0
2,positive,11,3,2,0,0.000000,0
2,positive,11,4,2,0,0.000000,0
2,positive,11,5,2,0,0.000000,0
2,positive,11,6,2,0,0.000000,0
2,positive,11,7,2,0,0.000000,0
2,positive,11,8,2,0,0.000000,0
2,positive,11,9,2,0,0.000000,0
2,positive,11,10,2,0,0.000000,0
2,positive,11,11,2,0,0.000000,0
2,positive,11,12,2,0,0.000000,0
2,positive,11,13,0,0,0.000000,0
2,positive,11,14,2,0,0.000000,0
2,positive,11,15,2,0,0.000000,0
2,positive,11,16,2,0,0.000000,0
2,positive,11,17,0,0,0.000000,0
2,positive,11,18,2,0,0.000000,0
2,positive,11,19,2,0,0.000000,0
2,positive,11,20,2,0,0.000000,0
2,positive,11,21,2,0,0.000000,0
2,positive,11,22,2,0,0.000000,0
2,positive,11,23,2,0,0.000000,0
2,positive,11,24,2,0,0.000000,0
2,positive,11,25,2,0,0.000000,0
2,positive,11,26,2,0,0.000000,0
2,positive,11,27,2,0,0.000000,0
2,positive,11,28,2,0,0.000000,0
2,positive,11,29,2,0,0.000000,0
2,positive,11,30,2,0,0.000000,0
2,positive,11,31,0,0,0.000000,0
2,positive,11,32,2,0,0.000000,0
2,positive,11,33,0,0,0.000000,0
2,positive,11,34,2,0,0.000000,0
2,positive,11,35,2,0,0.000000,0
2,positive,11,36,2,0,0.000000,0
2,positive,11,37,2,0,0.000000,0
2,positive,11,38,2,0,0.000000,0
2,positive,11,39,2,0,0.000000,0
2,positive,11,40,2,0,0.000000,0
2,positive,11,41,2,0,0.000000,0
2,positive,11,42,2,0,0.000000,0
2,positive,11,43,2,0,0.000000,0
2,positive,11,44,2,0,0.000000,0
2,positive,11,45,2,0,0.000000,0
2,positive,11,46,2,0,0.000000,0
2,positive,11,47,2,0,0.000000,0
2,positive,11,48,2,1,1.000000,1
2,positive,11,49,2,0,0.000000,0
2,positive,12,0,2,0,0.000000,0
2,positive,12,1,2,0,0.000000,0
2,positive,12,2,2,0,0.000000,0
2,positive,12,3,2,0,0.000000,0
2,positive,12,4,2,0,0.000000,0
2,positive,12,5,2,0,0.000000,0
2,positive,12,6,2,0,0.000000,0
2,positive,12,7,0,0,0.000000,0
2,positive,12,8,2,0,0.000000,0
2,positive,12,9,2,0,0.000000,0
2,positive,12,10,2,0,0.000000,0
2,positive,12,11,2,0,0.000000,0
2,positive,12,12,2,0,0.000000,0
2,positive,12,13,2,0,0.000000,0
2,positive,12,14,2,0,0.000000,0
2,positive,12,15,0,0,0.000000,0
2,positive,12,16,2,0,0.000000,0
2,positive,12,17,2,0,0.000000,0
2,positive,12,18,2,0,0.000000,0
2,positive,12,19,2,0,0.000000,0
2,positive,12,20,2,0,0.000000,0
2,positive,12,21,2,0,0.000000,0
2,positive,12,22,2,0,0.000000,0
2,positive,12,23,2,0,0.000000,0
2,positive,12,24,2,0,0.000000,0
2,positive,12,25,2,0,0.000000,0
2,positive,12,26,2,0,0.000000,0
2,positive,12,27,2,0,0.000000,0
2,positive,12,28,2,0,0.000000,0
2,positive,12,29,2,0,0.000000,0
2,positive,12,30,2,0,0.000000,0
2,positive,12,31,2,0,0.000000,0
2,positive,12,32,2,0,0.000000,0
2,positive,12,33,2,0,0.000000,0
2,positive,12,34,2,0,0.000000,0
2,positive,12,35,2,0,0.000000,0
2,positive,12,36,2,0,0.000000,0
2,positive,12,37,2,0,0.000000,0
2,positive,12,38,2,0,0.000000,0
2,positive,12,39,2,0,0.000000,0
2,positive,12,40,2,0,0.000000,0
2,positive,12,41,2,0,0.000000,0
2,positive,12,42,2,0,0.000000,0
2,positive,12,43,2,0,0.000000,0
2,positive,12,44,2,0,0.000000,0
2,positive,12,45,2,0,0.000000,0
2,positive,12,46,2,0,0.000000,0
2,positive,12,47,2,0,0.000000,0
2,positive,12,48,2,1,1.000000,1
2,positive,12,49,2,0,0.000000,0
2,positive,13,0,2,0,0.000000,0
2,positive,13,1,0,0,0.000000,0
2,positive,13,2,2,0,0.000000,0
2,positive,13,3,2,0,0.000000,0
2,positive,13,4,2,0,0.000000,0
2,positive,13,5,2,0,0.000000,0
2,positive,13,6,2,0,0.000000,0
2,positive,13,7,2,0,0.000000,0
2,positive,13,8,2,0,0.000000,0
2,positive,13,9,2,0,0.000000,0
2,positive,13,10,2,0,0.000000,0
2,positive,13,11,2,0,0.000000,0
2,positive,13,12,0,0,0.000000,0
2,positive,13,13,2,0,0.000000,0
2,positive,13,14,2,0,0.000000,0
2,positive,13,15,2,0,0.000000,0
2,positive,13,16,2,0,0.000000,0
2,positive,13,17,2,0,0.000000,0
2,positive,13,18,2,0,0.000000,0
2,positive,13,19,2,0,0.000000,0
2,positive,13,20,0,0,0.000000,0
2,positive,13,21,0,0,0.000000,0
2,positive,13,22,2,0,0.000000,0
2,positive,13,23,2,0,0.000000,0
2,positive,13,24,2,0,0.000000,0
2,positive,13,25,2,0,0.000000,0
2,positive,13,26,2,0,0.000000,0
2,positive,13,27,0,0,0.000000,0
2,positive,13,28,2,0,0.000000,0
2,positive,13,29,2,0,0.000000,0
2,positive,13,30,2,0,0.000000,0
2,positive,13,31,0,0,0.000000,0
2,positive,13,32,2,0,0.000000,0
2,positive,13,33,2,0,0.000000,0
2,positive,13,34,2,0,0.000000,0
2,positive,13,35,2,0,0.000000,0
2,positive,13,36,2,0,0.000000,0
2,positive,13,37,2,0,0.000000,0
2,positive,13,38,2,0,0.000000,0
2,positive,13,39,2,0,0.000000,0
2,positive,13,40,2,0,0.000000,0
2,positive,13,41,2,0,0.000000,0
2,positive,13,42,0,0,0.000000,0
2,positive,13,43,2,0,0.000000,0
2,positive,13,44,2,0,0.000000,0
2,positive,13,45,2,0,0.000000,0
2,positive,13,46,2,0,0.000000,0
2,positive,13,47,2,0,0.000000,0
2,positive,13,48,2,1,1.000000,1
2,positive,13,49,2,0,0.000000,0
2,positive,14,0,2,0,0.000000,0
2,positive,14,1,2,0,0.000000,0
2,positive,14,2,2,0,0.000000,0
2,positive,14,3,2,0,0.000000,0
2,positive,14,4,2,0,0.000000,0
2,positive,14,5,2,0,0.000000,0
2,positive,14,6,2,0,0.000000,0
2,positive,14,7,2,0,0.000000,0
2,positive,14,8,2,0,0.000000,0
2,positive,14,9,2,0,0.000000,0
2,positive,14,10,2,0,0.000000,0
2,positive,14,11,0,0,0.000000,0
2,positive,14,12,2,0,0.000000,0
2,positive,14,13,2,0,0.000000,0
2,positive,14,14,2,0,0.000000,0
2,positive,14,15,2,0,0.000000,0
2,positive,14,16,2,0,0.000000,0
2,positive,14,17,2,0,0.000000,0
2,positive,14,18,0,0,0.000000,0
2,positive,14,19,2,0,0.000000,0
2,positive,14,20,2,0,0.000000,0
2,positive,14,21,0,0,0.000000,0
2,positive,14,22,0,0,0.000000,0
2,positive,14,23,2,0,0.000000,0
2,positive,14,24,2,0,0.000000,0
2,positive,14,25,2,0,0.000000,0
2,positive,14,26,0,0,0.000000,0
2,positive,14,27,2,0,0.000000,0
2,positive,14,28,2,0,0.000000,0
2,positive,14,29,2,0,0.000000,0
2,positive,14,30,2,0,0.000000,0
2,positive,14,31,2,0,0.000000,0
2,positive,14,32,2,0,0.000000,0
2,positive,14,33,2,0,0.000000,0
2,positive,14,34,2,0,0.000000,0
2,positive,14,35,2,0,0.000000,0
2,positive,14,36,2,0,0.000000,0
2,positive,14,37,0,0,0.000000,0
2,positive,14,38,0,0,0.000000,0
2,positive,14,39,2,0,0.000000,0
2,positive,14,40,2,0,0.000000,0
2,positive,14,41,2,0,0.000000,0
2,positive,14,42,2,0,0.000000,0
2,positive,14,43,2,0,0.000000,0
2,positive,14,44,2,0,0.000000,0
2,positive,14,45,2,0,0.000000,0
2,positive,14,46,2,0,0.000000,0
2,positive,14,47,2,0,0.000000,0
2,positive,14,48,2,1,1.000000,1
2,positive,14,49,2,0,0.000000,0
2,positive,15,0,2,0,0.000000,0
2,positive,15,1,2,0,0.000000,0
2,positive,15,2,2,0,0.000000,0
2,positive,15,3,2,0,0.000000,0
2,positive,15,4,2,0,0.000000,0
2,positive,15,5,2,0,0.000000,0
2,positive,15,6,2,0,0.000000,0
2,positive,15,7,2,0,0.000000,0
2,positive,15,8,2,0,0.000000,0
2,positive,15,9,2,0,0.000000,0
2,positive,15,10,2,0,0.000000,0
2,positive,15,11,2,0,0.000000,0
2,positive,15,12,2,0,0.000000,0
2,positive,15,13,2,0,0.000000,0
2,positive,15,14,2,0,0.000000,0
2,positive,15,15,2,0,0.000000,0
2,positive,15,16,2,0,0.000000,0
2,positive,15,17,2,0,0.000000,0
2,positive,15,18,2,0,0.000000,0
2,positive,15,19,2,0,0.000000,0
2,positive,15,20,2,0,0.000000,0
2,positive,15,21,2,0,0.000000,0
2,positive,15,22,2,0,0.000000,0
2,positive,15,23,2,0,0.000000,0
2,positive,15,24,2,0,0.000000,0
2,positive,15,25,2,0,0.000000,0
2,positive,15,26,2,0,0.000000,0
2,positive,15,27,2,0,0.000000,0
2,positive,15,28,2,0,0.000000,0
2,positive,15,29,2,0,0.000000,0
2,positive,15,30,2,0,0.000000,0
2,positive,15,31,2,0,0.000000,0
2,positive,15,32,2,0,0.000000,0
2,positive,15,33,2,0,0.000000,0
2,positive,15,34,2,0,0.000000,0
2,positive,15,35,0,0,0.000000,0
2,positive,15,36,2,0,0.000000,0
2,positive,15,37,2,0,0.000000,0
2,positive,15,38,2,0,0.000000,0
2,positive,15,39,2,0,0.000000,0
2,positive,15,40,2,0,0.000000,0
2,positive,15,41,0,0,0.000000,0
2,positive,15,42,2,0,0.000000,0
2,positive,15,43,2,0,0.000000,0
2,positive,15,44,2,0,0.000000,0
2,positive,15,45,2,0,0.000000,0
2,positive,15,46,2,0,0.000000,0
2,positive,15,47,2,0,0.000000,0
2,positive,15,48,2,1,1.000000,1
2,positive,15,49,2,0,0.000000,0
2,positive,16,0,2,0,0.000000,0
2,positive,16,1,2,0,0.000000,0
2,positive,16,2,2,0,0.000000,0
2,positive,16,3,2,0,0.000000,0
2,positive,16,4,2,0,0.000000,0
2,positive,16,5,2,0,0.000000,0
2,positive,16,6,2,0,0.000000,0
2,positive,16,7,2,0,0.000000,0
2,positive,16,8,2,0,0.000000,0
2,positive,16,9,2,0,0.000000,0
2,positive,16,10,2,0,0.000000,0
2,positive,16,11,2,0,0.000000,0
2,positive,16,12,2,0,0.000000,0
2,positive,16,13,2,0,0.000000,0
2,positive,16,14,0,0,0.000000,0
2,positive,16,15,2,0,0.000000,0
2,positive,16,16,2,0,0.000000,0
2,positive,16,17,2,0,0.000000,0
2,positive,16,18,2,0,0.000000,0
2,positive,16,19,2,0,0.000000,0
2,positive,16,20,2,0,0.000000,0
2,positive,16,21,2,0,0.000000,0
2,positive,16,22,2,0,0.000000,0
2,positive,16,23,2,0,0.000000,0
2,positive,16,24,2,0,0.000000,0
2,positive,16,25,0,0,0.000000,0
2,positive,16,26,2,0,0.000000,0
2,positive,16,27,2,0,0.000000,0
2,positive,16,28,2,0,0.000000,0
2,positive,16,29,2,0,0.000000,0
2,positive,16,30,2,0,0.000000,0
2,positive,16,31,2,0,0.000000,0
2,positive,16,32,2,0,0.000000,0
2,positive,16,33,2,0,0.000000,0
2,positive,16,34,2,0,0.000000,0
2,positive,16,35,2,0,0.000000,0
2,positive,16,36,2,0,0.000000,0
2,positive,16,37,2,0,0.000000,0
2,positive,16,38,2,0,0.000000,0
2,positive,16,39,2,0,0.000000,0
2,positive,16,40,2,0,0.000000,0
2,positive,16,41,2,0,0.000000,0
2,positive,16,42,0,0,0.000000,0
2,positive,16,43,2,0,0.000000,0
2,positive,16,44,2,0,0.000000,0
2,positive,16,45,2,0,0.000000,0
2,positive,16,46,2,0,0.000000,0
2,positive,16,47,2,0,0.000000,0
2,positive,16,48,2,0,0.000000,0
2,positive,16,49,2,0,0.000000,0
2,positive,17,0,0,0,0.000000,0
2,positive,17,1,2,0,0.000000,0
2,positive,17,2,2,0,0.000000,0
2,positive,17,3,2,0,0.000000,0
2,positive,17,4,2,0,0.000000,0
2,positive,17,5,2,0,0.000000,0
2,positive,17,6,2,0,0.000000,0
2,positive,17,7,2,0,0.000000,0
2,positive,17,8,2,0,0.000000,0
2,positive,17,9,2,0,0.000000,0
2,positive,17,10,2,0,0.000000,0
2,positive,17,11,2,0,0.000000,0
2,positive,17,12,2,0,0.000000,0
2,positive,17,13,2,0,0.000000,0
2,positive,17,14,2,0,0.000000,0
2,positive,17,15,0,0,0.000000,0
2,positive,17,16,2,0,0.000000,0
2,positive,17,17,2,0,0.000000,0
2,positive,17,18,2,0,0.000000,0
2,positive,17,19,2,0,0.000000,0
2,positive,17,20,2,0,0.000000,0
2,positive,17,21,2,0,0.000000,0
2,positive,17,22,2,0,0.000000,0
2,positive,17,23,2,0,0.000000,0
2,positive,17,24,0,0,0.000000,0
2,positive,17,25,2,0,0.000000,0
2,positive,17,26,2,0,0.000000,0
2,positive,17,27,2,0,0.000000,0
2,positive,17,28,2,0,0.000000,0
2,positive,17,29,2,0,0.000000,0
2,positive,17,30,2,0,0.000000,0
2,positive,17,31,2,0,0.000000,0
2,positive,17,32,2,0,0.000000,0
2,positive,17,33,2,0,0.000000,0
2,positive,17,34,2,0,0.000000,0
2,positive,17,35,2,0,0.000000,0
2,positive,17,36,2,0,0.000000,0
2,positive,17,37,2,0,0.000000,0
2,positive,17,38,2,0,0.000000,0
2,positive,17,39,2,0,0.000000,0
2,positive,17,40,2,0,0.000000,0
2,positive,17,41,2,0,0.000000,0
2,positive,17,42,2,0,0.000000,0
2,positive,17,43,2,0,0.000000,0
2,positive,17,44,2,0,0.000000,0
2,positive,17,45,2,0,0.000000,0
2,positive,17,46,2,0,0.000000,0
2,positive,17,47,2,0,0.000000,0
2,positive,17,48,2,0,0.000000,0
2,positive,17,49,0,0,0.000000,0
2,positive,18,0,2,0,0.000000,0
2,positive,18,1,2,0,0.000000,0
2,positive,18,2,2,0,0.000000,0
2,positive,18,3,0,0,0.000000,0
2,positive,18,4,2,0,0.000000,0
2,positive,18,5,2,0,0.000000,0
2,positive,18,6,2,0,0.000000,0
2,positive,18,7,2,0,0.000000,0
2,positive,18,8,2,0,0.000000,0
2,positive,18,9,2,0,0.000000,0
2,positive,18,10,2,0,0.000000,0
2,positive,18,11,2,0,0.000000,0
2,positive,18,12,2,0,0.000000,0
2,positive,18,13,2,0,0.000000,0
2,positive,18,14,2,0,0.000000,0
2,positive,18,15,2,0,0.000000,0
2,positive,18,16,2,0,0.000000,0
2,positive,18,17,2,0,0.000000,0
2,positive,18,18,2,0,0.000000,0
2,positive,18,19,2,0,0.000000,0
2,positive,18,20,2,0,0.000000,0
2,positive,18,21,2,0,0.000000,0
2,positive,18,22,2,0,0.000000,0
2,positive,18,23,2,0,0.000000,0
2,positive,18,24,2,0,0.000000,0
2,positive,18,25,0,0,0.000000,0
2,positive,18,26,2,0,0.000000,0
2,positive,18,27,2,0,0.000000,0
2,positive,18,28,2,0,0.000000,0
2,positive,18,29,2,0,0.000000,0
2,positive,18,30,2,0,0.000000,0
2,positive,18,31,2,0,0.000000,0
2,positive,18,32,2,0,0.000000,0
2,positive,18,33,2,0,0.000000,0
2,positive,18,34,2,0,0.000000,0
2,positive,18,35,2,0,0.000000,0
2,positive,18,36,2,0,0.000000,0
2,positive,18,37,2,0,0.000000,0
2,positive,18,38,2,0,0.000000,0
2,positive,18,39,2,0,0.000000,0
2,positive,18,40,2,0,0.000000,0
2,positive,18,41,2,0,0.000000,0
2,positive,18,42,2,0,0.000000,0
2,positive,18,43,2,0,0.000000,0
2,positive,18,44,2,0,0.000000,0
2,positive,18,45,2,0,0.000000,0
2,positive,18,46,2,0,0.000000,0
2,positive,18,47,2,0,0.000000,0
2,positive,18,48,2,0,0.000000,0
2,positive,18,49,2,0,0.000000,0
2,positive,19,0,2,0,0.000000,0
2,positive,19,1,2,0,0.000000,0
2,positive,19,2,2,0,0.000000,0
2,positive,19,3,2,0,0.000000,0
2,positive,19,4,2,0,0.000000,0
2,positive,19,5,2,0,0.000000,0
2,positive,19,6,2,0,0.000000,0
2,positive,19,7,0,0,0.000000,0
2,positive,19,8,2,0,0.000000,0
2,positive,19,9,2,0,0.000000,0
2,positive,19,10,2,0,0.000000,0
2,positive,19,11,0,0,0.000000,0
2,positive,19,12,2,0,0.000000,0
2,positive,19,13,2,0,0.000000,0
2,positive,19,14,0,0,0.000000,0
2,positive,19,15,2,0,0.000000,0
2,positive,19,16,2,0,0.000000,0
2,positive,19,17,2,0,0.000000,0
2,positive,19,18,2,0,0.000000,0
2,positive,19,19,2,0,0.000000,0
2,positive,19,20,2,0,0.000000,0
2,positive,19,21,0,0,0.000000,0
2,positive,19,22,2,0,0.000000,0
2,positive,19,23,2,0,0.000000,0
2,positive,19,24,2,0,0.000000,0
2,positive,19,25,2,0,0.000000,0
2,positive,19,26,2,0,0.000000,0
2,positive,19,27,2,0,0.000000,0
2,positive,19,28,2,0,0.000000,0
2,positive,19,29,2,0,0.000000,0
2,positive,19,30,2,0,0.000000,0
2,positive,19,31,2,0,0.000000,0
2,positive,19,32,2,0,0.000000,0
2,positive,19,33,2,0,0.000000,0
2,positive,19,34,2,0,0.000000,0
2,positive,19,35,2,0,0.000000,0
2,positive,19,36,2,0,0.000000,0
2,positive,19,37,2,0,0.000000,0
2,positive,19,38,2,0,0.000000,0
2,positive,19,39,2,0,0.000000,0
2,positive,19,40,2,0,0.000000,0
2,positive,19,41,0,0,0.000000,0
2,positive,19,42,2,0,0.000000,0
2,positive,19,43,2,0,0.000000,0
2,positive,19,44,2,0,0.000000,0
2,positive,19,45,2,0,0.000000,0
2,positive,19,46,0,0,0.000000,0
2,positive,19,47,2,0,0.000000,0
2,positive,19,48,2,0,0.000000,0
2,positive,19,49,2,0,0.000000,0
2,positive,20,0,2,0,0.000000,0
2,positive,20,1,2,0,0.000000,0
2,positive,20,2,2,0,0.000000,0
2,positive,20,3,2,0,0.000000,0
2,positive,20,4,2,0,0.000000,0
2,positive,20,5,0,0,0.000000,0
2,positive,20,6,2,0,0.000000,0
2,positive,20,7,2,0,0.000000,0
2,positive,20,8,2,0,0.000000,0
2,positive,20,9,2,0,0.000000,0
2,positive,20,10,2,0,0.000000,0
2,positive,20,11,2,0,0.000000,0
2,positive,20,12,2,0,0.000000,0
2,positive,20,13,2,0,0.000000,0
2,positive,20,14,2,0,0.000000,0
2,positive,20,15,2,0,0.000000,0
2,positive,20,16,2,0,0.000000,0
2,positive,20,17,2,0,0.000000,0
2,positive,20,18,2,0,0.000000,0
2,positive,20,19,2,0,0.000000,0
2,positive,20,20,2,0,0.000000,0
2,positive,20,21,2,0,0.000000,0
2,positive,20,22,2,0,0.000000,0
2,positive,20,23,0,0,0.000000,0
2,positive,20,24,0,0,0.000000,0
2,positive,20,25,2,0,0.000000,0
2,positive,20,26,2,0,0.000000,0
2,positive,20,27,2,0,0.000000,0
2,positive,20,28,2,0,0.000000,0
2,positive,20,29,0,0,0.000000,0
2,positive,20,30,2,0,0.000000,0
2,positive,20,31,2,0,0.000000,0
2,positive,20,32,2,0,0.000000,0
2,positive,20,33,2,0,0.000000,0
2,positive,20,34,2,0,0.000000,0
2,positive,20,35,2,0,0.000000,0
2,positive,20,36,2,0,0.000000,0
2,positive,20,37,2,0,0.000000,0
2,positive,20,38,2,0,0.000000,0
2,positive,20,39,0,0,0.000000,0
2,positive,20,40,2,0,0.000000,0
2,positive,20,41,2,0,0.000000,0
2,positive,20,42,2,0,0.000000,0
2,positive,20,43,2,0,0.000000,0
2,positive,20,44,2,0,0.000000,0
2,positive,20,45,2,0,0.000000,0
2,positive,20,46,2,0,0.000000,0
2,positive,20,47,2,0,0.000000,0
2,positive,20,48,2,0,0.000000,0
2,positive,20,49,2,0,0.000000,0
2,positive,21,0,2,0,0.000000,0
2,positive,21,1,2,0,0.000000,0
2,positive,21,2,2,0,0.000000,0
2,positive,21,3,2,0,0.000000,0
2,positive,21,4,2,0,0.000000,0
2,positive,21,5,2,0,0.000000,0
2,positive,21,6,2,0,0.000000,0
2,positive,21,7,2,0,0.000000,0
2,positive,21,8,2,0,0.000000,0
2,positive,21,9,2,0,0.000000,0
2,positive,21,10,2,0,0.000000,0
2,positive,21,11,2,0,0.000000,0
2,positive,21,12,2,0,0.000000,0
2,positive,21,13,2,0,0.000000,0
2,positive,21,14,0,0,0.000000,0
2,positive,21,15,2,0,0.000000,0
2,positive,21,16,2,0,0.000000,0
2,positive,21,17,0,0,0.000000,0
2,positive,21,18,2,0,0.000000,0
2,positive,21,19,2,0,0.000000,0
2,positive,21,20,2,0,0.000000,0
2,positive,21,21,2,0,0.000000,0
2,positive,21,22,2,0,0.000000,0
2,positive,21,23,2,0,0.000000,0
2,positive,21,24,2,1,1.000000,1
2,positive,21,25,2,1,1.000000,1
2,positive,21,26,2,1,1.000000,1
2,positive,21,27,2,1,1.000000,1
2,positive,21,28,2,1,1.000000,1
2,positive,21,29,2,1,1.000000,1
2,positive,21,30,2,0,0.000000,0
2,positive,21,31,2,0,0.000000,0
2,positive,21,32,2,0,0.000000,0
2,positive,21,33,2,0,0.000000,0
2,positive,21,34,2,0,0.000000,0
2,positive,21,35,2,0,0.000000,0
2,positive,21,36,2,0,0.000000,0
2,positive,21,37,2,0,0.000000,0
2,positive,21,38,2,0,0.000000,0
2,positive,21,39,2,0,0.000000,0
2,positive,21,40,2,0,0.000000,0
2,positive,21,41,2,0,0.000000,0
2,positive,21,42,2,0,0.000000,0
2,positive,21,43,2,0,0.000000,0
2,positive,21,44,2,0,0.000000,0
2,positive,21,45,2,0,0.000000,0
2,positive,21,46,2,0,0.000000,0
2,positive,21,47,2,0,0.000000,0
2,positive,21,48,0,0,0.000000,0
2,positive,21,49,2,0,0.000000,0
2,positive,22,0,2,0,0.000000,0
2,positive,22,1,0,0,0.000000,0
2,positive,22,2,2,0,0.000000,0
2,positive,22,3,2,0,0.000000,0
2,positive,22,4,2,0,0.000000,0
2,positive,22,5,0,0,0.000000,0
2,positive,22,6,0,0,0.000000,0
2,positive,22,7,0,0,0.000000,0
2,positive,22,8,2,0,0.000000,0
2,positive,22,9,2,0,0.000000,0
2,positive,22,10,2,0,0.000000,0
2,positive,22,11,2,0,0.000000,0
2,positive,22,12,2,0,0.000000,0
2,positive,22,13,2,0,0.000000,0
2,positive,22,14,2,0,0.000000,0
2,positive,22,15,2,0,0.000000,0
2,positive,22,16,2,0,0.000000,0
2,positive,22,17,0,0,0.000000,0
2,positive,22,18,0,0,0.000000,0
2,positive,22,19,2,0,0.000000,0
2,positive,22,20,2,0,0.000000,0
2,positive,22,21,2,0,0.000000,0
2,positive,22,22,2,0,0.000000,0
2,positive,22,23,2,0,0.000000,0
2,positive,22,24,2,0,0.000000,0
2,positive,22,25,2,0,0.000000,0
2,positive,22,26,2,0,0.000000,0
2,positive,22,27,2,0,0.000000,0
2,positive,22,28,2,0,0.000000,0
2,positive,22,29,2,0,0.000000,0
2,positive,22,30,0,0,0.000000,0
2,positive,22,31,2,0,0.000000,0
2,positive,22,32,2,0,0.000000,0
2,positive,22,33,2,0,0.000000,0
2,positive,22,34,2,0,0.000000,0
2,positive,22,35,2,0,0.000000,0
2,positive,22,36,2,0,0.000000,0
2,positive,22,37,2,0,0.000000,0
2,positive,22,38,2,0,0.000000,0
2,positive,22,39,2,0,0.000000,0
2,positive,22,40,2,0,0.000000,0
2,positive,22,41,2,0,0.000000,0
2,positive,22,42,2,0,0.000000,0
2,positive,22,43,2,0,0.000000,0
2,positive,22,44,2,0,0.000000,0
2,positive,22,45,2,0,0.000000,0
2,positive,22,46,2,0,0.000000,0
2,positive,22,47,2,0,0.000000,0
2,positive,22,48,2,0,0.000000,0
2,positive,22,49,2,0,0.000000,0
2,positive,23,0,2,0,0.000000,0
2,positive,23,1,2,0,0.000000,0
2,positive,23,2,2,0,0.000000,0
2,positive,23,3,2,0,0.000000,0
2,positive,23,4,2,0,0.000000,0
2,positive,23,5,2,0,0.000000,0
2,positive,23,6,2,0,0.000000,0
2,positive,23,7,2,0,0.000000,0
2,positive,23,8,2,0,0.000000,0
2,positive,23,9,2,0,0.000000,0
2,positive,23,10,2,0,0.000000,0
2,positive,23,11,2,0,0.000000,0
2,positive,23,12,2,0,0.000000,0
2,positive,23,13,0,0,0.000000,0
2,positive,23,14,2,0,0.000000,0
2,positive,23,15,2,0,0.000000,0
2,positive,23,16,2,0,0.000000,0
2,positive,23,17,2,0,0.000000,0
2,positive,23,18,2,0,0.000000,0
2,positive,23,19,2,0,0.000000,0
2,positive,23,20,2,0,0.000000,0
2,positive,23,21,2,0,0.000000,0
2,positive,23,22,2,0,0.000000,0
2,positive,23,23,2,0,0.000000,0
2,positive,23,24,2,0,0.000000,0
2,positive,23,25,2,0,0.000000,0
2,positive,23,26,2,0,0.000000,0
2,positive,23,27,0,0,0.000000,0
2,positive,23,28,2,0,0.000000,0
2,positive,23,29,2,0,0.000000,0
2,positive,23,30,2,0,0.000000,0
2,positive,23,31,2,0,0.000000,0
2,positive,23,32,0,0,0.000000,0
2,positive,23,33,2,0,0.000000,0
2,positive,23,34,2,0,0.000000,0
2,positive,23,35,2,0,0.000000,0
2,positive,23,36,2,0,0.000000,0
2,positive,23,37,0,0,0.000000,0
2,positive,23,38,2,0,0.000000,0
2,positive,23,39,2,0,0.000000,0
2,positive,23,40,2,0,0.000000,0
2,positive,23,41,2,0,0.000000,0
2,positive,23,42,2,0,0.000000,0
2,positive,23,43,0,0,0.000000,0
2,positive,23,44,2,0,0.000000,0
2,positive,23,45,2,0,0.000000,0
2,positive,23,46,2,0,0.000000,0
2,positive,23,47,2,0,0.000000,0
2,positive,23,48,2,0,0.000000,0
2,positive,23,49,2,0,0.000000,0
2,positive,24,0,2,0,0.000000,0
2,positive,24,1,2,0,0.000000,0
2,positive,24,2,2,0,0.000000,0
2,positive,24,3,2,0,0.000000,0
2,positive,24,4,2,0,0.000000,0
2,positive,24,5,2,0,0.000000,0
2,positive,24,6,2,0,0.000000,0
2,positive,24,7,2,0,0.000000,0
2,positive,24,8,2,0,0.000000,0
2,positive,24,9,2,0,0.000000,0
2,positive,24,10,0,0,0.000000,0
2,positive,24,11,2,0,0.000000,0
2,positive,24,12,2,0,0.000000,0
2,positive,24,13,2,0,0.000000,0
2,positive,24,14,2,0,0.000000,0
2,positive,24,15,2,0,0.000000,0
2,positive,24,16,2,0,0.000000,0
2,positive,24,17,2,0,0.000000,0
2,positive,24,18,2,0,0.000000,0
2,positive,24,19,2,0,0.000000,0
2,positive,24,20,2,0,0.000000,0
2,positive,24,21,0,0,0.000000,0
2,positive,24,22,2,0,0.000000,0
2,positive,24,23,2,0,0.000000,0
2,positive,24,24,2,0,0.000000,0
2,positive,24,25,2,0,0.000000,0
2,positive,24,26,2,0,0.000000,0
2,positive,24,27,2,0,0.000000,0
2,positive,24,28,0,0,0.000000,0
2,positive,24,29,2,0,0.000000,0
2,positive,24,30,2,0,0.000000,0
2,positive,24,31,2,0,0.000000,0
2,positive,24,32,2,0,0.000000,0
2,positive,24,33,2,0,0.000000,0
2,positive,24,34,2,0,0.000000,0
2,positive,24,35,2,0,0.000000,0
2,positive,24,36,0,0,0.000000,0
2,positive,24,37,2,0,0.000000,0
2,positive,24,38,2,0,0.000000,0
2,positive,24,39,2,0,0.000000,0
2,positive,24,40,2,0,0.000000,0
2,positive,24,41,2,0,0.000000,0
2,positive,24,42,2,0,0.000000,0
2,positive,24,43,2,0,0.000000,0
2,positive,24,44,2,0,0.000000,0
2,positive,24,45,2,0,0.000000,0
2,positive,24,46,2,0,0.000000,0
2,positive,24,47,2,0,0.000000,0
2,positive,24,48,2,0,0.000000,0
2,positive,24,49,2,0,0.000000,0
2,positive,25,0,2,0,0.000000,0
2,positive,25,1,2,0,0.000000,0
2,positive,25,2,2,0,0.000000,0
2,positive,25,3,0,0,0.000000,0
2,positive,25,4,2,0,0.000000,0
2,positive,25,5,2,0,0.000000,0
2,positive,25,6,2,0,0.000000,0
2,positive,25,7,2,0,0.000000,0
2,positive,25,8,2,0,0.000000,0
2,positive,25,9,2,0,0.000000,0
2,positive,25,10,2,0,0.000000,0
2,positive,25,11,2,0,0.000000,0
2,positive,25,12,2,0,0.000000,0
2,positive,25,13,2,0,0.000000,0
2,positive,25,14,2,0,0.000000,0
2,positive,25,15,2,0,0.000000,0
2,positive,25,16,2,0,0.000000,0
2,positive,25,17,2,0,0.000000,0
2,positive,25,18,2,0,0.000000,0
2,positive,25,19,2,0,0.000000,0
2,positive,25,20,2,0,0.000000,0
2,positive,25,21,2,0,0.000000,0
2,positive,25,22,2,0,0.000000,0
2,positive,25,23,2,0,0.000000,0
2,positive,25,24,2,0,0.000000,0
2,positive,25,25,0,0,0.000000,0
2,positive,25,26,2,0,0.000000,0
2,positive,25,27,2,0,0.000000,0
2,positive,25,28,2,0,0.000000,0
2,positive,25,29,2,0,0.000000,0
2,positive,25,30,2,0,0.000000,0
2,positive,25,31,2,0,0.000000,0
2,positive,25,32,2,0,0.000000,0
2,positive,25,33,2,0,0.000000,0
2,positive,25,34,2,0,0.000000,0
2,positive,25,35,2,0,0.000000,0
2,positive,25,36,2,0,0.000000,0
2,positive,25,37,2,0,0.000000,0
2,positive,25,38,2,0,0.000000,0
2,positive,25,39,2,0,0.000000,0
2,positive,25,40,2,0,0.000000,0
2,positive,25,41,2,0,0.000000,0
2,positive,25,42,2,0,0.000000,0
2,positive,25,43,2,0,0.000000,0
2,positive,25,44,2,0,0.000000,0
2,positive,25,45,2,0,0.000000,0
2,positive,25,46,2,0,0.000000,0
2,positive,25,47,2,0,0.000000,0
2,positive,25,48,2,0,0.000000,0
2,positive,25,49,2,0,0.000000,0
2,positive,26,0,2,0,0.000000,0
2,positive,26,1,2,0,0.000000,0
2,positive,26,2,2,0,0.000000,0
2,positive,26,3,2,0,0.000000,0
2,positive,26,4,2,0,0.000000,0
2,positive,26,5,0,0,0.000000,0
2,positive,26,6,2,0,0.000000,0
2,positive,26,7,2,0,0.000000,0
2,positive,26,8,0,0,0.000000,0
2,positive,26,9,2,0,0.000000,0
2,positive,26,10,2,0,0.000000,0
2,positive,26,11,2,0,0.000000,0
2,positive,26,12,2,0,0.000000,0
2,positive,26,13,2,0,0.000000,0
2,positive,26,14,2,0,0.000000,0
2,positive,26,15,2,0,0.000000,0
2,positive,26,16,0,0,0.000000,0
2,positive,26,17,2,0,0.000000,0
2,positive,26,18,2,0,0.000000,0
2,positive,26,19,2,0,0.000000,0
2,positive,26,20,2,0,0.000000,0
2,positive,26,21,2,0,0.000000,0
2,positive,26,22,2,0,0.000000,0
2,positive,26,23,2,0,0.000000,0
2,positive,26,24,2,0,0.000000,0
2,positive,26,25,0,0,0.000000,0
2,positive,26,26,2,0,0.000000,0
2,positive,26,27,2,0,0.000000,0
2,positive,26,28,0,0,0.000000,0
2,positive,26,29,2,0,0.000000,0
2,positive,26,30,2,0,0.000000,0
2,positive,26,31,2,0,0.000000,0
2,positive,26,32,2,0,0.000000,0
2,positive,26,33,2,0,0.000000,0
2,positive,26,34,0,0,0.000000,0
2,positive,26,35,2,0,0.000000,0
2,positive,26,36,2,0,0.000000,0
2,positive,26,37,2,0,0.000000,0
2,positive,26,38,2,0,0.000000,0
2,positive,26,39,2,0,0.000000,0
2,positive,26,40,2,0,0.000000,0
2,positive,26,41,2,0,0.000000,0
2,positive,26,42,2,0,0.000000,0
2,positive,26,43,2,0,0.000000,0
2,positive,26,44,2,0,0.000000,0
2,positive,26,45,2,0,0.000000,0
2,positive,26,46,2,0,0.000000,0
2,positive,26,47,2,0,0.000000,0
2,positive,26,48,2,0,0.000000,0
2,positive,26,49,2,0,0.000000,0
2,positive,27,0,2,0,0.000000,0
2,positive,27,1,2,0,0.000000,0
2,positive,27,2,2,0,0.000000,0
2,positive,27,3,2,0,0.000000,0
2,positive,27,4,2,0,0.000000,0
2,positive,27,5,2,0,0.000000,0
2,positive,27,6,2,0,0.000000,0
2,positive,27,7,2,0,0.000000,0
2,positive,27,8,2,0,0.000000,0
2,positive,27,9,2,0,0.000000,0
2,positive,27,10,2,0,0.000000,0
2,positive,27,11,2,0,0.000000,0
2,positive,27,12,0,0,0.000000,0
2,positive,27,13,2,0,0.000000,0
2,positive,27,14,2,0,0.000000,0
2,positive,27,15,2,0,0.000000,0
2,positive,27,16,2,0,0.000000,0
2,positive,27,17,2,0,0.000000,0
2,positive,27,18,2,0,0.000000,0
2,positive,27,19,0,0,0.000000,0
2,positive,27,20,2,0,0.000000,0
2,positive,27,21,2,0,0.000000,0
2,positive,27,22,2,0,0.000000,0
2,positive,27,23,0,0,0.000000,0
2,positive,27,24,2,0,0.000000,0
2,positive,27,25,2,0,0.000000,0
2,positive,27,26,2,0,0.000000,0
2,positive,27,27,2,0,0.000000,0
2,positive,27,28,2,0,0.000000,0
2,positive,27,29,2,0,0.000000,0
2,positive,27,30,2,0,0.000000,0
2,positive,27,31,2,0,0.000000,0
2,positive,27,32,2,0,0.000000,0
2,positive,27,33,2,0,0.000000,0
2,positive,27,34,2,0,0.000000,0
2,positive,27,35,2,0,0.000000,0
2,positive,27,36,2,0,0.000000,0
2,positive,27,37,2,0,0.000000,0
2,positive,27,38,2,0,0.000000,0
2,positive,27,39,2,0,0.000000,0
2,positive,27,40,2,0,0.000000,0
2,positive,27,41,2,0,0.000000,0
2,positive,27,42,2,0,0.000000,0
2,positive,27,43,2,0,0.000000,0
2,positive,27,44,2,0,0.000000,0
2,positive,27,45,2,0,0.000000,0
2,positive,27,46,2,0,0.000000,0
2,positive,27,47,2,0,0.000000,0
2,positive,27,48,2,0,0.000000,0
2,positive,27,49,2,0,0.000000,0
2,positive,28,0,2,0,0.000000,0
2,positive,28,1,2,0,0.000000,0
2,positive,28,2,2,0,0.000000,0
2,positive,28,3,2,0,0.000000,0
2,positive,28,4,2,0,0.000000,0
2,positive,28,5,2,0,0.000000,0
2,positive,28,6,2,0,0.000000,0
2,positive,28,7,2,0,0.000000,0
2,positive,28,8,2,0,0.000000,0
2,positive,28,9,2,0,0.000000,0
2,positive,28,10,2,0,0.000000,0
2,positive,28,11,0,0,0.000000,0
2,positive,28,12,2,0,0.000000,0
2,positive,28,13,2,0,0.000000,0
2,positive,28,14,2,0,0.000000,0
2,positive,28,15,2,0,0.000000,0
2,positive,28,16,2,0,0.000000,0
2,positive,28,17,2,0,0.000000,0
2,positive,28,18,2,0,0.000000,0
2,positive,28,19,2,0,0.000000,0
2,positive,28,20,2,0,0.000000,0
2,positive,28,21,0,0,0.000000,0
2,positive,28,22,2,0,0.000000,0
2,positive,28,23,0,0,0.000000,0
2,positive,28,24,2,0,0.000000,0
2,positive,28,25,2,0,0.000000,0
2,positive,28,26,2,0,0.000000,0
2,positive,28,27,2,0,0.000000,0
2,positive,28,28,2,0,0.000000,0
2,positive,28,29,0,0,0.000000,0
2,positive,28,30,2,0,0.000000,0
2,positive,28,31,2,0,0.000000,0
2,positive,28,32,2,0,0.000000,0
2,positive,28,33,2,0,0.000000,0
2,positive,28,34,2,0,0.000000,0
2,positive,28,35,2,0,0.000000,0
2,positive,28,36,2,0,0.000000,0
2,positive,28,37,0,0,0.000000,0
2,positive,28,38,2,0,0.000000,0
2,positive,28,39,2,0,0.000000,0
2,positive,28,40,2,0,0.000000,0
2,positive,28,41,2,0,0.000000,0
2,positive,28,42,2,0,0.000000,0
2,positive,28,43,2,0,0.000000,0
2,positive,28,44,2,0,0.000000,0
2,positive,28,45,2,0,0.000000,0
2,positive,28,46,2,0,0.000000,0
2,positive,28,47,2,0,0.000000,0
2,positive,28,48,2,0,0.000000,0
2,positive,28,49,2,0,0.000000,0
2,positive,29,0,2,0,0.000000,0
2,positive,29,1,2,0,0.000000,0
2,positive,29,2,2,0,0.000000,0
2,positive,29,3,2,0,0.000000,0
2,positive,29,4,2,0,0.000000,0
2,positive,29,5,2,0,0.000000,0
2,positive,29,6,0,0,0.000000,0
2,positive,29,7,2,0,0.000000,0
2,positive,29,8,2,0,0.000000,0
2,positive,29,9,2,0,0.000000,0
2,positive,29,10,2,0,0.000000,0
2,positive,29,11,0,0,0.000000,0
2,positive,29,12,2,0,0.000000,0
2,positive,29,13,2,0,0.000000,0
2,positive,29,14,2,0,0.000000,0
2,positive,29,15,2,0,0.000000,0
2,positive,29,16,2,0,0.000000,0
2,positive,29,17,2,0,0.000000,0
2,positive,29,18,2,0,0.000000,0
2,positive,29,19,2,0,0.000000,0
2,positive,29,20,2,0,0.000000,0
2,positive,29,21,2,0,0.000000,0
2,positive,29,22,2,0,0.000000,0
2,positive,29,23,2,0,0.000000,0
2,positive,29,24,2,0,0.000000,0
2,positive,29,25,2,0,0.000000,0
2,positive,29,26,2,0,0.000000,0
2,positive,29,27,2,0,0.000000,0
2,positive,29,28,2,0,0.000000,0
2,positive,29,29,2,0,0.000000,0
2,positive,29,30,2,0,0.000000,0
2,positive,29,31,2,0,0.000000,0
2,positive,29,32,2,0,0.000000,0
2,positive,29,33,2,0,0.000000,0
2,positive,29,34,0,0,0.000000,0
2,positive,29,35,0,0,0.000000,0
2,positive,29,36,2,0,0.000000,0
2,positive,29,37,2,0,0.000000,0
2,positive,29,38,2,0,0.000000,0
2,positive,29,39,2,0,0.000000,0
2,positive,29,40,0,0,0.000000,0
2,positive,29,41,2,0,0.000000,0
2,positive,29,42,2,0,0.000000,0
2,positive,29,43,0,0,0.000000,0
2,positive,29,44,2,0,0.000000,0
2,positive,29,45,2,0,0.000000,0
2,positive,29,46,2,0,0.000000,0
2,positive,29,47,2,0,0.000000,0
2,positive,29,48,2,0,0.000000,0
2,positive,29,49,0,0,0.000000,0
2,positive,30,0,2,0,0.000000,0
2,positive,30,1,2,0,0.000000,0
2,positive,30,2,2,0,0.000000,0
2,positive,30,3,2,0,0.000000,0
2,positive,30,4,2,0,0.000000,0
2,positive,30,5,2,0,0.000000,0
2,positive,30,6,0,0,0.000000,0
2,positive,30,7,2,0,0.000000,0
2,positive,30,8,2,0,0.000000,0
2,positive,30,9,2,0,0.000000,0
2,positive,30,10,2,0,0.000000,0
2,positive,30,11,2,0,0.000000,0
2,positive,30,12,2,0,0.000000,0
2,positive,30,13,2,0,0.000000,0
2,positive,30,14,2,0,0.000000,0
2,positive,30,15,0,0,0.000000,0
2,positive,30,16,2,0,0.000000,0
2,positive,30,17,2,0,0.000000,0
2,positive,30,18,2,0,0.000000,0
2,positive,30,19,2,0,0.000000,0
2,positive,30,20,2,0,0.000000,0
2,positive,30,21,0,0,0.000000,0
2,positive,30,22,2,0,0.000000,0
2,positive,30,23,2,0,0.000000,0
2,positive,30,24,2,0,0.000000,0
2,positive,30,25,2,0,0.000000,0
2,positive,30,26,2,0,0.000000,0
2,positive,30,27,2,0,0.000000,0
2,positive,30,28,2,0,0.000000,0
2,positive,30,29,2,0,0.000000,0
2,positive,30,30,2,0,0.000000,0
2,positive,30,31,2,0,0.000000,0
2,positive,30,32,2,0,0.000000,0
2,positive,30,33,2,0,0.000000,0
2,positive,30,34,2,0,0.000000,0
2,positive,30,35,2,0,0.000000,0
2,positive,30,36,0,0,0.000000,0
2,positive,30,37,2,0,0.000000,0
2,positive,30,38,2,0,0.000000,0
2,positive,30,39,2,0,0.000000,0
2,positive,30,40,2,0,0.000000,0
2,positive,30,41,2,0,0.000000,0
2,positive,30,42,2,0,0.000000,0
2,positive,30,43,2,0,0.000000,0
2,positive,30,44,2,0,0.000000,0
2,positive,30,45,2,0,0.000000,0
2,positive,30,46,2,0,0.000000,0
2,positive,30,47,2,0,0.000000,0
2,positive,30,48,2,0,0.000000,0
2,positive,30,49,2,0,0.000000,0
2,positive,31,0,2,0,0.000000,0
2,positive,31,1,2,0,0.000000,0
2,positive,31,2,2,0,0.000000,0
2,positive,31,3,2,0,0.000000,0
2,positive,31,4,2,0,0.000000,0
2,positive,31,5,2,0,0.000000,0
2,positive,31,6,2,0,0.000000,0
2,positive,31,7,0,0,0.000000,0
2,positive,31,8,2,0,0.000000,0
2,positive,31,9,2,0,0.000000,0
2,positive,31,10,2,0,0.000000,0
2,positive,31,11,0,0,0.000000,0
2,positive,31,12,2,0,0.000000,0
2,positive,31,13,2,0,0.000000,0
2,positive,31,14,2,0,0.000000,0
2,positive,31,15,2,0,0.000000,0
2,positive,31,16,2,0,0.000000,0
2,positive,31,17,2,0,0.000000,0
2,positive,31,18,2,0,0.000000,0
2,positive,31,19,2,0,0.000000,0
2,positive,31,20,2,0,0.000000,0
2,positive,31,21,2,0,0.000000,0
2,positive,31,22,2,0,0.000000,0
2,positive,31,23,2,0,0.000000,0
2,positive,31,24,0,0,0.000000,0
2,positive,31,25,2,0,0.000000,0
2,positive,31,26,2,0,0.000000,0
2,positive,31,27,2,0,0.000000,0
2,positive,31,28,2,0,0.000000,0
2,positive,31,29,2,0,0.000000,0
2,positive,31,30,2,0,0.000000,0
2,positive,31,31,2,0,0.000000,0
2,positive,31,32,0,0,0.000000,0
2,positive,31,33,2,0,0.000000,0
2,positive,31,34,2,0,0.000000,0
2,positive,31,35,0,0,0.000000,0
2,positive,31,36,2,0,0.000000,0
2,positive,31,37,0,0,0.000000,0
2,positive,31,38,2,0,0.000000,0
2,positive,31,39,2,0,0.000000,0
2,positive,31,40,0,0,0.000000,0
2,positive,31,41,2,0,0.000000,0
2,positive,31,42,2,0,0.000000,0
2,positive,31,43,2,0,0.000000,0
2,positive,31,44,2,0,0.000000,0
2,positive,31,45,2,0,0.000000,0
2,positive,31,46,2,0,0.000000,0
2,positive,31,47,2,0,0.000000,0
2,positive,31,48,0,0,0.000000,0
2,positive,31,49,2,0,0.000000,0
2,positive,32,0,2,0,0.000000,0
2,positive,32,1,2,0,0.000000,0
2,positive,32,2,0,0,0.000000,0
2,positive,32,3,2,0,0.000000,0
2,positive,32,4,2,0,0.000000,0
2,positive,32,5,2,0,0.000000,0
2,positive,32,6,2,0,0.000000,0
2,positive,32,7,2,0,0.000000,0
2,positive,32,8,2,0,0.000000,0
2,positive,32,9,0,0,0.000000,0
2,positive,32,10,2,0,0.000000,0
2,positive,32,11,2,0,0.000000,0
2,positive,32,12,2,0,0.000000,0
2,positive,32,13,2,0,0.000000,0
2,positive,32,14,2,0,0.000000,0
2,positive,32,15,2,0,0.000000,0
2,positive,32,16,2,0,0.000000,0
2,positive,32,17,2,0,0.000000,0
2,positive,32,18,0,0,0.000000,0
2,positive,32,19,2,0,0.000000,0
2,positive,32,20,2,0,0.000000,0
2,positive,32,21,2,0,0.000000,0
2,positive,32,22,2,0,0.000000,0
2,positive,32,23,2,0,0.000000,0
2,positive,32,24,2,0,0.000000,0
2,positive,32,25,2,0,0.000000,0
2,positive,32,26,2,0,0.000000,0
2,positive,32,27,2,0,0.000000,0
2,positive,32,28,2,0,0.000000,0
2,positive,32,29,2,0,0.000000,0
2,positive,32,30,2,0,0.000000,0
2,positive,32,31,2,0,0.000000,0
2,positive,32,32,2,0,0.000000,0
2,positive,32,33,2,0,0.000000,0
2,positive,32,34,2,0,0.000000,0
2,positive,32,35,2,0,0.000000,0
2,positive,32,36,2,0,0.000000,0
2,positive,32,37,2,0,0.000000,0
2,positive,32,38,2,0,0.000000,0
2,positive,32,39,0,0,0.000000,0
2,positive,32,40,2,0,0.000000,0
2,positive,32,41,2,0,0.000000,0
2,positive,32,42,2,0,0.000000,0
2,positive,32,43,0,0,0.000000,0
2,positive,32,44,2,0,0.000000,0
2,positive,32,45,2,0,0.000000,0
2,positive,32,46,2,0,0.000000,0
2,positive,32,47,2,0,0.000000,0
2,positive,32,48,2,0,0.000000,0
2,positive,32,49,2,0,0.000000,0
2,positive,33,0,2,0,0.000000,0
2,positive,33,1,0,0,0.000000,0
2,positive,33,2,2,0,0.000000,0
2,positive,33,3,2,0,0.000000,0
2,positive,33,4,2,0,0.000000,0
2,positive,33,5,2,0,0.000000,0
2,positive,33,6,2,0,0.000000,0
2,positive,33,7,2,0,0.000000,0
2,positive,33,8,2,0,0.000000,0
2,positive,33,9,2,0,0.000000,0
2,positive,33,10,2,0,0.000000,0
2,positive,33,11,2,0,0.000000,0
2,positive,33,12,2,0,0.000000,0
2,positive,33,13,2,0,0.000000,0
2,positive,33,14,2,0,0.000000,0
2,positive,33,15,2,0,0.000000,0
2,positive,33,16,2,0,0.000000,0
2,positive,33,17,0,0,0.000000,0
2,positive,33,18,2,0,0.000000,0
2,positive,33,19,2,0,0.000000,0
2,positive,33,20,2,0,0.000000,0
2,positive,33,21,2,0,0.000000,0
2,positive,33,22,2,0,0.000000,0
2,positive,33,23,2,0,0.000000,0
2,positive,33,24,2,0,0.000000,0
2,positive,33,25,2,0,0.000000,0
2,positive,33,26,2,0,0.000000,0
2,positive,33,27,2,0,0.000000,0
2,positive,33,28,2,0,0.000000,0
2,positive,33,29,2,0,0.000000,0
2,positive,33,30,2,0,0.000000,0
2,positive,33,31,2,0,0.000000,0
2,positive,33,32,2,0,0.000000,0
2,positive,33,33,2,0,0.000000,0
2,positive,33,34,2,0,0.000000,0
2,positive,33,35,2,0,0.000000,0
2,positive,33,36,2,0,0.000000,0
2,positive,33,37,0,0,0.000000,0
2,positive,33,38,2,0,0.000000,0
2,positive,33,39,2,0,0.000000,0
2,positive,33,40,2,0,0.000000,0
2,positive,33,41,2,0,0.000000,0
2,positive,33,42,0,0,0.000000,0
2,positive,33,43,2,0,0.000000,0
2,positive,33,44,2,0,0.000000,0
2,positive,33,45,2,0,0.000000,0
2,positive,33,46,2,0,0.000000,0
2,positive,33,47,2,0,0.000000,0
2,positive,33,48,2,0,0.000000,0
2,positive,33,49,2,0,0.000000,0
2,positive,34,0,2,0,0.000000,0
2,positive,34,1,2,0,0.000000,0
2,positive,34,2,2,0,0.000000,0
2,positive,34,3,2,0,0.000000,0
2,positive,34,4,2,0,0.000000,0
2,positive,34,5,2,0,0.000000,0
2,positive,34,6,2,0,0.000000,0
2,positive,34,7,2,0,0.000000,0
2,positive,34,8,2,0,0.000000,0
2,positive,34,9,2,0,0.000000,0
2,positive,34,10,2,0,0.000000,0
2,positive,34,11,0,0,0.000000,0
2,positive,34,12,2,0,0.000000,0
2,positive,34,13,0,0,0.000000,0
2,positive,34,14,2,0,0.000000,0
2,positive,34,15,2,0,0.000000,0
2,positive,34,16,2,0,0.000000,0
2,positive,34,17,2,0,0.000000,0
2,positive,34,18,2,0,0.000000,0
2,positive,34,19,2,0,0.000000,0
2,positive,34,20,2,0,0.000000,0
2,positive,34,21,2,0,0.000000,0
2,positive,34,22,2,0,0.000000,0
2,positive,34,23,0,0,0.000000,0
2,positive,34,24,2,0,0.000000,0
2,positive,34,25,2,0,0.000000,0
2,positive,34,26,2,0,0.000000,0
2,positive,34,27,2,0,0.000000,0
2,positive,34,28,2,0,0.000000,0
2,positive,34,29,2,0,0.000000,0
2,positive,34,30,2,0,0.000000,0
2,positive,34,31,2,0,0.000000,0
2,positive,34,32,2,0,0.000000,0
2,positive,34,33,2,0,0.000000,0
2,positive,34,34,2,0,0.000000,0
2,positive,34,35,2,0,0.000000,0
2,positive,34,36,2,0,0.000000,0
2,positive,34,37,2,0,0.000000,0
2,positive,34,38,2,0,0.000000,0
2,positive,34,39,2,0,0.000000,0
2,positive,34,40,2,0,0.000000,0
2,positive,34,41,0,0,0.000000,0
2,positive,34,42,0,0,0.000000,0
2,positive,34,43,2,0,0.000000,0
2,positive,34,44,2,0,0.000000,0
2,positive,34,45,2,0,0.000000,0
2,positive,34,46,2,0,0.000000,0
2,positive,34,47,0,0,0.000000,0
2,positive,34,48,2,0,0.000000,0
2,positive,34,49,2,0,0.000000,0
2,positive,35,0,2,0,0.000000,0
2,positive,35,1,2,0,0.000000,0
2,positive,35,2,2,0,0.000000,0
2,positive,35,3,0,0,0.000000,0
2,positive,35,4,2,0,0.000000,0
2,positive,35,5,2,0,0.000000,0
2,positive,35,6,2,0,0.000000,0
2,positive,35,7,2,0,0.000000,0
2,positive,35,8,2,0,0.000000,0
2,positive,35,9,2,0,0.000000,0
2,positive,35,10,2,0,0.000000,0
2,positive,35,11,2,0,0.000000,0
2,positive,35,12,0,0,0.000000,0
2,positive,35,13,2,0,0.000000,0
2,positive,35,14,2,0,0.000000,0
2,positive,35,15,2,0,0.000000,0
2,positive,35,16,2,0,0.000000,0
2,positive,35,17,2,0,0.000000,0
2,positive,35,18,2,0,0.000000,0
2,positive,35,19,2,0,0.000000,0
2,positive,35,20,2,0,0.000000,0
2,positive,35,21,2,0,0.000000,0
2,positive,35,22,0,0,0.000000,0
2,positive,35,23,2,0,0.000000,0
2,positive,35,24,2,0,0.000000,0
2,positive,35,25,2,0,0.000000,0
2,positive,35,26,2,0,0.000000,0
2,positive,35,27,2,0,0.000000,0
2,positive,35,28,2,0,0.000000,0
2,positive,35,29,2,0,0.000000,0
2,positive,35,30,0,0,0.000000,0
2,positive,35,31,2,0,0.000000,0
2,positive,35,32,2,0,0.000000,0
2,positive,35,33,2,0,0.000000,0
2,positive,35,34,2,0,0.000000,0
2,positive,35,35,2,0,0.000000,0
2,positive,35,36,2,0,0.000000,0
2,positive,35,37,2,0,0.000000,0
2,positive,35,38,2,0,0.000000,0
2,positive,35,39,2,0,0.000000,0
2,positive,35,40,2,0,0.000000,0
2,positive,35,41,2,0,0.000000,0
2,positive,35,42,0,0,0.000000,0
2,positive,35,43,2,0,0.000000,0
2,positive,35,44,2,0,0.000000,0
2,positive,35,45,2,0,0.000000,0
2,positive,35,46,2,0,0.000000,0
2,positive,35,47,2,0,0.000000,0
2,positive,35,48,2,0,0.000000,0
2,positive,35,49,0,0,0.000000,0
2,positive,36,0,2,0,0.000000,0
2,positive,36,1,2,0,0.000000,0
2,positive,36,2,2,0,0.000000,0
2,positive,36,3,2,0,0.000000,0
2,positive,36,4,2,0,0.000000,0
2,positive,36,5,2,0,0.000000,0
2,positive,36,6,2,0,0.000000,0
2,positive,36,7,2,0,0.000000,0
2,positive,36,8,0,0,0.000000,0
2,positive,36,9,2,0,0.000000,0
2,positive,36,10,2,0,0.000000,0
2,positive,36,11,2,0,0.000000,0
2,positive,36,12,2,0,0.000000,0
2,positive,36,13,2,0,0.000000,0
2,positive,36,14,2,0,0.000000,0
2,positive,36,15,2,0,0.000000,0
2,positive,36,16,2,0,0.000000,0
2,positive,36,17,2,0,0.000000,0
2,positive,36,18,0,0,0.000000,0
2,positive,36,19,0,0,0.000000,0
2,positive,36,20,2,0,0.000000,0
2,positive,36,21,2,0,0.000000,0
2,positive,36,22,2,0,0.000000,0
2,positive,36,23,2,0,0.000000,0
2,positive,36,24,2,0,0.000000,0
2,positive,36,25,2,0,0.000000,0
2,positive,36,26,2,0,0.000000,0
2,positive,36,27,2,0,0.000000,0
2,positive,36,28,2,0,0.000000,0
2,positive,36,29,2,0,0.000000,0
2,positive,36,30,0,0,0.000000,0
2,positive,36,31,2,0,0.000000,0
2,positive,36,32,2,0,0.000000,0
2,positive,36,33,2,0,0.000000,0
2,positive,36,34,2,0,0.000000,0
2,positive,36,35,2,0,0.000000,0
2,positive,36,36,2,0,0.000000,0
2,positive,36,37,2,0,0.000000,0
2,positive,36,38,0,0,0.000000,0
2,positive,36,39,2,0,0.000000,0
2,positive,36,40,2,0,0.000000,0
2,positive,36,41,2,0,0.000000,0
2,positive,36,42,2,0,0.000000,0
2,positive,36,43,2,0,0.000000,0
2,positive,36,44,2,0,0.000000,0
2,positive,36,45,0,0,0.000000,0
2,positive,36,46,2,0,0.000000,0
2,positive,36,47,2,0,0.000000,0
2,positive,36,48,2,0,0.000000,0
2,positive,36,49,2,0,0.000000,0
2,positive,37,0,2,0,0.000000,0
2,positive,37,1,2,0,0.000000,0
2,positive,37,2,2,0,0.000000,0
2,positive,37,3,2,0,0.000000,0
2,positive,37,4,2,0,0.000000,0
2,positive,37,5,2,0,0.000000,0
2,positive,37,6,2,0,0.000000,0
2,positive,37,7,2,0,0.000000,0
2,positive,37,8,2,0,0.000000,0
2,positive,37,9,2,0,0.000000,0
2,positive,37,10,2,0,0.000000,0
2,positive,37,11,2,0,0.000000,0
2,positive,37,12,2,0,0.000000,0
2,positive,37,13,2,0,0.000000,0
2,positive,37,14,2,0,0.000000,0
2,positive,37,15,2,0,0.000000,0
2,positive,37,16,0,0,0.000000,0
2,positive,37,17,2,0,0.000000,0
2,positive,37,18,2,0,0.000000,0
2,positive,37,19,2,0,0.000000,0
2,positive,37,20,2,0,0.000000,0
2,positive,37,21,2,0,0.000000,0
2,positive,37,22,2,0,0.000000,0
2,positive,37,23,2,0,0.000000,0
2,positive,37,24,0,0,0.000000,0
2,positive,37,25,2,0,0.000000,0
2,positive,37,26,2,0,0.000000,0
2,positive,37,27,2,0,0.000000,0
2,positive,37,28,2,0,0.000000,0
2,positive,37,29,2,0,0.000000,0
2,positive,37,30,2,0,0.000000,0
2,positive,37,31,2,0,0.000000,0
2,positive,37,32,2,0,0.000000,0
2,positive,37,33,0,0,0.000000,0
2,positive,37,34,2,0,0.000000,0
2,positive,37,35,2,0,0.000000,0
2,positive,37,36,2,0,0.000000,0
2,positive,37,37,2,0,0.000000,0
2,positive,37,38,2,0,0.000000,0
2,positive,37,39,2,0,0.000000,0
2,positive,37,40,2,0,0.000000,0
2,positive,37,41,2,0,0.000000,0
2,positive,37,42,2,0,0.000000,0
2,positive,37,43,2,0,0.000000,0
2,positive,37,44,2,0,0.000000,0
2,positive,37,45,2,0,0.000000,0
2,positive,37,46,0,0,0.000000,0
2,positive,37,47,2,0,0.000000,0
2,positive,37,48,2,0,0.000000,0
2,positive,37,49,2,0,0.000000,0
2,positive,38,0,2,0,0.000000,0
2,positive,38,1,0,0,0.000000,0
2,positive,38,2,0,0,0.000000,0
2,positive,38,3,2,0,0.000000,0
2,positive,38,4,2,0,0.000000,0
2,positive,38,5,2,0,0.000000,0
2,positive,38,6,2,0,0.000000,0
2,positive,38,7,2,0,0.000000,0
2,positive,38,8,2,0,0.000000,0
2,positive,38,9,2,0,0.000000,0
2,positive,38,10,2,0,0.000000,0
2,positive,38,11,2,0,0.000000,0
2,positive,38,12,2,0,0.000000,0
2,positive,38,13,2,0,0.000000,0
2,positive,38,14,2,0,0.000000,0
2,positive,38,15,2,0,0.000000,0
2,positive,38,16,2,0,0.000000,0
2,positive,38,17,2,0,0.000000,0
2,positive,38,18,2,0,0.000000,0
2,positive,38,19,2,0,0.000000,0
2,positive,38,20,2,0,0.000000,0
2,positive,38,21,2,0,0.000000,0
2,positive,38,22,2,0,0.000000,0
2,positive,38,23,2,0,0.000000,0
2,positive,38,24,2,0,0.000000,0
2,positive,38,25,2,0,0.000000,0
2,positive,38,26,0,0,0.000000,0
2,positive,38,27,2,0,0.000000,0
2,positive,38,28,2,0,0.000000,0
2,positive,38,29,2,0,0.000000,0
2,positive,38,30,2,0,0.000000,0
2,positive,38,31,2,0,0.000000,0
2,positive,38,32,2,0,0.000000,0
2,positive,38,33,2,0,0.000000,0
2,positive,38,34,2,0,0.000000,0
2,positive,38,35,2,0,0.000000,0
2,positive,38,36,2,0,0.000000,0
2,positive,38,37,2,0,0.000000,0
2,positive,38,38,2,0,0.000000,0
2,positive,38,39,2,0,0.000000,0
2,positive,38,40,2,0,0.000000,0
2,positive,38,41,2,0,0.000000,0
2,positive,38,42,2,0,0.000000,0
2,positive,38,43,2,0,0.000000,0
2,positive,38,44,2,0,0.000000,0
2,positive,38,45,2,0,0.000000,0
2,positive,38,46,2,0,0.000000,0
2,positive,38,47,2,0,0.000000,0
2,positive,38,48,0,0,0.000000,0
2,positive,38,49,2,0,0.000000,0
2,positive,39,0,2,0,0.000000,0
2,positive,39,1,0,0,0.000000,0
2,positive,39,2,2,0,0.000000,0
2,positive,39,3,2,0,0.000000,0
2,positive,39,4,2,0,0.000000,0
2,positive,39,5,2,0,0.000000,0
2,positive,39,6,2,0,0.000000,0
2,positive,39,7,0,0,0.000000,0
2,positive,39,8,2,0,0.000000,0
2,positive,39,9,2,0,0.000000,0
2,positive,39,10,2,0,0.000000,0
2,positive,39,11,2,0,0.000000,0
2,positive,39,12,2,0,0.000000,0
2,positive,39,13,2,0,0.000000,0
2,positive,39,14,0,0,0.000000,0
2,positive,39,15,2,0,0.000000,0
2,positive,39,16,2,0,0.000000,0
2,positive,39,17,0,0,0.000000,0
2,positive,39,18,2,0,0.000000,0
2,positive,39,19,2,0,0.000000,0
2,positive,39,20,2,0,0.000000,0
2,positive,39,21,2,0,0.000000,0
2,positive,39,22,0,0,0.000000,0
2,positive,39,23,2,0,0.000000,0
2,positive,39,24,2,0,0.000000,0
2,positive,39,25,2,0,0.000000,0
2,positive,39,26,2,0,0.000000,0
2,positive,39,27,2,0,0.000000,0
2,positive,39,28,2,0,0.000000,0
2,positive,39,29,0,0,0.000000,0
2,positive,39,30,2,0,0.000000,0
2,positive,39,31,0,0,0.000000,0
2,positive,39,32,0,0,0.000000,0
2,positive,39,33,2,0,0.000000,0
2,positive,39,34,2,0,0.000000,0
2,positive,39,35,2,0,0.000000,0
2,positive,39,36,2,0,0.000000,0
2,positive,39,37,2,0,0.000000,0
2,positive,39,38,2,0,0.000000,0
2,positive,39,39,2,0,0.000000,0
2,positive,39,40,2,0,0.000000,0
2,positive,39,41,2,0,0.000000,0
2,positive,39,42,2,0,0.000000,0
2,positive,39,43,2,0,0.000000,0
2,positive,39,44,2,0,0.000000,0
2,positive,39,45,0,0,0.000000,0
2,positive,39,46,2,0,0.000000,0
2,positive,39,47,2,0,0.000000,0
2,positive,39,48,2,0,0.000000,0
2,positive,39,49,2,0,0.000000,0
2,positive,40,0,2,0,0.000000,0
2,positive,40,1,2,0,0.000000,0
2,positive,40,2,2,0,0.000000,0
2,positive,40,3,2,0,0.000000,0
2,positive,40,4,2,0,0.000000,0
2,positive,40,5,2,0,0.000000,0
2,positive,40,6,2,0,0.000000,0
2,positive,40,7,2,0,0.000000,0
2,positive,40,8,2,0,0.000000,0
2,positive,40,9,2,0,0.000000,0
2,positive,40,10,2,0,0.000000,0
2,positive,40,11,2,0,0.000000,0
2,positive,40,12,2,0,0.000000,0
2,positive,40,13,2,0,0.000000,0
2,positive,40,14,2,0,0.000000,0
2,positive,40,15,2,0,0.000000,0
2,positive,40,16,2,0,0.000000,0
2,positive,40,17,2,0,0.000000,0
2,positive,40,18,2,0,0.000000,0
2,positive,40,19,2,0,0.000000,0
2,positive,40,20,2,0,0.000000,0
2,positive,40,21,2,0,0.000000,0
2,positive,40,22,2,0,0.000000,0
2,positive,40,23,2,0,0.000000,0
2,positive,40,24,2,0,0.000000,0
2,positive,40,25,0,0,0.000000,0
2,positive,40,26,2,0,0.000000,0
2,positive,40,27,2,0,0.000000,0
2,positive,40,28,2,0,0.000000,0
2,positive,40,29,2,0,0.000000,0
2,positive,40,30,2,0,0.000000,0
2,positive,40,31,0,0,0.000000,0
2,positive,40,32,2,0,0.000000,0
2,positive,40,33,2,0,0.000000,0
2,positive,40,34,2,0,0.000000,0
2,positive,40,35,2,0,0.000000,0
2,positive,40,36,0,0,0.000000,0
2,positive,40,37,2,0,0.000000,0
2,positive,40,38,2,0,0.000000,0
2,positive,40,39,0,0,0.000000,0
2,positive,40,40,2,0,0.000000,0
2,positive,40,41,2,0,0.000000,0
2,positive,40,42,2,0,0.000000,0
2,positive,40,43,2,0,0.000000,0
2,positive,40,44,2,0,0.000000,0
2,positive,40,45,2,0,0.000000,0
2,positive,40,46,2,0,0.000000,0
2,positive,40,47,2,0,0.000000,0
2,positive,40,48,2,0,0.000000,0
2,positive,40,49,2,0,0.000000,0
2,positive,41,0,2,0,0.000000,0
2,positive,41,1,0,0,0.000000,0
2,positive,41,2,2,0,0.000000,0
2,positive,41,3,2,0,0.000000,0
2,positive,41,4,2,0,0.000000,0
2,positive,41,5,2,0,0.000000,0
2,positive,41,6,2,0,0.000000,0
2,positive,41,7,2,0,0.000000,0
2,positive,41,8,2,0,0.000000,0
2,positive,41,9,2,0,0.000000,0
2,positive,41,10,2,0,0.000000,0
2,positive,41,11,2,0,0.000000,0
2,positive,41,12,2,0,0.000000,0
2,positive,41,13,2,0,0.000000,0
2,positive,41,14,2,0,0.000000,0
2,positive,41,15,2,0,0.000000,0
2,positive,41,16,2,0,0.000000,0
2,positive,41,17,2,0,0.000000,0
2,positive,41,18,2,0,0.000000,0
2,positive,41,19,2,0,0.000000,0
2,positive,41,20,2,0,0.000000,0
2,positive,41,21,2,0,0.000000,0
2,positive,41,22,2,0,0.000000,0
2,positive,41,23,2,0,0.000000,0
2,positive,41,24,2,0,0.000000,0
2,positive,41,25,2,0,0.000000,0
2,positive,41,26,2,0,0.000000,0
2,positive,41,27,2,0,0.000000,0
2,positive,41,28,2,0,0.000000,0
2,positive,41,29,2,0,0.000000,0
2,positive,41,30,2,0,0.000000,0
2,positive,41,31,0,0,0.000000,0
2,positive,41,32,2,0,0.000000,0
2,positive,41,33,2,0,0.000000,0
2,positive,41,34,0,0,0.000000,0
2,positive,41,35,2,0,0.000000,0
2,positive,41,36,2,0,0.000000,0
2,positive,41,37,2,0,0.000000,0
2,positive,41,38,2,0,0.000000,0
2,positive,41,39,2,0,0.000000,0
2,positive,41,40,2,0,0.000000,0
2,positive,41,41,2,0,0.000000,0
2,positive,41,42,2,0,0.000000,0
2,positive,41,43,2,0,0.000000,0
2,positive,41,44,2,0,0.000000,0
2,positive,41,45,2,0,0.000000,0
2,positive,41,46,2,0,0.000000,0
2,positive,41,47,2,0,0.000000,0
2,positive,41,48,2,0,0.000000,0
2,positive,41,49,2,0,0.000000,0
2,positive,42,0,0,0,0.000000,0
2,positive,42,1,0,0,0.000000,0
2,positive,42,2,2,0,0.000000,0
2,positive,42,3,2,0,0.000000,0
2,positive,42,4,0,0,0.000000,0
2,positive,42,5,0,0,0.000000,0
2,positive,42,6,2,0,0.000000,0
2,positive,42,7,2,0,0.000000,0
2,positive,42,8,2,0,0.000000,0
2,positive,42,9,2,0,0.000000,0
2,positive,42,10,2,0,0.000000,0
2,positive,42,11,2,0,0.000000,0
2,positive,42,12,2,0,0.000000,0
2,positive,42,13,2,0,0.000000,0
2,positive,42,14,2,0,0.000000,0
2,positive,42,15,2,0,0.000000,0
2,positive,42,16,2,0,0.000000,0
2,positive,42,17,2,0,0.000000,0
2,positive,42,18,2,0,0.000000,0
2,positive,42,19,2,0,0.000000,0
2,positive,42,20,0,0,0.000000,0
2,positive,42,21,2,0,0.000000,0
2,positive,42,22,2,0,0.000000,0
2,positive,42,23,2,0,0.000000,0
2,positive,42,24,2,0,0.000000,0
2,positive,42,25,2,0,0.000000,0
2,positive,42,26,2,0,0.000000,0
2,positive,42,27,2,0,0.000000,0
2,positive,42,28,2,0,0.000000,0
2,positive,42,29,2,0,0.000000,0
2,positive,42,30,2,0,0.000000,0
2,positive,42,31,2,0,0.000000,0
2,positive,42,32,0,0,0.000000,0
2,positive,42,33,2,0,0.000000,0
2,positive,42,34,2,0,0.000000,0
2,positive,42,35,2,0,0.000000,0
2,positive,42,36,2,0,0.000000,0
2,positive,42,37,2,0,0.000000,0
2,positive,42,38,2,0,0.000000,0
2,positive,42,39,2,0,0.000000,0
2,positive,42,40,2,0,0.000000,0
2,positive,42,41,2,0,0.000000,0
2,positive,42,42,2,0,0.000000,0
2,positive,42,43,2,0,0.000000,0
2,positive,42,44,2,0,0.000000,0
2,positive,42,45,2,0,0.000000,0
2,positive,42,46,2,0,0.000000,0
2,positive,42,47,2,0,0.000000,0
2,positive,42,48,2,0,0.000000,0
2,positive,42,49,2,0,0.000000,0
2,positive,43,0,2,0,0.000000,0
2,positive,43,1,2,0,0.000000,0
2,positive,43,2,2,0,0.000000,0
2,positive,43,3,2,0,0.000000,0
2,positive,43,4,2,0,0.000000,0
2,positive,43,5,2,0,0.000000,0
2,positive,43,6,2,0,0.000000,0
2,positive,43,7,2,0,0.000000,0
2,positive,43,8,2,0,0.000000,0
2,positive,43,9,0,0,0.000000,0
2,positive,43,10,2,0,0.000000,0
2,positive,43,11,2,0,0.000000,0
2,positive,43,12,0,0,0.000000,0
2,positive,43,13,2,0,0.000000,0
2,positive,43,14,2,0,0.000000,0
2,positive,43,15,2,0,0.000000,0
2,positive,43,16,2,0,0.000000,0
2,positive,43,17,2,0,0.000000,0
2,positive,43,18,2,0,0.000000,0
2,positive,43,19,2,0,0.000000,0
2,positive,43,20,2,0,0.000000,0
2,positive,43,21,2,0,0.000000,0
2,positive,43,22,2,0,0.000000,0
2,positive,43,23,2,0,0.000000,0
2,positive,43,24,2,0,0.000000,0
2,positive,43,25,2,0,0.000000,0
2,positive,43,26,2,0,0.000000,0
2,positive,43,27,2,0,0.000000,0
2,positive,43,28,2,0,0.000000,0
2,positive,43,29,2,0,0.000000,0
2,positive,43,30,2,0,0.000000,0
2,positive,43,31,2,0,0.000000,0
2,positive,43,32,2,0,0.000000,0
2,positive,43,33,2,0,0.000000,0
2,positive,43,34,2,0,0.000000,0
2,positive,43,35,2,0,0.000000,0
2,positive,43,36,2,0,0.000000,0
2,positive,43,37,2,0,0.000000,0
2,positive,43,38,2,0,0.000000,0
2,positive,43,39,2,0,0.000000,0
2,positive,43,40,2,0,0.000000,0
2,positive,43,41,2,0,0.000000,0
2,positive,43,42,2,0,0.000000,0
2,positive,43,43,2,0,0.000000,0
2,positive,43,44,2,0,0.000000,0
2,positive,43,45,2,0,0.000000,0
2,positive,43,46,2,0,0.000000,0
2,positive,43,47,2,0,0.000000,0
2,positive,43,48,2,0,0.000000,0
2,positive,43,49,2,0,0.000000,0
2,positive,44,0,2,0,0.000000,0
2,positive,44,1,0,0,0.000000,0
2,positive,44,2,0,0,0.000000,0
2,positive,44,3,2,0,0.000000,0
2,positive,44,4,2,0,0.000000,0
2,positive,44,5,2,0,0.000000,0
2,positive,44,6,2,0,0.000000,0
2,positive,44,7,2,0,0.000000,0
2,positive,44,8,2,0,0.000000,0
2,positive,44,9,2,0,0.000000,0
2,positive,44,10,2,0,0.000000,0
2,positive,44,11,2,0,0.000000,0
2,positive,44,12,0,0,0.000000,0
2,positive,44,13,2,0,0.000000,0
2,positive,44,14,2,0,0.000000,0
2,positive,44,15,2,0,0.000000,0
2,positive,44,16,2,0,0.000000,0
2,positive,44,17,2,0,0.000000,0
2,positive,44,18,2,0,0.000000,0
2,positive,44,19,2,0,0.000000,0
2,positive,44,20,2,0,0.000000,0
2,positive,44,21,2,0,0.000000,0
2,positive,44,22,2,0,0.000000,0
2,positive,44,23,0,0,0.000000,0
2,positive,44,24,2,0,0.000000,0
2,positive,44,25,2,0,0.000000,0
2,positive,44,26,2,0,0.000000,0
2,positive,44,27,2,0,0.000000,0
2,positive,44,28,2,0,0.000000,0
2,positive,44,29,2,0,0.000000,0
2,positive,44,30,0,0,0.000000,0
2,positive,44,31,2,0,0.000000,0
2,positive,44,32,2,0,0.000000,0
2,positive,44,33,2,0,0.000000,0
2,positive,44,34,2,0,0.000000,0
2,positive,44,35,2,0,0.000000,0
2,positive,44,36,2,0,0.000000,0
2,positive,44,37,2,0,0.000000,0
2,positive,44,38,2,0,0.000000,0
2,positive,44,39,2,0,0.000000,0
2,positive,44,40,2,0,0.000000,0
2,positive,44,41,2,0,0.000000,0
2,positive,44,42,2,0,0.000000,0
2,positive,44,43,2,0,0.000000,0
2,positive,44,44,2,0,0.000000,0
2,positive,44,45,2,0,0.000000,0
2,positive,44,46,2,0,0.000000,0
2,positive,44,47,2,0,0.000000,0
2,positive,44,48,2,0,0.000000,0
2,positive,44,49,2,0,0.000000,0
2,positive,45,0,2,0,0.000000,0
2,positive,45,1,2,0,0.000000,0
2,positive,45,2,2,0,0.000000,0
2,positive,45,3,2,0,0.000000,0
2,positive,45,4,0,0,0.000000,0
2,positive,45,5,2,0,0.000000,0
2,positive,45,6,2,0,0.000000,0
2,positive,45,7,2,0,0.000000,0
2,positive,45,8,2,0,0.000000,0
2,positive,45,9,2,0,0.000000,0
2,positive,45,10,2,0,0.000000,0
2,positive,45,11,2,0,0.000000,0
2,positive,45,12,2,0,0.000000,0
2,positive,45,13,2,0,0.000000,0
2,positive,45,14,2,0,0.000000,0
2,positive,45,15,2,0,0.000000,0
2,positive,45,16,2,0,0.000000,0
2,positive,45,17,2,0,0.000000,0
2,positive,45,18,2,0,0.000000,0
2,positive,45,19,2,0,0.000000,0
2,positive,45,20,2,0,0.000000,0
2,positive,45,21,2,0,0.000000,0
2,positive,45,22,2,0,0.000000,0
2,positive,45,23,2,0,0.000000,0
2,positive,45,24,2,0,0.000000,0
2,positive,45,25,2,0,0.000000,0
2,positive,45,26,2,0,0.000000,0
2,positive,45,27,2,0,0.000000,0
2,positive,45,28,2,0,0.000000,0
2,positive,45,29,2,0,0.000000,0
2,positive,45,30,2,0,0.000000,0
2,positive,45,31,2,0,0.000000,0
2,positive,45,32,2,0,0.000000,0
2,positive,45,33,2,0,0.000000,0
2,positive,45,34,2,0,0.000000,0
2,positive,45,35,2,0,0.000000,0
2,positive,45,36,2,0,0.000000,0
2,positive,45,37,2,0,0.000000,0
2,positive,45,38,2,0,0.000000,0
2,positive,45,39,2,0,0.000000,0
2,positive,45,40,2,0,0.000000,0
2,positive,45,41,2,0,0.000000,0
2,positive,45,42,2,0,0.000000,0
2,positive,45,43,2,0,0.000000,0
2,positive,45,44,2,0,0.000000,0
2,positive,45,45,2,0,0.000000,0
2,positive,45,46,0,0,0.000000,0
2,positive,45,47,2,0,0.000000,0
2,positive,45,48,2,0,0.000000,0
2,positive,45,49,2,0,0.000000,0
2,positive,46,0,2,0,0.000000,0
2,positive,46,1,2,0,0.000000,0
2,positive,46,2,2,0,0.000000,0
2,positive,46,3,2,0,0.000000,0
2,positive,46,4,2,0,0.000000,0
2,positive,46,5,2,0,0.000000,0
2,positive,46,6,2,0,0.000000,0
2,positive,46,7,2,0,0.000000,0
2,positive,46,8,2,0,0.000000,0
2,positive,46,9,2,0,0.000000,0
2,positive,46,10,2,0,0.000000,0
2,positive,46,11,2,0,0.000000,0
2,positive,46,12,2,0,0.000000,0
2,positive,46,13,2,0,0.000000,0
2,positive,46,14,2,0,0.000000,0
2,positive,46,15,2,0,0.000000,0
2,positive,46,16,2,0,0.000000,0
2,positive,46,17,2,0,0.000000,0
2,positive,46,18,2,0,0.000000,0
2,positive,46,19,2,0,0.000000,0
2,positive,46,20,2,0,0.000000,0
2,positive,46,21,2,0,0.000000,0
2,positive,46,22,2,0,0.000000,0
2,positive,46,23,2,0,0.000000,0
2,positive,46,24,2,0,0.000000,0
2,positive,46,25,2,0,0.000000,0
2,positive,46,26,2,0,0.000000,0
2,positive,46,27,2,0,0.000000,0
2,positive,46,28,0,0,0.000000,0
2,positive,46,29,2,0,0.000000,0
2,positive,46,30,2,0,0.000000,0
2,positive,46,31,2,0,0.000000,0
2,positive,46,32,2,0,0.000000,0
2,positive,46,33,0,0,0.000000,0
2,positive,46,34,2,0,0.000000,0
2,positive,46,35,2,0,0.000000,0
2,positive,46,36,2,0,0.000000,0
2,positive,46,37,2,0,0.000000,0
2,positive,46,38,0,0,0.000000,0
2,positive,46,39,2,0,0.000000,0
2,positive,46,40,2,0,0.000000,0
2,positive,46,41,2,0,0.000000,0
2,positive,46,42,2,0,0.000000,0
2,positive,46,43,2,0,0.000000,0
2,positive,46,44,2,0,0.000000,0
2,positive,46,45,2,0,0.000000,0
2,positive,46,46,2,0,0.000000,0
2,positive,46,47,2,0,0.000000,0
2,positive,46,48,2,0,0.000000,0
2,positive,46,49,2,0,0.000000,0
2,positive,47,0,2,0,0.000000,0
2,positive,47,1,2,0,0.000000,0
2,positive,47,2,2,0,0.000000,0
2,positive,47,3,2,0,0.000000,0
2,positive,47,4,0,0,0.000000,0
2,positive,47,5,0,0,0.000000,0
2,positive,47,6,2,0,0.000000,0
2,positive,47,7,2,0,0.000000,0
2,positive,47,8,0,0,0.000000,0
2,positive,47,9,2,0,0.000000,0
2,positive,47,10,2,0,0.000000,0
2,positive,47,11,0,0,0.000000,0
2,positive,47,12,2,0,0.000000,0
2,positive,47,13,2,0,0.000000,0
2,positive,47,14,2,0,0.000000,0
2,positive,47,15,2,0,0.000000,0
2,positive,47,16,2,0,0.000000,0
2,positive,47,17,2,0,0.000000,0
2,positive,47,18,2,0,0.000000,0
2,positive,47,19,2,0,0.000000,0
2,positive,47,20,2,0,0.000000,0
2,positive,47,21,2,0,0.000000,0
2,positive,47,22,2,0,0.000000,0
2,positive,47,23,2,0,0.000000,0
2,positive,47,24,2,0,0.000000,0
2,positive,47,25,2,0,0.000000,0
2,positive,47,26,2,0,0.000000,0
2,positive,47,27,2,0,0.000000,0
2,positive,47,28,2,0,0.000000,0
2,positive,47,29,2,0,0.000000,0
2,positive,47,30,2,0,0.000000,0
2,positive,47,31,2,0,0.000000,0
2,positive,47,32,2,0,0.000000,0
2,positive,47,33,2,0,0.000000,0
2,positive,47,34,2,0,0.000000,0
2,positive,47,35,2,0,0.000000,0
2,positive,47,36,0,0,0.000000,0
2,positive,47,37,2,0,0.000000,0
2,positive,47,38,0,0,0.000000,0
2,positive,47,39,0,0,0.000000,0
2,positive,47,40,0,0,0.000000,0
2,positive,47,41,2,0,0.000000,0
2,positive,47,42,2,0,0.000000,0
2,positive,47,43,2,0,0.000000,0
2,positive,47,44,2,0,0.000000,0
2,positive,47,45,2,0,0.000000,0
2,positive,47,46,2,0,0.000000,0
2,positive,47,47,2,0,0.000000,0
2,positive,47,48,2,0,0.000000,0
2,positive,47,49,2,0,0.000000,0
2,positive,48,0,2,0,0.000000,0
2,positive,48,1,2,0,0.000000,0
2,positive,48,2,0,0,0.000000,0
2,positive,48,3,2,0,0.000000,0
2,positive,48,4,2,0,0.000000,0
2,positive,48,5,2,0,0.000000,0
2,positive,48,6,2,0,0.000000,0
2,positive,48,7,2,0,0.000000,0
2,positive,48,8,2,0,0.000000,0
2,positive,48,9,2,0,0.000000,0
2,positive,48,10,2,0,0.000000,0
2,positive,48,11,2,0,0.000000,0
2,positive,48,12,2,0,0.000000,0
2,positive,48,13,2,0,0.000000,0
2,positive,48,14,0,0,0.000000,0
2,positive,48,15,2,0,0.000000,0
2,positive,48,16,2,0,0.000000,0
2,positive,48,17,2,0,0.000000,0
2,positive,48,18,2,0,0.000000,0
2,positive,48,19,2,0,0.000000,0
2,positive,48,20,2,0,0.000000,0
2,positive,48,21,2,0,0.000000,0
2,positive,48,22,2,0,0.000000,0
2,positive,48,23,2,0,0.000000,0
2,positive,48,24,2,0,0.000000,0
2,positive,48,25,2,0,0.000000,0
2,positive,48,26,2,0,0.000000,0
2,positive,48,27,2,0,0.000000,0
2,positive,48,28,2,0,0.000000,0
2,positive,48,29,2,0,0.000000,0
2,positive,48,30,2,0,0.000000,0
2,positive,48,31,2,0,0.000000,0
2,positive,48,32,2,0,0.000000,0
2,positive,48,33,2,0,0.000000,0
2,positive,48,34,0,0,0.000000,0
2,positive,48,35,2,0,0.000000,0
2,positive,48,36,2,0,0.000000,0
2,positive,48,37,2,0,0.000000,0
2,positive,48,38,2,0,0.000000,0
2,positive,48,39,2,0,0.000000,0
2,positive,48,40,2,0,0.000000,0
2,positive,48,41,2,0,0.000000,0
2,positive,48,42,2,0,0.000000,0
2,positive,48,43,2,0,0.000000,0
2,positive,48,44,2,0,0.000000,0
2,positive,48,45,0,0,0.000000,0
2,positive,48,46,0,0,0.000000,0
2,positive,48,47,0,0,0.000000,0
2,positive,48,48,2,0,0.000000,0
2,positive,48,49,2,0,0.000000,0
2,positive,49,0,2,0,0.000000,0
2,positive,49,1,2,0,0.000000,0
2,positive,49,2,2,0,0.000000,0
2,positive,49,3,2,0,0.000000,0
2,positive,49,4,2,0,0.000000,0
2,positive,49,5,2,0,0.000000,0
2,positive,49,6,2,0,0.000000,0
2,positive,49,7,2,0,0.000000,0
2,positive,49,8,2,0,0.000000,0
2,positive,49,9,0,0,0.000000,0
2,positive,49,10,2,0,0.000000,0
2,positive,49,11,2,0,0.000000,0
2,positive,49,12,2,0,0.000000,0
2,positive,49,13,2,0,0.000000,0
2,positive,49,14,2,0,0.000000,0
2,positive,49,15,2,0,0.000000,0
2,positive,49,16,2,0,0.000000,0
2,positive,49,17,2,0,0.000000,0
2,positive,49,18,2,0,0.000000,0
2,positive,49,19,2,0,0.000000,0
2,positive,49,20,2,0,0.000000,0
2,positive,49,21,2,0,0.000000,0
2,positive,49,22,2,0,0.000000,0
2,positive,49,23,2,0,0.000000,0
2,positive,49,24,2,0,0.000000,0
2,positive,49,25,2,0,0.000000,0
2,positive,49,26,2,0,0.000000,0
2,positive,49,27,2,0,0.000000,0
2,positive,49,28,2,0,0.000000,0
2,positive,49,29,2,0,0.000000,0
2,positive,49,30,2,0,0.000000,0
2,positive,49,31,2,0,0.000000,0
2,positive,49,32,2,0,0.000000,0
2,positive,49,33,2,0,0.000000,0
2,positive,49,34,2,0,0.000000,0
2,positive,49,35,2,0,0.000000,0
2,positive,49,36,2,0,0.000000,0
2,positive,49,37,2,0,0.000000,0
2,positive,49,38,2,0,0.000000,0
2,positive,49,39,2,0,0.000000,0
2,positive,49,40,2,0,0.000000,0
2,positive,49,41,2,0,0.000000,0
2,positive,49,42,2,0,0.000000,0
2,positive,49,43,2,0,0.000000,0
2,positive,49,44,2,0,0.000000,0
2,positive,49,45,2,0,0.000000,0
2,positive,49,46,2,0,0.000000,0
2,positive,49,47,2,0,0.000000,0
2,positive,49,48,2,0,0.000000,0
2,positive,49,49,2,0,0.000000,0
3,positive,0,0,2,0,0.000000,0
3,positive,0,1,2,0,0.000000,0
3,positive,0,2,2,0,0.000000,0
3,positive,0,3,2,0,0.000000,0
3,positive,0,4,2,0,0.000000,0
3,positive,0,5,2,0,0.000000,0
3,positive,0,6,2,0,0.000000,0
3,positive,0,7,2,0,0.000000,0
3,positive,0,8,2,0,0.000000,0
3,positive,0,9,2,0,0.000000,0
3,positive,0,10,0,0,0.000000,0
3,positive,0,11,2,0,0.000000,0
3,positive,0,12,1,0,0.000000,0
3,positive,0,13,2,0,0.000000,0
3,positive,0,14,2,0,0.000000,0
3,positive,0,15,2,0,0.000000,0
3,positive,0,16,2,0,0.000000,0
3,positive,0,17,2,0,0.000000,0
3,positive,0,18,2,0,0.000000,0
3,positive,0,19,2,0,0.000000,0
3,positive,0,20,2,0,0.000000,0
3,positive,0,21,2,0,0.000000,0
3,positive,0,22,2,0,0.000000,0
3,positive,0,23,2,0,0.000000,0
3,positive,0,24,2,0,0.000000,0
3,positive,0,25,1,0,0.000000,0
3,positive,0,26,2,0,0.000000,0
3,positive,0,27,2,0,0.000000,0
3,positive,0,28,2,0,0.000000,0
3,positive,0,29,2,0,0.000000,0
3,positive,0,30,0,0,0.000000,0
3,positive,0,31,2,0,0.000000,0
3,positive,0,32,2,0,0.000000,0
3,positive,0,33,2,0,0.000000,0
3,positive,0,34,2,0,0.000000,0
3,positive,0,35,2,0,0.000000,0
3,positive,0,36,2,0,0.000000,0
3,positive,0,37,2,0,0.000000,0
3,positive,0,38,2,0,0.000000,0
3,positive,0,39,2,0,0.000000,0
3,positive,0,40,2,0,0.000000,0
3,positive,0,41,2,0,0.000000,0
3,positive,0,42,2,0,0.000000,0
3,positive,0,43,1,0,0.000000,0
3,positive,0,44,0,0,0.000000,0
3,positive,0,45,2,0,0.000000,0
3,positive,0,46,1,0,0.000000,0
3,positive,0,47,2,0,0.000000,0
3,positive,0,48,2,0,0.000000,0
3,positive,0,49,0,0,0.000000,0
3,positive,1,0,2,0,0.000000,0
3,positive,1,1,2,0,0.000000,0
3,positive,1,2,2,0,0.000000,0
3,positive,1,3,0,0,0.000000,0
3,positive,1,4,1,0,0.000000,0
3,positive,1,5,0,0,0.000000,0
3,positive,1,6,2,0,0.000000,0
3,positive,1,7,2,0,0.000000,0
3,positive,1,8,2,0,0.000000,0
3,positive,1,9,2,0,0.000000,0
3,positive,1,10,2,0,0.000000,0
3,positive,1,11,2,0,0.000000,0
3,positive,1,12,2,0,0.000000,0
3,positive,1,13,2,0,0.000000,0
3,positive,1,14,2,0,0.000000,0
3,positive,1,15,1,0,0.000000,0
3,positive,1,16,0,0,0.000000,0
3,positive,1,17,2,0,0.000000,0
3,positive,1,18,0,0,0.000000,0
3,positive,1,19,2,0,0.000000,0
3,positive,1,20,0,0,0.000000,0
3,positive,1,21,2,0,0.000000,0
3,positive,1,22,2,0,0.000000,0
3,positive,1,23,2,0,0.000000,0
3,positive,1,24,2,0,0.000000,0
3,positive,1,25,2,0,0.000000,0
3,positive,1,26,1,0,0.000000,0
3,positive,1,27,0,0,0.000000,0
3,positive,1,28,0,0,0.000000,0
3,positive,1,29,0,0,0.000000,0
3,positive,1,30,2,0,0.000000,0
3,positive,1,31,2,0,0.000000,0
3,positive,1,32,1,0,0.000000,0
3,positive,1,33,2,0,0.000000,0
3,positive,1,34,2,0,0.000000,0
3,positive,1,35,2,0,0.000000,0
3,positive,1,36,2,0,0.000000,0
3,positive,1,37,2,0,0.000000,0
3,positive,1,38,2,0,0.000000,0
3,positive,1,39,2,0,0.000000,0
3,positive,1,40,1,0,0.000000,0
3,positive,1,41,0,0,0.000000,0
3,positive,1,42,2,0,0.000000,0
3,positive,1,43,2,0,0.000000,0
3,positive,1,44,2,0,0.000000,0
3,positive,1,45,2,0,0.000000,0
3,positive,1,46,2,0,0.000000,0
3,positive,1,47,2,0,0.000000,0
3,positive,1,48,2,0,0.000000,0
3,positive,1,49,2,0,0.000000,0
3,positive,2,0,2,0,0.000000,0
3,positive,2,1,0,0,0.000000,0
3,positive,2,2,2,0,0.000000,0
3,positive,2,3,2,0,0.000000,0
3,positive,2,4,2,0,0.000000,0
3,positive,2,5,2,0,0.000000,0
3,positive,2,6,2,0,0.000000,0
3,positive,2,7,2,0,0.000000,0
3,positive,2,8,2,0,0.000000,0
3,positive,2,9,2,0,0.000000,0
3,positive,2,10,0,0,0.000000,0
3,positive,2,11,2,0,0.000000,0
3,positive,2,12,1,0,0.000000,0
3,positive,2,13,2,0,0.000000,0
3,positive,2,14,2,0,0.000000,0
3,positive,2,15,1,0,0.000000,0
3,positive,2,16,0,0,0.000000,0
3,positive,2,17,2,0,0.000000,0
3,positive,2,18,1,0,0.000000,0
3,positive,2,19,2,0,0.000000,0
3,positive,2,20,0,0,0.000000,0
3,positive,2,21,2,0,0.000000,0
3,positive,2,22,2,0,0.000000,0
3,positive,2,23,2,0,0.000000,0
3,positive,2,24,0,0,0.000000,0
3,positive,2,25,2,0,0.000000,0
3,positive,2,26,2,0,0.000000,0
3,positive,2,27,2,0,0.000000,0
3,positive,2,28,2,0,0.000000,0
3,positive,2,29,2,0,0.000000,0
3,positive,2,30,2,0,0.000000,0
3,positive,2,31,2,0,0.000000,0
3,positive,2,32,2,0,0.000000,0
3,positive,2,33,2,0,0.000000,0
3,positive,2,34,2,0,0.000000,0
3,positive,2,35,0,0,0.000000,0
3,positive,2,36,2,0,0.000000,0
3,positive,2,37,2,0,0.000000,0
3,positive,2,38,2,0,0.000000,0
3,positive,2,39,2,0,0.000000,0
3,positive,2,40,2,0,0.000000,0
3,positive,2,41,2,0,0.000000,0
3,positive,2,42,0,0,0.000000,0
3,positive,2,43,2,0,0.000000,0
3,positive,2,44,2,0,0.000000,0
3,positive,2,45,2,0,0.000000,0
3,positive,2,46,1,0,0.000000,0
3,positive,2,47,2,0,0.000000,0
3,positive,2,48,1,0,0.000000,0
3,positive,2,49,2,0,0.000000,0
3,positive,3,0,2,0,0.000000,0
3,positive,3,1,0,0,0.000000,0
3,positive,3,2,2,0,0.000000,0
3,positive,3,3,2,0,0.000000,0
3,positive,3,4,0,0,0.000000,0
3,positive,3,5,2,0,0.000000,0
3,positive,3,6,1,0,0.000000,0
3,positive,3,7,2,0,0.000000,0
3,positive,3,8,2,0,0.000000,0
3,positive,3,9,2,0,0.000000,0
3,positive,3,10,2,0,0.000000,0
3,positive,3,11,2,0,0.000000,0
3,positive,3,12,1,0,0.000000,0
3,positive,3,13,0,0,0.000000,0
3,positive,3,14,2,0,0.000000,0
3,positive,3,15,2,0,0.000000,0
3,positive,3,16,2,0,0.000000,0
3,positive,3,17,1,0,0.000000,0
3,positive,3,18,2,0,0.000000,0
3,positive,3,19,0,0,0.000000,0
3,positive,3,20,0,0,0.000000,0
3,positive,3,21,2,0,0.000000,0
3,positive,3,22,2,0,0.000000,0
3,positive,3,23,1,0,0.000000,0
3,positive,3,24,0,0,0.000000,0
3,positive,3,25,2,0,0.000000,0
3,positive,3,26,2,0,0.000000,0
3,positive,3,27,0,0,0.000000,0
3,positive,3,28,2,0,0.000000,0
3,positive,3,29,1,0,0.000000,0
3,positive,3,30,2,0,0.000000,0
3,positive,3,31,0,0,0.000000,0
3,positive,3,32,2,0,0.000000,0
3,positive,3,33,2,0,0.000000,0
3,positive,3,34,2,0,0.000000,0
3,positive,3,35,2,0,0.000000,0
3,positive,3,36,2,0,0.000000,0
3,positive,3,37,2,0,0.000000,0
3,positive,3,38,2,0,0.000000,0
3,positive,3,39,2,0,0.000000,0
3,positive,3,40,2,0,0.000000,0
3,positive,3,41,0,0,0.000000,0
3,positive,3,42,0,0,0.000000,0
3,positive,3,43,2,0,0.000000,0
3,positive,3,44,1,0,0.000000,0
3,positive,3,45,2,0,0.000000,0
3,positive,3,46,1,0,0.000000,0
3,positive,3,47,2,0,0.000000,0
3,positive,3,48,2,0,0.000000,0
3,positive,3,49,2,0,0.000000,0
3,positive,4,0,2,0,0.000000,0
3,positive,4,1,2,0,0.000000,0
3,positive,4,2,2,0,0.000000,0
3,positive,4,3,1,0,0.000000,0
3,positive,4,4,1,0,0.000000,0
3,positive,4,5,0,0,0.000000,0
3,positive,4,6,2,0,0.000000,0
3,positive,4,7,0,0,0.000000,0
3,positive,4,8,2,0,0.000000,0
3,positive,4,9,0,0,0.000000,0
3,positive,4,10,2,0,0.000000,0
3,positive,4,11,2,0,0.000000,0
3,positive,4,12,1,0,0.000000,0
3,positive,4,13,2,0,0.000000,0
3,positive,4,14,2,0,0.000000,0
3,positive,4,15,1,0,0.000000,0
3,positive,4,16,2,0,0.000000,0
3,positive,4,17,1,0,0.000000,0
3,positive,4,18,2,0,0.000000,0
3,positive,4,19,2,0,0.000000,0
3,positive,4,20,2,0,0.000000,0
3,positive,4,21,2,0,0.000000,0
3,positive,4,22,1,0,0.000000,0
3,positive,4,23,2,0,0.000000,0
3,positive,4,24,1,0,0.000000,0
3,positive,4,25,1,0,0.000000,0
3,positive,4,26,2,0,0.000000,0
3,positive,4,27,2,0,0.000000,0
3,positive,4,28,0,0,0.000000,0
3,positive,4,29,0,0,0.000000,0
3,positive,4,30,2,0,0.000000,0
3,positive,4,31,2,0,0.000000,0
3,positive,4,32,0,0,0.000000,0
3,positive,4,33,0,0,0.000000,0
3,positive,4,34,2,0,0.000000,0
3,positive,4,35,1,0,0.000000,0
3,positive,4,36,2,0,0.000000,0
3,positive,4,37,2,0,0.000000,0
3,positive,4,38,2,0,0.000000,0
3,positive,4,39,0,0,0.000000,0
3,positive,4,40,2,0,0.000000,0
3,positive,4,41,2,0,0.000000,0
3,positive,4,42,2,0,0.000000,0
3,positive,4,43,2,0,0.000000,0
3,positive,4,44,2,0,0.000000,0
3,positive,4,45,2,0,0.000000,0
3,positive,4,46,2,0,0.000000,0
3,positive,4,47,2,0,0.000000,0
3,positive,4,48,2,0,0.000000,0
3,positive,4,49,2,0,0.000000,0
3,positive,5,0,2,0,0.000000,0
3,positive,5,1,2,0,0.000000,0
3,positive,5,2,2,0,0.000000,0
3,positive,5,3,2,0,0.000000,0
3,positive,5,4,2,0,0.000000,0
3,positive,5,5,2,0,0.000000,0
3,positive,5,6,2,0,0.000000,0
3,positive,5,7,0,0,0.000000,0
3,positive,5,8,0,0,0.000000,0
3,positive,5,9,2,0,0.000000,0
3,positive,5,10,2,0,0.000000,0
3,positive,5,11,2,0,0.000000,0
3,positive,5,12,2,0,0.000000,0
3,positive,5,13,0,0,0.000000,0
3,positive,5,14,2,0,0.000000,0
3,positive,5,15,2,0,0.000000,0
3,positive,5,16,0,0,0.000000,0
3,positive,5,17,1,0,0.000000,0
3,positive,5,18,2,0,0.000000,0
3,positive,5,19,2,0,0.000000,0
3,positive,5,20,2,0,0.000000,0
3,positive,5,21,1,0,0.000000,0
3,positive,5,22,0,0,0.000000,0
3,positive,5,23,2,0,0.000000,0
3,positive,5,24,2,0,0.000000,0
3,positive,5,25,2,0,0.000000,0
3,positive,5,26,2,0,0.000000,0
3,positive,5,27,2,0,0.000000,0
3,positive,5,28,2,0,0.000000,0
3,positive,5,29,2,0,0.000000,0
3,positive,5,30,2,0,0.000000,0
3,positive,5,31,2,0,0.000000,0
3,positive,5,32,2,0,0.000000,0
3,positive,5,33,1,0,0.000000,0
3,positive,5,34,2,0,0.000000,0
3,positive,5,35,2,0,0.000000,0
3,positive,5,36,2,0,0.000000,0
3,positive,5,37,2,0,0.000000,0
3,positive,5,38,1,0,0.000000,0
3,positive,5,39,2,0,0.000000,0
3,positive,5,40,2,0,0.000000,0
3,positive,5,41,1,0,0.000000,0
3,positive,5,42,2,0,0.000000,0
3,positive,5,43,2,0,0.000000,0
3,positive,5,44,2,0,0.000000,0
3,positive,5,45,2,0,0.000000,0
3,positive,5,46,2,0,0.000000,0
3,positive,5,47,2,0,0.000000,0
3,positive,5,48,2,0,0.000000,0
3,positive,5,49,2,0,0.000000,0
3,positive,6,0,2,0,0.000000,0
3,positive,6,1,2,0,0.000000,0
3,positive,6,2,2,0,0.000000,0
3,positive,6,3,1,0,0.000000,0
3,positive,6,4,2,0,0.000000,0
3,positive,6,5,2,0,0.000000,0
3,positive,6,6,2,0,0.000000,0
3,positive,6,7,2,0,0.000000,0
3,positive,6,8,2,0,0.000000,0
3,positive,6,9,2,0,0.000000,0
3,positive,6,10,2,0,0.000000,0
3,positive,6,11,1,0,0.000000,0
3,positive,6,12,2,0,0.000000,0
3,positive,6,13,2,0,0.000000,0
3,positive,6,14,1,0,0.000000,0
3,positive,6,15,2,0,0.000000,0
3,positive,6,16,2,0,0.000000,0
3,positive,6,17,2,0,0.000000,0
3,positive,6,18,2,0,0.000000,0
3,positive,6,19,2,0,0.000000,0
3,positive,6,20,2,0,0.000000,0
3,positive,6,21,2,0,0.000000,0
3,positive,6,22,2,0,0.000000,0
3,positive,6,23,1,0,0.000000,0
3,positive,6,24,2,0,0.000000,0
3,positive,6,25,2,0,0.000000,0
3,positive,6,26,2,0,0.000000,0
3,positive,6,27,2,0,0.000000,0
3,positive,6,28,1,0,0.000000,0
3,positive,6,29,2,0,0.000000,0
3,positive,6,30,1,0,0.000000,0
3,positive,6,31,0,0,0.000000,0
3,positive,6,32,1,0,0.000000,0
3,positive,6,33,2,0,0.000000,0
3,positive,6,34,2,0,0.000000,0
3,positive,6,35,2,0,0.000000,0
3,positive,6,36,2,0,0.000000,0
3,positive,6,37,2,0,0.000000,0
3,positive,6,38,2,0,0.000000,0
3,positive,6,39,2,0,0.000000,0
3,positive,6,40,2,0,0.000000,0
3,positive,6,41,2,0,0.000000,0
3,positive,6,42,0,0,0.000000,0
3,positive,6,43,2,0,0.000000,0
3,positive,6,44,2,0,0.000000,0
3,positive,6,45,2,0,0.000000,0
3,positive,6,46,2,0,0.000000,0
3,positive,6,47,2,0,0.000000,0
3,positive,6,48,2,0,0.000000,0
3,positive,6,49,1,0,0.000000,0
3,positive,7,0,2,0,0.000000,0
3,positive,7,1,2,0,0.000000,0
3,positive,7,2,2,0,0.000000,0
3,positive,7,3,2,0,0.000000,0
3,positive,7,4,2,0,0.000000,0
3,positive,7,5,0,0,0.000000,0
3,positive,7,6,2,0,0.000000,0
3,positive,7,7,2,0,0.000000,0
3,positive,7,8,2,0,0.000000,0
3,positive,7,9,1,0,0.000000,0
3,positive,7,10,2,0,0.000000,0
3,positive,7,11,2,0,0.000000,0
3,positive,7,12,2,0,0.000000,0
3,positive,7,13,2,0,0.000000,0
3,positive,7,14,2,0,0.000000,0
3,positive,7,15,2,0,0.000000,0
3,positive,7,16,1,0,0.000000,0
3,positive,7,17,1,0,0.000000,0
3,positive,7,18,0,0,0.000000,0
3,positive,7,19,2,0,0.000000,0
3,positive,7,20,1,0,0.000000,0
3,positive,7,21,0,0,0.000000,0
3,positive,7,22,2,0,0.000000,0
3,positive,7,23,0,0,0.000000,0
3,positive,7,24,0,0,0.000000,0
3,positive,7,25,2,0,0.000000,0
3,positive,7,26,2,0,0.000000,0
3,positive,7,27,2,0,0.000000,0
3,positive,7,28,2,0,0.000000,0
3,positive,7,29,2,0,0.000000,0
3,positive,7,30,2,0,0.000000,0
3,positive,7,31,1,0,0.000000,0
3,positive,7,32,0,0,0.000000,0
3,positive,7,33,2,0,0.000000,0
3,positive,7,34,2,0,0.000000,0
3,positive,7,35,1,0,0.000000,0
3,positive,7,36,2,0,0.000000,0
3,positive,7,37,2,0,0.000000,0
3,positive,7,38,2,0,0.000000,0
3,positive,7,39,2,0,0.000000,0
3,positive,7,40,0,0,0.000000,0
3,positive,7,41,1,0,0.000000,0
3,positive,7,42,0,0,0.000000,0
3,positive,7,43,2,0,0.000000,0
3,positive,7,44,2,0,0.000000,0
3,positive,7,45,2,0,0.000000,0
3,positive,7,46,2,0,0.000000,0
3,positive,7,47,2,0,0.000000,0
3,positive,7,48,0,0,0.000000,0
3,positive,7,49,2,0,0.000000,0
3,positive,8,0,2,0,0.000000,0
3,positive,8,1,2,0,0.000000,0
3,positive,8,2,2,0,0.000000,0
3,positive,8,3,2,0,0.000000,0
3,positive,8,4,2,0,0.000000,0
3,positive,8,5,2,0,0.000000,0
3,positive,8,6,2,0,0.000000,0
3,positive,8,7,2,0,0.000000,0
3,positive,8,8,2,0,0.000000,0
3,positive,8,9,2,0,0.000000,0
3,positive,8,10,2,0,0.000000,0
3,positive,8,11,1,0,0.000000,0
3,positive,8,12,2,0,0.000000,0
3,positive,8,13,0,0,0.000000,0
3,positive,8,14,2,0,0.000000,0
3,positive,8,15,2,0,0.000000,0
3,positive,8,16,2,0,0.000000,0
3,positive,8,17,2,0,0.000000,0
3,positive,8,18,2,0,0.000000,0
3,positive,8,19,2,0,0.000000,0
3,positive,8,20,2,0,0.000000,0
3,positive,8,21,2,0,0.000000,0
3,positive,8,22,2,0,0.000000,0
3,positive,8,23,1,0,0.000000,0
3,positive,8,24,2,0,0.000000,0
3,positive,8,25,2,0,0.000000,0
3,positive,8,26,2,0,0.000000,0
3,positive,8,27,2,0,0.000000,0
3,positive,8,28,2,0,0.000000,0
3,positive,8,29,1,0,0.000000,0
3,positive,8,30,1,0,0.000000,0
3,positive,8,31,2,0,0.000000,0
3,positive,8,32,2,0,0.000000,0
3,positive,8,33,2,0,0.000000,0
3,positive,8,34,2,0,0.000000,0
3,positive,8,35,2,0,0.000000,0
3,positive,8,36,2,0,0.000000,0
3,positive,8,37,0,0,0.000000,0
3,positive,8,38,2,0,0.000000,0
3,positive,8,39,2,0,0.000000,0
3,positive,8,40,2,0,0.000000,0
3,positive,8,41,2,0,0.000000,0
3,positive,8,42,2,0,0.000000,0
3,positive,8,43,2,0,0.000000,0
3,positive,8,44,2,0,0.000000,0
3,positive,8,45,2,0,0.000000,0
3,positive,8,46,2,0,0.000000,0
3,positive,8,47,1,0,0.000000,0
3,positive,8,48,1,0,0.000000,0
3,positive,8,49,2,0,0.000000,0
3,positive,9,0,2,0,0.000000,0
3,positive,9,1,2,0,0.000000,0
3,positive,9,2,2,0,0.000000,0
3,positive,9,3,2,0,0.000000,0
3,positive,9,4,0,0,0.000000,0
3,positive,9,5,0,0,0.000000,0
3,positive,9,6,2,0,0.000000,0
3,positive,9,7,2,0,0.000000,0
3,positive,9,8,2,0,0.000000,0
3,positive,9,9,2,0,0.000000,0
3,positive,9,10,2,0,0.000000,0
3,positive,9,11,2,0,0.000000,0
3,positive,9,12,0,0,0.000000,0
3,positive,9,13,2,0,0.000000,0
3,positive,9,14,2,0,0.000000,0
3,positive,9,15,2,0,0.000000,0
3,positive,9,16,2,0,0.000000,0
3,positive,9,17,2,0,0.000000,0
3,positive,9,18,2,0,0.000000,0
3,positive,9,19,0,0,0.000000,0
3,positive,9,20,0,0,0.000000,0
3,positive,9,21,2,0,0.000000,0
3,positive,9,22,2,0,0.000000,0
3,positive,9,23,2,0,0.000000,0
3,positive,9,24,2,0,0.000000,0
3,positive,9,25,2,0,0.000000,0
3,positive,9,26,2,0,0.000000,0
3,positive,9,27,2,0,0.000000,0
3,positive,9,28,2,0,0.000000,0
3,positive,9,29,2,0,0.000000,0
3,positive,9,30,2,0,0.000000,0
3,positive,9,31,2,0,0.000000,0
3,positive,9,32,2,0,0.000000,0
3,positive,9,33,2,0,0.000000,0
3,positive,9,34,2,0,0.000000,0
3,positive,9,35,0,1,1.000000,1
3,positive,9,36,2,0,0.000000,0
3,positive,9,37,2,0,0.000000,0
3,positive,9,38,2,0,0.000000,0
3,positive,9,39,1,0,0.000000,0
3,positive,9,40,2,0,0.000000,0
3,positive,9,41,2,0,0.000000,0
3,positive,9,42,2,0,0.000000,0
3,positive,9,43,2,0,0.000000,0
3,positive,9,44,2,0,0.000000,0
3,positive,9,45,2,0,0.000000,0
3,positive,9,46,1,0,0.000000,0
3,positive,9,47,2,0,0.000000,0
3,positive,9,48,2,0,0.000000,0
3,positive,9,49,0,0,0.000000,0
3,positive,10,0,2,0,0.000000,0
3,positive,10,1,2,0,0.000000,0
3,positive,10,2,2,0,0.000000,0
3,positive,10,3,2,0,0.000000,0
3,positive,10,4,1,0,0.000000,0
3,positive,10,5,2,0,0.000000,0
3,positive,10,6,0,0,0.000000,0
3,positive,10,7,2,0,0.000000,0
3,positive,10,8,2,0,0.000000,0
3,positive,10,9,2,0,0.000000,0
3,positive,10,10,0,0,0.000000,0
3,positive,10,11,2,0,0.000000,0
3,positive,10,12,2,0,0.000000,0
3,positive,10,13,2,0,0.000000,0
3,positive,10,14,2,0,0.000000,0
3,positive,10,15,0,0,0.000000,0
3,positive,10,16,2,0,0.000000,0
3,positive,10,17,1,0,0.000000,0
3,positive,10,18,2,0,0.000000,0
3,positive,10,19,2,0,0.000000,0
3,positive,10,20,0,0,0.000000,0
3,positive,10,21,2,0,0.000000,0
3,positive,10,22,0,0,0.000000,0
3,positive,10,23,2,0,0.000000,0
3,positive,10,24,2,0,0.000000,0
3,positive,10,25,2,0,0.000000,0
3,positive,10,26,0,0,0.000000,0
3,positive,10,27,1,0,0.000000,0
3,positive,10,28,2,0,0.000000,0
3,positive,10,29,2,0,0.000000,0
3,positive,10,30,2,0,0.000000,0
3,positive,10,31,0,0,0.000000,0
3,positive,10,32,2,0,0.000000,0
3,positive,10,33,2,0,0.000000,0
3,positive,10,34,2,0,0.000000,0
3,positive,10,35,0,1,1.000000,1
3,positive,10,36,2,0,0.000000,0
3,positive,10,37,2,0,0.000000,0
3,positive,10,38,2,0,0.000000,0
3,positive,10,39,2,0,0.000000,0
3,positive,10,40,2,0,0.000000,0
3,positive,10,41,2,0,0.000000,0
3,positive,10,42,2,0,0.000000,0
3,positive,10,43,2,0,0.000000,0
3,positive,10,44,2,0,0.000000,0
3,positive,10,45,0,0,0.000000,0
3,positive,10,46,2,0,0.000000,0
3,positive,10,47,2,0,0.000000,0
3,positive,10,48,2,0,0.000000,0
3,positive,10,49,2,0,0.000000,0
3,positive,11,0,2,0,0.000000,0
3,positive,11,1,0,0,0.000000,0
3,positive,11,2,2,0,0.000000,0
3,positive,11,3,2,0,0.000000,0
3,positive,11,4,2,0,0.000000,0
3,positive,11,5,2,0,0.000000,0
3,positive,11,6,2,0,0.000000,0
3,positive,11,7,2,0,0.000000,0
3,positive,11,8,2,0,0.000000,0
3,positive,11,9,2,0,0.000000,0
3,positive,11,10,2,0,0.000000,0
3,positive,11,11,2,0,0.000000,0
3,positive,11,12,2,0,0.000000,0
3,positive,11,13,2,0,0.000000,0
3,positive,11,14,2,0,0.000000,0
3,positive,11,15,2,0,0.000000,0
3,positive,11,16,0,0,0.000000,0
3,positive,11,17,2,0,0.000000,0
3,positive,11,18,2,0,0.000000,0
3,positive,11,19,0,0,0.000000,0
3,positive,11,20,1,0,0.000000,0
3,positive,11,21,2,0,0.000000,0
3,positive,11,22,0,0,0.000000,0
3,positive,11,23,1,0,0.000000,0
3,positive,11,24,1,0,0.000000,0
3,positive,11,25,2,0,0.000000,0
3,positive,11,26,2,0,0.000000,0
3,positive,11,27,0,0,0.000000,0
3,positive,11,28,2,0,0.000000,0
3,positive,11,29,2,0,0.000000,0
3,positive,11,30,2,0,0.000000,0
3,positive,11,31,2,0,0.000000,0
3,positive,11,32,2,0,0.000000,0
3,positive,11,33,2,0,0.000000,0
3,positive,11,34,2,0,0.000000,0
3,positive,11,35,0,1,1.000000,1
3,positive,11,36,2,0,0.000000,0
3,positive,11,37,2,0,0.000000,0
3,positive,11,38,2,0,0.000000,0
3,positive,11,39,2,0,0.000000,0
3,positive,11,40,2,0,0.000000,0
3,positive,11,41,0,0,0.000000,0
3,positive,11,42,2,0,0.000000,0
3,positive,11,43,0,0,0.000000,0
3,positive,11,44,2,0,0.000000,0
3,positive,11,45,0,0,0.000000,0
3,positive,11,46,2,0,0.000000,0
3,positive,11,47,0,0,0.000000,0
3,positive,11,48,0,0,0.000000,0
3,positive,11,49,2,0,0.000000,0
3,positive,12,0,2,0,0.000000,0
3,positive,12,1,2,0,0.000000,0
3,positive,12,2,2,0,0.000000,0
3,positive,12,3,2,0,0.000000,0
3,positive,12,4,2,0,0.000000,0
3,positive,12,5,2,0,0.000000,0
3,positive,12,6,0,0,0.000000,0
3,positive,12,7,2,0,0.000000,0
3,positive,12,8,1,0,0.000000,0
3,positive,12,9,2,0,0.000000,0
3,positive,12,10,1,0,0.000000,0
3,positive,12,11,2,0,0.000000,0
3,positive,12,12,2,0,0.000000,0
3,positive,12,13,2,0,0.000000,0
3,positive,12,14,2,0,0.000000,0
3,positive,12,15,2,0,0.000000,0
3,positive,12,16,0,0,0.000000,0
3,positive,12,17,0,0,0.000000,0
3,positive,12,18,2,0,0.000000,0
3,positive,12,19,1,0,0.000000,0
3,positive,12,20,2,0,0.000000,0
3,positive,12,21,2,0,0.000000,0
3,positive,12,22,2,0,0.000000,0
3,positive,12,23,2,0,0.000000,0
3,positive,12,24,2,0,0.000000,0
3,positive,12,25,2,0,0.000000,0
3,positive,12,26,2,0,0.000000,0
3,positive,12,27,2,0,0.000000,0
3,positive,12,28,2,0,0.000000,0
3,positive,12,29,2,0,0.000000,0
3,positive,12,30,2,0,0.000000,0
3,positive,12,31,2,0,0.000000,0
3,positive,12,32,0,0,0.000000,0
3,positive,12,33,0,0,0.000000,0
3,positive,12,34,2,0,0.000000,0
3,positive,12,35,0,1,1.000000,1
3,positive,12,36,1,0,0.000000,0
3,positive,12,37,2,0,0.000000,0
3,positive,12,38,2,0,0.000000,0
3,positive,12,39,2,0,0.000000,0
3,positive,12,40,2,0,0.000000,0
3,positive,12,41,1,0,0.000000,0
3,positive,12,42,2,0,0.000000,0
3,positive,12,43,0,0,0.000000,0
3,positive,12,44,2,0,0.000000,0
3,positive,12,45,1,0,0.000000,0
3,positive,12,46,2,0,0.000000,0
3,positive,12,47,2,0,0.000000,0
3,positive,12,48,2,0,0.000000,0
3,positive,12,49,2,0,0.000000,0
3,positive,13,0,2,0,0.000000,0
3,positive,13,1,2,0,0.000000,0
3,positive,13,2,2,0,0.000000,0
3,positive,13,3,2,0,0.000000,0
3,positive,13,4,2,0,0.000000,0
3,positive,13,5,1,0,0.000000,0
3,positive,13,6,2,0,0.000000,0
3,positive,13,7,2,0,0.000000,0
3,positive,13,8,2,0,0.000000,0
3,positive,13,9,2,0,0.000000,0
3,positive,13,10,2,0,0.000000,0
3,positive,13,11,2,0,0.000000,0
3,positive,13,12,2,0,0.000000,0
3,positive,13,13,2,0,0.000000,0
3,positive,13,14,2,0,0.000000,0
3,positive,13,15,2,0,0.000000,0
3,positive,13,16,2,0,0.000000,0
3,positive,13,17,2,0,0.000000,0
3,positive,13,18,2,0,0.000000,0
3,positive,13,19,2,0,0.000000,0
3,positive,13,20,2,0,0.000000,0
3,positive,13,21,2,0,0.000000,0
3,positive,13,22,2,0,0.000000,0
3,positive,13,23,2,0,0.000000,0
3,positive,13,24,2,0,0.000000,0
3,positive,13,25,2,0,0.000000,0
3,positive,13,26,2,0,0.000000,0
3,positive,13,27,0,0,0.000000,0
3,positive,13,28,0,0,0.000000,0
3,positive,13,29,1,0,0.000000,0
3,positive,13,30,1,0,0.000000,0
3,positive,13,31,2,0,0.000000,0
3,positive,13,32,2,0,0.000000,0
3,positive,13,33,0,0,0.000000,0
3,positive,13,34,2,0,0.000000,0
3,positive,13,35,0,1,1.000000,1
3,positive,13,36,1,0,0.000000,0
3,positive,13,37,2,0,0.000000,0
3,positive,13,38,2,0,0.000000,0
3,positive,13,39,2,0,0.000000,0
3,positive,13,40,1,0,0.000000,0
3,positive,13,41,2,0,0.000000,0
3,positive,13,42,0,0,0.000000,0
3,positive,13,43,2,0,0.000000,0
3,positive,13,44,2,0,0.000000,0
3,positive,13,45,2,0,0.000000,0
3,positive,13,46,2,0,0.000000,0
3,positive,13,47,2,0,0.000000,0
3,positive,13,48,2,0,0.000000,0
3,positive,13,49,0,0,0.000000,0
3,positive,14,0,2,0,0.000000,0
3,positive,14,1,0,0,0.000000,0
3,positive,14,2,2,0,0.000000,0
3,positive,14,3,2,0,0.000000,0
3,positive,14,4,0,0,0.000000,0
3,positive,14,5,2,0,0.000000,0
3,positive,14,6,2,0,0.000000,0
3,positive,14,7,2,0,0.000000,0
3,positive,14,8,0,0,0.000000,0
3,positive,14,9,2,0,0.000000,0
3,positive,14,10,2,0,0.000000,0
3,positive,14,11,2,0,0.000000,0
3,positive,14,12,2,0,0.000000,0
3,positive,14,13,2,0,0.000000,0
3,positive,14,14,0,0,0.000000,0
3,positive,14,15,2,0,0.000000,0
3,positive,14,16,0,0,0.000000,0
3,positive,14,17,2,0,0.000000,0
3,positive,14,18,2,0,0.000000,0
3,positive,14,19,2,0,0.000000,0
3,positive,14,20,2,0,0.000000,0
3,positive,14,21,2,0,0.000000,0
3,positive,14,22,1,0,0.000000,0
3,positive,14,23,1,0,0.000000,0
3,positive,14,24,2,0,0.000000,0
3,positive,14,25,2,0,0.000000,0
3,positive,14,26,0,0,0.000000,0
3,positive,14,27,2,0,0.000000,0
3,positive,14,28,2,0,0.000000,0
3,positive,14,29,2,0,0.000000,0
3,positive,14,30,2,0,0.000000,0
3,positive,14,31,0,0,0.000000,0
3,positive,14,32,2,0,0.000000,0
3,positive,14,33,2,0,0.000000,0
3,positive,14,34,2,0,0.000000,0
3,positive,14,35,2,0,0.000000,0
3,positive,14,36,2,0,0.000000,0
3,positive,14,37,2,0,0.000000,0
3,positive,14,38,0,0,0.000000,0
3,positive,14,39,1,0,0.000000,0
3,positive,14,40,2,0,0.000000,0
3,positive,14,41,2,0,0.000000,0
3,positive,14,42,2,0,0.000000,0
3,positive,14,43,2,0,0.000000,0
3,positive,14,44,2,0,0.000000,0
3,positive,14,45,2,0,0.000000,0
3,positive,14,46,2,0,0.000000,0
3,positive,14,47,2,0,0.000000,0
3,positive,14,48,2,0,0.000000,0
3,positive,14,49,2,0,0.000000,0
3,positive,15,0,2,0,0.000000,0
3,positive,15,1,2,0,0.000000,0
3,positive,15,2,0,0,0.000000,0
3,positive,15,3,2,0,0.000000,0
3,positive,15,4,0,0,0.000000,0
3,positive,15,5,2,0,0.000000,0
3,positive,15,6,2,0,0.000000,0
3,positive,15,7,2,0,0.000000,0
3,positive,15,8,0,0,0.000000,0
3,positive,15,9,1,0,0.000000,0
3,positive,15,10,2,0,0.000000,0
3,positive,15,11,2,0,0.000000,0
3,positive,15,12,1,0,0.000000,0
3,positive,15,13,2,0,0.000000,0
3,positive,15,14,1,0,0.000000,0
3,positive,15,15,1,0,0.000000,0
3,positive,15,16,2,0,0.000000,0
3,positive,15,17,2,0,0.000000,0
3,positive,15,18,1,0,0.000000,0
3,positive,15,19,2,0,0.000000,0
3,positive,15,20,2,0,0.000000,0
3,positive,15,21,0,0,0.000000,0
3,positive,15,22,2,0,0.000000,0
3,positive,15,23,2,0,0.000000,0
3,positive,15,24,2,0,0.000000,0
3,positive,15,25,1,0,0.000000,0
3,positive,15,26,2,0,0.000000,0
3,positive,15,27,2,0,0.000000,0
3,positive,15,28,2,0,0.000000,0
3,positive,15,29,0,0,0.000000,0
3,positive,15,30,2,0,0.000000,0
3,positive,15,31,2,0,0.000000,0
3,positive,15,32,2,0,0.000000,0
3,positive,15,33,2,0,0.000000,0
3,positive,15,34,1,0,0.000000,0
3,positive,15,35,1,0,0.000000,0
3,positive,15,36,2,0,0.000000,0
3,positive,15,37,2,0,0.000000,0
3,positive,15,38,2,0,0.000000,0
3,positive,15,39,2,0,0.000000,0
3,positive,15,40,0,0,0.000000,0
3,positive,15,41,1,0,0.000000,0
3,positive,15,42,2,0,0.000000,0
3,positive,15,43,2,0,0.000000,0
3,positive,15,44,2,0,0.000000,0
3,positive,15,45,2,0,0.000000,0
3,positive,15,46,0,0,0.000000,0
3,positive,15,47,2,0,0.000000,0
3,positive,15,48,2,0,0.000000,0
3,positive,15,49,2,0,0.000000,0
3,positive,16,0,2,0,0.000000,0
3,positive,16,1,2,0,0.000000,0
3,positive,16,2,1,0,0.000000,0
3,positive,16,3,0,0,0.000000,0
3,positive,16,4,0,0,0.000000,0
3,positive,16,5,2,0,0.000000,0
3,positive,16,6,2,0,0.000000,0
3,positive,16,7,2,0,0.000000,0
3,positive,16,8,0,0,0.000000,0
3,positive,16,9,2,0,0.000000,0
3,positive,16,10,2,0,0.000000,0
3,positive,16,11,1,0,0.000000,0
3,positive,16,12,2,0,0.000000,0
3,positive,16,13,2,0,0.000000,0
3,positive,16,14,2,0,0.000000,0
3,positive,16,15,2,0,0.000000,0
3,positive,16,16,2,0,0.000000,0
3,positive,16,17,2,0,0.000000,0
3,positive,16,18,0,0,0.000000,0
3,positive,16,19,2,0,0.000000,0
3,positive,16,20,2,0,0.000000,0
3,positive,16,21,2,0,0.000000,0
3,positive,16,22,2,0,0.000000,0
3,positive,16,23,2,0,0.000000,0
3,positive,16,24,1,0,0.000000,0
3,positive,16,25,2,0,0.000000,0
3,positive,16,26,0,0,0.000000,0
3,positive,16,27,2,0,0.000000,0
3,positive,16,28,2,0,0.000000,0
3,positive,16,29,2,0,0.000000,0
3,positive,16,30,0,0,0.000000,0
3,positive,16,31,0,0,0.000000,0
3,positive,16,32,2,0,0.000000,0
3,positive,16,33,2,0,0.000000,0
3,positive,16,34,2,0,0.000000,0
3,positive,16,35,2,0,0.000000,0
3,positive,16,36,2,0,0.000000,0
3,positive,16,37,1,0,0.000000,0
3,positive,16,38,2,0,0.000000,0
3,positive,16,39,2,0,0.000000,0
3,positive,16,40,2,0,0.000000,0
3,positive,16,41,2,0,0.000000,0
3,positive,16,42,2,0,0.000000,0
3,positive,16,43,2,0,0.000000,0
3,positive,16,44,2,0,0.000000,0
3,positive,16,45,2,0,0.000000,0
3,positive,16,46,0,0,0.000000,0
3,positive,16,47,2,0,0.000000,0
3,positive,16,48,2,0,0.000000,0
3,positive,16,49,2,0,0.000000,0
3,positive,17,0,0,0,0.000000,0
3,positive,17,1,2,0,0.000000,0
3,positive,17,2,2,0,0.000000,0
3,positive,17,3,2,0,0.000000,0
3,positive,17,4,2,0,0.000000,0
3,positive,17,5,2,0,0.000000,0
3,positive,17,6,2,0,0.000000,0
3,positive,17,7,2,0,0.000000,0
3,positive,17,8,2,0,0.000000,0
3,positive,17,9,2,0,0.000000,0
3,positive,17,10,2,0,0.000000,0
3,positive,17,11,0,0,0.000000,0
3,positive,17,12,2,0,0.000000,0
3,positive,17,13,2,0,0.000000,0
3,positive,17,14,2,0,0.000000,0
3,positive,17,15,2,0,0.000000,0
3,positive,17,16,2,0,0.000000,0
3,positive,17,17,2,0,0.000000,0
3,positive,17,18,2,0,0.000000,0
3,positive,17,19,2,0,0.000000,0
3,positive,17,20,2,0,0.000000,0
3,positive,17,21,0,0,0.000000,0
3,positive,17,22,2,0,0.000000,0
3,positive,17,23,2,0,0.000000,0
3,positive,17,24,2,0,0.000000,0
3,positive,17,25,0,0,0.000000,0
3,positive,17,26,0,0,0.000000,0
3,positive,17,27,2,0,0.000000,0
3,positive,17,28,0,0,0.000000,0
3,positive,17,29,2,0,0.000000,0
3,positive,17,30,2,0,0.000000,0
3,positive,17,31,2,0,0.000000,0
3,positive,17,32,0,0,0.000000,0
3,positive,17,33,2,0,0.000000,0
3,positive,17,34,2,0,0.000000,0
3,positive,17,35,2,0,0.000000,0
3,positive,17,36,2,0,0.000000,0
3,positive,17,37,2,0,0.000000,0
3,positive,17,38,2,0,0.000000,0
3,positive,17,39,2,0,0.000000,0
3,positive,17,40,2,0,0.000000,0
3,positive,17,41,2,0,0.000000,0
3,positive,17,42,2,0,0.000000,0
3,positive,17,43,2,0,0.000000,0
3,positive,17,44,1,0,0.000000,0
3,positive,17,45,2,0,0.000000,0
3,positive,17,46,2,0,0.000000,0
3,positive,17,47,1,0,0.000000,0
3,positive,17,48,2,0,0.000000,0
3,positive,17,49,1,0,0.000000,0
3,positive,18,0,0,0,0.000000,0
3,positive,18,1,2,0,0.000000,0
3,positive,18,2,2,0,0.000000,0
3,positive,18,3,2,0,0.000000,0
3,positive,18,4,2,0,0.000000,0
3,positive,18,5,2,0,0.000000,0
3,positive,18,6,2,0,0.000000,0
3,positive,18,7,2,0,0.000000,0
3,positive,18,8,2,0,0.000000,0
3,positive,18,9,1,0,0.000000,0
3,positive,18,10,0,0,0.000000,0
3,positive,18,11,0,0,0.000000,0
3,positive,18,12,2,0,0.000000,0
3,positive,18,13,2,0,0.000000,0
3,positive,18,14,2,0,0.000000,0
3,positive,18,15,0,0,0.000000,0
3,positive,18,16,2,0,0.000000,0
3,positive,18,17,2,0,0.000000,0
3,positive,18,18,2,0,0.000000,0
3,positive,18,19,2,0,0.000000,0
3,positive,18,20,1,0,0.000000,0
3,positive,18,21,2,0,0.000000,0
3,positive,18,22,1,0,0.000000,0
3,positive,18,23,2,0,0.000000,0
3,positive,18,24,2,0,0.000000,0
3,positive,18,25,2,0,0.000000,0
3,positive,18,26,0,0,0.000000,0
3,positive,18,27,2,0,0.000000,0
3,positive,18,28,2,0,0.000000,0
3,positive,18,29,2,0,0.000000,0
3,positive,18,30,2,0,0.000000,0
3,positive,18,31,2,0,0.000000,0
3,positive,18,32,2,0,0.000000,0
3,positive,18,33,0,0,0.000000,0
3,positive,18,34,1,0,0.000000,0
3,positive,18,35,2,0,0.000000,0
3,positive,18,36,2,0,0.000000,0
3,positive,18,37,2,0,0.000000,0
3,positive,18,38,2,0,0.000000,0
3,positive,18,39,0,0,0.000000,0
3,positive,18,40,2,0,0.000000,0
3,positive,18,41,1,0,0.000000,0
3,positive,18,42,2,0,0.000000,0
3,positive,18,43,2,0,0.000000,0
3,positive,18,44,2,0,0.000000,0
3,positive,18,45,0,0,0.000000,0
3,positive,18,46,2,0,0.000000,0
3,positive,18,47,2,0,0.000000,0
3,positive,18,48,2,0,0.000000,0
3,positive,18,49,2,0,0.000000,0
3,positive,19,0,2,0,0.000000,0
3,positive,19,1,0,0,0.000000,0
3,positive,19,2,2,0,0.000000,0
3,positive,19,3,0,0,0.000000,0
3,positive,19,4,0,0,0.000000,0
3,positive,19,5,2,0,0.000000,0
3,positive,19,6,2,0,0.000000,0
3,positive,19,7,1,0,0.000000,0
3,positive,19,8,1,0,0.000000,0
3,positive,19,9,1,0,0.000000,0
3,positive,19,10,2,0,0.000000,0
3,positive,19,11,0,0,0.000000,0
3,positive,19,12,2,0,0.000000,0
3,positive,19,13,0,0,0.000000,0
3,positive,19,14,2,0,0.000000,0
3,positive,19,15,2,0,0.000000,0
3,positive,19,16,1,0,0.000000,0
3,positive,19,17,2,0,0.000000,0
3,positive,19,18,0,0,0.000000,0
3,positive,19,19,2,0,0.000000,0
3,positive,19,20,2,0,0.000000,0
3,positive,19,21,2,0,0.000000,0
3,positive,19,22,0,0,0.000000,0
3,positive,19,23,2,0,0.000000,0
3,positive,19,24,2,0,0.000000,0
3,positive,19,25,2,0,0.000000,0
3,positive,19,26,2,0,0.000000,0
3,positive,19,27,0,0,0.000000,0
3,positive,19,28,0,0,0.000000,0
3,positive,19,29,1,0,0.000000,0
3,positive,19,30,2,0,0.000000,0
3,positive,19,31,2,0,0.000000,0
3,positive,19,32,2,0,0.000000,0
3,positive,19,33,2,0,0.000000,0
3,positive,19,34,2,0,0.000000,0
3,positive,19,35,2,0,0.000000,0
3,positive,19,36,0,0,0.000000,0
3,positive,19,37,2,0,0.000000,0
3,positive,19,38,2,0,0.000000,0
3,positive,19,39,2,0,0.000000,0
3,positive,19,40,2,0,0.000000,0
3,positive,19,41,2,0,0.000000,0
3,positive,19,42,1,0,0.000000,0
3,positive,19,43,2,0,0.000000,0
3,positive,19,44,2,0,0.000000,0
3,positive,19,45,1,0,0.000000,0
3,positive,19,46,2,0,0.000000,0
3,positive,19,47,2,0,0.000000,0
3,positive,19,48,2,0,0.000000,0
3,positive,19,49,2,0,0.000000,0
3,positive,20,0,2,0,0.000000,0
3,positive,20,1,2,0,0.000000,0
3,positive,20,2,2,0,0.000000,0
3,positive,20,3,2,0,0.000000,0
3,positive,20,4,2,0,0.000000,0
3,positive,20,5,0,0,0.000000,0
3,positive,20,6,2,0,0.000000,0
3,positive,20,7,2,0,0.000000,0
3,positive,20,8,2,0,0.000000,0
3,positive,20,9,2,0,0.000000,0
3,positive,20,10,2,0,0.000000,0
3,positive,20,11,2,0,0.000000,0
3,positive,20,12,2,0,0.000000,0
3,positive,20,13,0,0,0.000000,0
3,positive,20,14,1,0,0.000000,0
3,positive,20,15,2,0,0.000000,0
3,positive,20,16,1,0,0.000000,0
3,positive,20,17,2,0,0.000000,0
3,positive,20,18,0,0,0.000000,0
3,positive,20,19,2,0,0.000000,0
3,positive,20,20,1,0,0.000000,0
3,positive,20,21,2,0,0.000000,0
3,positive,20,22,2,0,0.000000,0
3,positive,20,23,2,0,0.000000,0
3,positive,20,24,2,0,0.000000,0
3,positive,20,25,2,0,0.000000,0
3,positive,20,26,1,0,0.000000,0
3,positive,20,27,2,0,0.000000,0
3,positive,20,28,2,0,0.000000,0
3,positive,20,29,2,0,0.000000,0
3,positive,20,30,2,0,0.000000,0
3,positive,20,31,0,0,0.000000,0
3,positive,20,32,2,0,0.000000,0
3,positive,20,33,2,0,0.000000,0
3,positive,20,34,2,0,0.000000,0
3,positive,20,35,2,0,0.000000,0
3,positive,20,36,2,0,0.000000,0
3,positive,20,37,2,0,0.000000,0
3,positive,20,38,2,0,0.000000,0
3,positive,20,39,2,0,0.000000,0
3,positive,20,40,2,0,0.000000,0
3,positive,20,41,2,0,0.000000,0
3,positive,20,42,2,0,0.000000,0
3,positive,20,43,2,0,0.000000,0
3,positive,20,44,2,0,0.000000,0
3,positive,20,45,2,0,0.000000,0
3,positive,20,46,2,0,0.000000,0
3,positive,20,47,2,0,0.000000,0
3,positive,20,48,2,0,0.000000,0
3,positive,20,49,0,0,0.000000,0
3,positive,21,0,2,0,0.000000,0
3,positive,21,1,2,0,0.000000,0
3,positive,21,2,2,0,0.000000,0
3,positive,21,3,2,0,0.000000,0
3,positive,21,4,2,0,0.000000,0
3,positive,21,5,0,0,0.000000,0
3,positive,21,6,2,0,0.000000,0
3,positive,21,7,2,0,0.000000,0
3,positive,21,8,0,0,0.000000,0
3,positive,21,9,0,0,0.000000,0
3,positive,21,10,2,0,0.000000,0
3,positive,21,11,2,0,0.000000,0
3,positive,21,12,0,0,0.000000,0
3,positive,21,13,2,0,0.000000,0
3,positive,21,14,1,0,0.000000,0
3,positive,21,15,2,0,0.000000,0
3,positive,21,16,2,0,0.000000,0
3,positive,21,17,1,0,0.000000,0
3,positive,21,18,2,0,0.000000,0
3,positive,21,19,2,0,0.000000,0
3,positive,21,20,0,0,0.000000,0
3,positive,21,21,0,0,0.000000,0
3,positive,21,22,2,0,0.000000,0
3,positive,21,23,2,0,0.000000,0
3,positive,21,24,2,0,0.000000,0
3,positive,21,25,0,0,0.000000,0
3,positive,21,26,2,0,0.000000,0
3,positive,21,27,2,0,0.000000,0
3,positive,21,28,0,0,0.000000,0
3,positive,21,29,1,0,0.000000,0
3,positive,21,30,2,0,0.000000,0
3,positive,21,31,2,0,0.000000,0
3,positive,21,32,2,0,0.000000,0
3,positive,21,33,2,0,0.000000,0
3,positive,21,34,2,0,0.000000,0
3,positive,21,35,2,0,0.000000,0
3,positive,21,36,2,0,0.000000,0
3,positive,21,37,2,0,0.000000,0
3,positive,21,38,2,0,0.000000,0
3,positive,21,39,2,0,0.000000,0
3,positive,21,40,2,0,0.000000,0
3,positive,21,41,0,0,0.000000,0
3,positive,21,42,0,0,0.000000,0
3,positive,21,43,2,0,0.000000,0
3,positive,21,44,2,0,0.000000,0
3,positive,21,45,2,0,0.000000,0
3,positive,21,46,2,0,0.000000,0
3,positive,21,47,2,0,0.000000,0
3,positive,21,48,0,0,0.000000,0
3,positive,21,49,1,0,0.000000,0
3,positive,22,0,2,0,0.000000,0
3,positive,22,1,2,0,0.000000,0
3,positive,22,2,0,0,0.000000,0
3,positive,22,3,2,0,0.000000,0
3,positive,22,4,0,0,0.000000,0
3,positive,22,5,2,0,0.000000,0
3,positive,22,6,0,0,0.000000,0
3,positive,22,7,1,0,0.000000,0
3,positive,22,8,0,0,0.000000,0
3,positive,22,9,0,0,0.000000,0
3,positive,22,10,2,0,0.000000,0
3,positive,22,11,0,0,0.000000,0
3,positive,22,12,2,0,0.000000,0
3,positive,22,13,2,0,0.000000,0
3,positive,22,14,2,0,0.000000,0
3,positive,22,15,0,0,0.000000,0
3,positive,22,16,1,0,0.000000,0
3,positive,22,17,2,0,0.000000,0
3,positive,22,18,0,0,0.000000,0
3,positive,22,19,0,0,0.000000,0
3,positive,22,20,2,0,0.000000,0
3,positive,22,21,2,0,0.000000,0
3,positive,22,22,2,0,0.000000,0
3,positive,22,23,2,0,0.000000,0
3,positive,22,24,1,0,0.000000,0
3,positive,22,25,1,0,0.000000,0
3,positive,22,26,2,0,0.000000,0
3,positive,22,27,0,0,0.000000,0
3,positive,22,28,2,0,0.000000,0
3,positive,22,29,2,0,0.000000,0
3,positive,22,30,0,0,0.000000,0
3,positive,22,31,2,0,0.000000,0
3,positive,22,32,2,0,0.000000,0
3,positive,22,33,2,0,0.000000,0
3,positive,22,34,1,0,0.000000,0
3,positive,22,35,1,0,0.000000,0
3,positive,22,36,2,0,0.000000,0
3,positive,22,37,2,0,0.000000,0
3,positive,22,38,2,0,0.000000,0
3,positive,22,39,0,0,0.000000,0
3,positive,22,40,2,0,0.000000,0
3,positive,22,41,2,0,0.000000,0
3,positive,22,42,2,0,0.000000,0
3,positive,22,43,1,0,0.000000,0
3,positive,22,44,2,0,0.000000,0
3,positive,22,45,2,0,0.000000,0
3,positive,22,46,1,0,0.000000,0
3,positive,22,47,2,0,0.000000,0
3,positive,22,48,2,0,0.000000,0
3,positive,22,49,2,0,0.000000,0
3,positive,23,0,0,0,0.000000,0
3,positive,23,1,2,0,0.000000,0
3,positive,23,2,2,0,0.000000,0
3,positive,23,3,2,0,0.000000,0
3,positive,23,4,2,0,0.000000,0
3,positive,23,5,2,0,0.000000,0
3,positive,23,6,2,0,0.000000,0
3,positive,23,7,1,0,0.000000,0
3,positive,23,8,2,0,0.000000,0
3,positive,23,9,2,0,0.000000,0
3,positive,23,10,2,0,0.000000,0
3,positive,23,11,0,0,0.000000,0
3,positive,23,12,2,0,0.000000,0
3,positive,23,13,2,0,0.000000,0
3,positive,23,14,2,0,0.000000,0
3,positive,23,15,2,0,0.000000,0
3,positive,23,16,2,0,0.000000,0
3,positive,23,17,1,0,0.000000,0
3,positive,23,18,2,0,0.000000,0
3,positive,23,19,2,0,0.000000,0
3,positive,23,20,0,0,0.000000,0
3,positive,23,21,2,0,0.000000,0
3,positive,23,22,2,0,0.000000,0
3,positive,23,23,0,0,0.000000,0
3,positive,23,24,2,0,0.000000,0
3,positive,23,25,2,0,0.000000,0
3,positive,23,26,2,0,0.000000,0
3,positive,23,27,1,0,0.000000,0
3,positive,23,28,2,0,0.000000,0
3,positive,23,29,2,0,0.000000,0
3,positive,23,30,2,0,0.000000,0
3,positive,23,31,2,0,0.000000,0
3,positive,23,32,2,0,0.000000,0
3,positive,23,33,2,0,0.000000,0
3,positive,23,34,1,0,0.000000,0
3,positive,23,35,2,0,0.000000,0
3,positive,23,36,2,0,0.000000,0
3,positive,23,37,2,0,0.000000,0
3,positive,23,38,2,0,0.000000,0
3,positive,23,39,2,0,0.000000,0
3,positive,23,40,0,0,0.000000,0
3,positive,23,41,2,0,0.000000,0
3,positive,23,42,1,0,0.000000,0
3,positive,23,43,2,0,0.000000,0
3,positive,23,44,2,0,0.000000,0
3,positive,23,45,2,0,0.000000,0
3,positive,23,46,0,0,0.000000,0
3,positive,23,47,2,0,0.000000,0
3,positive,23,48,2,0,0.000000,0
3,positive,23,49,2,0,0.000000,0
3,positive,24,0,0,0,0.000000,0
3,positive,24,1,1,0,0.000000,0
3,positive,24,2,2,0,0.000000,0
3,positive,24,3,2,0,0.000000,0
3,positive,24,4,2,0,0.000000,0
3,positive,24,5,0,0,0.000000,0
3,positive,24,6,2,0,0.000000,0
3,positive,24,7,0,0,0.000000,0
3,positive,24,8,2,0,0.000000,0
3,positive,24,9,2,0,0.000000,0
3,positive,24,10,2,0,0.000000,0
3,positive,24,11,2,0,0.000000,0
3,positive,24,12,2,0,0.000000,0
3,positive,24,13,0,0,0.000000,0
3,positive,24,14,2,0,0.000000,0
3,positive,24,15,2,0,0.000000,0
3,positive,24,16,2,0,0.000000,0
3,positive,24,17,2,0,0.000000,0
3,positive,24,18,2,0,0.000000,0
3,positive,24,19,2,0,0.000000,0
3,positive,24,20,1,0,0.000000,0
3,positive,24,21,2,0,0.000000,0
3,positive,24,22,2,0,0.000000,0
3,positive,24,23,2,0,0.000000,0
3,positive,24,24,2,0,0.000000,0
3,positive,24,25,2,0,0.000000,0
3,positive,24,26,1,0,0.000000,0
3,positive,24,27,2,0,0.000000,0
3,positive,24,28,1,0,0.000000,0
3,positive,24,29,1,0,0.000000,0
3,positive,24,30,0,0,0.000000,0
3,positive,24,31,2,0,0.000000,0
3,positive,24,32,2,0,0.000000,0
3,positive,24,33,2,0,0.000000,0
3,positive,24,34,2,0,0.000000,0
3,positive,24,35,1,0,0.000000,0
3,positive,24,36,2,0,0.000000,0
3,positive,24,37,2,0,0.000000,0
3,positive,24,38,0,0,0.000000,0
3,positive,24,39,2,0,0.000000,0
3,positive,24,40,2,0,0.000000,0
3,positive,24,41,2,0,0.000000,0
3,positive,24,42,2,0,0.000000,0
3,positive,24,43,2,0,0.000000,0
3,positive,24,44,2,0,0.000000,0
3,positive,24,45,0,0,0.000000,0
3,positive,24,46,2,0,0.000000,0
3,positive,24,47,2,0,0.000000,0
3,positive,24,48,2,0,0.000000,0
3,positive,24,49,2,0,0.000000,0
3,positive,25,0,0,0,0.000000,0
3,positive,25,1,2,0,0.000000,0
3,positive,25,2,2,0,0.000000,0
3,positive,25,3,2,0,0.000000,0
3,positive,25,4,2,0,0.000000,0
3,positive,25,5,2,0,0.000000,0
3,positive,25,6,1,0,0.000000,0
3,positive,25,7,2,0,0.000000,0
3,positive,25,8,2,0,0.000000,0
3,positive,25,9,2,0,0.000000,0
3,positive,25,10,1,0,0.000000,0
3,positive,25,11,2,0,0.000000,0
3,positive,25,12,2,0,0.000000,0
3,positive,25,13,2,0,0.000000,0
3,positive,25,14,2,0,0.000000,0
3,positive,25,15,2,0,0.000000,0
3,positive,25,16,1,0,0.000000,0
3,positive,25,17,2,0,0.000000,0
3,positive,25,18,2,0,0.000000,0
3,positive,25,19,2,0,0.000000,0
3,positive,25,20,0,0,0.000000,0
3,positive,25,21,2,0,0.000000,0
3,positive,25,22,2,0,0.000000,0
3,positive,25,23,0,0,0.000000,0
3,positive,25,24,2,0,0.000000,0
3,positive,25,25,2,0,0.000000,0
3,positive,25,26,2,0,0.000000,0
3,positive,25,27,2,0,0.000000,0
3,positive,25,28,2,0,0.000000,0
3,positive,25,29,2,0,0.000000,0
3,positive,25,30,0,0,0.000000,0
3,positive,25,31,2,0,0.000000,0
3,positive,25,32,1,0,0.000000,0
3,positive,25,33,2,0,0.000000,0
3,positive,25,34,2,0,0.000000,0
3,positive,25,35,2,0,0.000000,0
3,positive,25,36,2,0,0.000000,0
3,positive,25,37,2,0,0.000000,0
3,positive,25,38,2,0,0.000000,0
3,positive,25,39,2,0,0.000000,0
3,positive,25,40,2,0,0.000000,0
3,positive,25,41,2,0,0.000000,0
3,positive,25,42,2,0,0.000000,0
3,positive,25,43,2,0,0.000000,0
3,positive,25,44,2,0,0.000000,0
3,positive,25,45,2,0,0.000000,0
3,positive,25,46,2,0,0.000000,0
3,positive,25,47,2,0,0.000000,0
3,positive,25,48,2,0,0.000000,0
3,positive,25,49,2,0,0.000000,0
3,positive,26,0,2,0,0.000000,0
3,positive,26,1,2,0,0.000000,0
3,positive,26,2,2,0,0.000000,0
3,positive,26,3,2,0,0.000000,0
3,positive,26,4,2,0,0.000000,0
3,positive,26,5,2,0,0.000000,0
3,positive,26,6,0,0,0.000000,0
3,positive,26,7,2,0,0.000000,0
3,positive,26,8,2,0,0.000000,0
3,positive,26,9,2,0,0.000000,0
3,positive,26,10,1,0,0.000000,0
3,positive,26,11,0,0,0.000000,0
3,positive,26,12,1,0,0.000000,0
3,positive,26,13,2,0,0.000000,0
3,positive,26,14,2,0,0.000000,0
3,positive,26,15,2,0,0.000000,0
3,positive,26,16,2,0,0.000000,0
3,positive,26,17,2,0,0.000000,0
3,positive,26,18,2,0,0.000000,0
3,positive,26,19,2,0,0.000000,0
3,positive,26,20,2,0,0.000000,0
3,positive,26,21,0,0,0.000000,0
3,positive,26,22,2,0,0.000000,0
3,positive,26,23,2,0,0.000000,0
3,positive,26,24,1,0,0.000000,0
3,positive,26,25,2,0,0.000000,0
3,positive,26,26,2,0,0.000000,0
3,positive,26,27,1,0,0.000000,0
3,positive,26,28,2,0,0.000000,0
3,positive,26,29,2,0,0.000000,0
3,positive,26,30,2,0,0.000000,0
3,positive,26,31,2,0,0.000000,0
3,positive,26,32,2,0,0.000000,0
3,positive,26,33,2,0,0.000000,0
3,positive,26,34,2,0,0.000000,0
3,positive,26,35,1,0,0.000000,0
3,positive,26,36,2,0,0.000000,0
3,positive,26,37,0,0,0.000000,0
3,positive,26,38,0,0,0.000000,0
3,positive,26,39,2,0,0.000000,0
3,positive,26,40,2,0,0.000000,0
3,positive,26,41,2,0,0.000000,0
3,positive,26,42,2,0,0.000000,0
3,positive,26,43,2,0,0.000000,0
3,positive,26,44,2,0,0.000000,0
3,positive,26,45,2,0,0.000000,0
3,positive,26,46,1,0,0.000000,0
3,positive,26,47,2,0,0.000000,0
3,positive,26,48,0,0,0.000000,0
3,positive,26,49,2,0,0.000000,0
3,positive,27,0,2,0,0.000000,0
3,positive,27,1,0,0,0.000000,0
3,positive,27,2,2,0,0.000000,0
3,positive,27,3,0,0,0.000000,0
3,positive,27,4,2,0,0.000000,0
3,positive,27,5,0,0,0.000000,0
3,positive,27,6,2,0,0.000000,0
3,positive,27,7,1,0,0.000000,0
3,positive,27,8,2,0,0.000000,0
3,positive,27,9,0,0,0.000000,0
3,positive,27,10,2,0,0.000000,0
3,positive,27,11,2,0,0.000000,0
3,positive,27,12,2,0,0.000000,0
3,positive,27,13,2,0,0.000000,0
3,positive,27,14,2,0,0.000000,0
3,positive,27,15,2,0,0.000000,0
3,positive,27,16,2,0,0.000000,0
3,positive,27,17,2,0,0.000000,0
3,positive,27,18,2,0,0.000000,0
3,positive,27,19,0,0,0.000000,0
3,positive,27,20,2,0,0.000000,0
3,positive,27,21,2,0,0.000000,0
3,positive,27,22,2,0,0.000000,0
3,positive,27,23,0,0,0.000000,0
3,positive,27,24,2,0,0.000000,0
3,positive,27,25,2,0,0.000000,0
3,positive,27,26,2,0,0.000000,0
3,positive,27,27,0,0,0.000000,0
3,positive,27,28,2,0,0.000000,0
3,positive,27,29,2,0,0.000000,0
3,positive,27,30,2,0,0.000000,0
3,positive,27,31,2,0,0.000000,0
3,positive,27,32,2,0,0.000000,0
3,positive,27,33,0,0,0.000000,0
3,positive,27,34,0,0,0.000000,0
3,positive,27,35,0,0,0.000000,0
3,positive,27,36,0,0,0.000000,0
3,positive,27,37,2,0,0.000000,0
3,positive,27,38,2,0,0.000000,0
3,positive,27,39,2,0,0.000000,0
3,positive,27,40,2,0,0.000000,0
3,positive,27,41,2,0,0.000000,0
3,positive,27,42,2,0,0.000000,0
3,positive,27,43,2,0,0.000000,0
3,positive,27,44,2,0,0.000000,0
3,positive,27,45,2,0,0.000000,0
3,positive,27,46,0,0,0.000000,0
3,positive,27,47,2,0,0.000000,0
3,positive,27,48,2,0,0.000000,0
3,positive,27,49,2,0,0.000000,0
3,positive,28,0,2,0,0.000000,0
3,positive,28,1,2,0,0.000000,0
3,positive,28,2,0,0,0.000000,0
3,positive,28,3,2,0,0.000000,0
3,positive,28,4,1,0,0.000000,0
3,positive,28,5,2,0,0.000000,0
3,positive,28,6,1,0,0.000000,0
3,positive,28,7,2,0,0.000000,0
3,positive,28,8,1,0,0.000000,0
3,positive,28,9,0,0,0.000000,0
3,positive,28,10,2,0,0.000000,0
3,positive,28,11,2,0,0.000000,0
3,positive,28,12,1,0,0.000000,0
3,positive,28,13,1,0,0.000000,0
3,positive,28,14,2,0,0.000000,0
3,positive,28,15,2,0,0.000000,0
3,positive,28,16,2,0,0.000000,0
3,positive,28,17,2,0,0.000000,0
3,positive,28,18,0,0,0.000000,0
3,positive,28,19,2,0,0.000000,0
3,positive,28,20,2,0,0.000000,0
3,positive,28,21,1,0,0.000000,0
3,positive,28,22,2,0,0.000000,0
3,positive,28,23,2,0,0.000000,0
3,positive,28,24,2,0,0.000000,0
3,positive,28,25,0,0,0.000000,0
3,positive,28,26,1,0,0.000000,0
3,positive,28,27,0,0,0.000000,0
3,positive,28,28,0,0,0.000000,0
3,positive,28,29,2,0,0.000000,0
3,positive,28,30,2,0,0.000000,0
3,positive,28,31,2,0,0.000000,0
3,positive,28,32,2,0,0.000000,0
3,positive,28,33,2,0,0.000000,0
3,positive,28,34,2,0,0.000000,0
3,positive,28,35,0,0,0.000000,0
3,positive,28,36,2,0,0.000000,0
3,positive,28,37,2,0,0.000000,0
3,positive,28,38,1,0,0.000000,0
3,positive,28,39,2,0,0.000000,0
3,positive,28,40,2,0,0.000000,0
3,positive,28,41,2,0,0.000000,0
3,positive,28,42,0,0,0.000000,0
3,positive,28,43,2,0,0.000000,0
3,positive,28,44,0,0,0.000000,0
3,positive,28,45,2,0,0.000000,0
3,positive,28,46,2,0,0.000000,0
3,positive,28,47,2,0,0.000000,0
3,positive,28,48,2,0,0.000000,0
3,positive,28,49,0,0,0.000000,0
3,positive,29,0,2,0,0.000000,0
3,positive,29,1,2,0,0.000000,0
3,positive,29,2,2,0,0.000000,0
3,positive,29,3,1,0,0.000000,0
3,positive,29,4,2,0,0.000000,0
3,positive,29,5,2,0,0.000000,0
3,positive,29,6,2,0,0.000000,0
3,positive,29,7,2,0,0.000000,0
3,positive,29,8,2,0,0.000000,0
3,positive,29,9,2,0,0.000000,0
3,positive,29,10,2,0,0.000000,0
3,positive,29,11,2,0,0.000000,0
3,positive,29,12,2,0,0.000000,0
3,positive,29,13,2,0,0.000000,0
3,positive,29,14,2,0,0.000000,0
3,positive,29,15,2,0,0.000000,0
3,positive,29,16,2,0,0.000000,0
3,positive,29,17,1,0,0.000000,0
3,positive,29,18,2,0,0.000000,0
3,positive,29,19,2,0,0.000000,0
3,positive,29,20,2,0,0.000000,0
3,positive,29,21,2,0,0.000000,0
3,positive,29,22,0,0,0.000000,0
3,positive,29,23,2,0,0.000000,0
3,positive,29,24,2,0,0.000000,0
3,positive,29,25,2,0,0.000000,0
3,positive,29,26,2,0,0.000000,0
3,positive,29,27,2,0,0.000000,0
3,positive,29,28,2,0,0.000000,0
3,positive,29,29,2,0,0.000000,0
3,positive,29,30,2,0,0.000000,0
3,positive,29,31,2,0,0.000000,0
3,positive,29,32,2,0,0.000000,0
3,positive,29,33,2,0,0.000000,0
3,positive,29,34,2,0,0.000000,0
3,positive,29,35,2,0,0.000000,0
3,positive,29,36,2,0,0.000000,0
3,positive,29,37,2,0,0.000000,0
3,positive,29,38,2,0,0.000000,0
3,positive,29,39,1,0,0.000000,0
3,positive,29,40,2,0,0.000000,0
3,positive,29,41,0,0,0.000000,0
3,positive,29,42,2,0,0.000000,0
3,positive,29,43,0,0,0.000000,0
3,positive,29,44,2,0,0.000000,0
3,positive,29,45,2,0,0.000000,0
3,positive,29,46,2,0,0.000000,0
3,positive,29,47,2,0,0.000000,0
3,positive,29,48,1,0,0.000000,0
3,positive,29,49,2,0,0.000000,0
3,positive,30,0,2,0,0.000000,0
3,positive,30,1,2,0,0.000000,0
3,positive,30,2,2,0,0.000000,0
3,positive,30,3,2,0,0.000000,0
3,positive,30,4,2,0,0.000000,0
3,positive,30,5,2,0,0.000000,0
3,positive,30,6,2,0,0.000000,0
3,positive,30,7,2,0,0.000000,0
3,positive,30,8,2,0,0.000000,0
3,positive,30,9,2,0,0.000000,0
3,positive,30,10,1,0,0.000000,0
3,positive,30,11,2,0,0.000000,0
3,positive,30,12,2,0,0.000000,0
3,positive,30,13,1,0,0.000000,0
3,positive,30,14,2,0,0.000000,0
3,positive,30,15,0,0,0.000000,0
3,positive,30,16,2,0,0.000000,0
3,positive,30,17,2,0,0.000000,0
3,positive,30,18,2,0,0.000000,0
3,positive,30,19,1,0,0.000000,0
3,positive,30,20,2,0,0.000000,0
3,positive,30,21,2,0,0.000000,0
3,positive,30,22,0,0,0.000000,0
3,positive,30,23,2,0,0.000000,0
3,positive,30,24,2,0,0.000000,0
3,positive,30,25,2,0,0.000000,0
3,positive,30,26,2,0,0.000000,0
3,positive,30,27,2,0,0.000000,0
3,positive,30,28,2,0,0.000000,0
3,positive,30,29,2,0,0.000000,0
3,positive,30,30,2,0,0.000000,0
3,positive,30,31,0,0,0.000000,0
3,positive,30,32,2,0,0.000000,0
3,positive,30,33,1,0,0.000000,0
3,positive,30,34,1,0,0.000000,0
3,positive,30,35,0,0,0.000000,0
3,positive,30,36,2,0,0.000000,0
3,positive,30,37,2,0,0.000000,0
3,positive,30,38,0,0,0.000000,0
3,positive,30,39,2,0,0.000000,0
3,positive,30,40,2,0,0.000000,0
3,positive,30,41,1,0,0.000000,0
3,positive,30,42,2,0,0.000000,0
3,positive,30,43,2,0,0.000000,0
3,positive,30,44,2,0,0.000000,0
3,positive,30,45,2,0,0.000000,0
3,positive,30,46,0,0,0.000000,0
3,positive,30,47,2,0,0.000000,0
3,positive,30,48,2,0,0.000000,0
3,positive,30,49,2,0,0.000000,0
3,positive,31,0,0,0,0.000000,0
3,positive,31,1,2,0,0.000000,0
3,positive,31,2,2,0,0.000000,0
3,positive,31,3,0,0,0.000000,0
3,positive,31,4,2,0,0.000000,0
3,positive,31,5,1,0,0.000000,0
3,positive,31,6,2,0,0.000000,0
3,positive,31,7,2,0,0.000000,0
3,positive,31,8,2,0,0.000000,0
3,positive,31,9,2,0,0.000000,0
3,positive,31,10,2,0,0.000000,0
3,positive,31,11,2,0,0.000000,0
3,positive,31,12,1,0,0.000000,0
3,positive,31,13,0,0,0.000000,0
3,positive,31,14,1,0,0.000000,0
3,positive,31,15,0,0,0.000000,0
3,positive,31,16,2,0,0.000000,0
3,positive,31,17,2,0,0.000000,0
3,positive,31,18,2,0,0.000000,0
3,positive,31,19,2,0,0.000000,0
3,positive,31,20,2,0,0.000000,0
3,positive,31,21,1,0,0.000000,0
3,positive,31,22,1,0,0.000000,0
3,positive,31,23,2,0,0.000000,0
3,positive,31,24,0,0,0.000000,0
3,positive,31,25,2,0,0.000000,0
3,positive,31,26,0,0,0.000000,0
3,positive,31,27,2,0,0.000000,0
3,positive,31,28,0,0,0.000000,0
3,positive,31,29,0,0,0.000000,0
3,positive,31,30,2,0,0.000000,0
3,positive,31,31,2,0,0.000000,0
3,positive,31,32,2,0,0.000000,0
3,positive,31,33,2,0,0.000000,0
3,positive,31,34,2,0,0.000000,0
3,positive,31,35,1,0,0.000000,0
3,positive,31,36,2,0,0.000000,0
3,positive,31,37,1,0,0.000000,0
3,positive,31,38,2,0,0.000000,0
3,positive,31,39,2,0,0.000000,0
3,positive,31,40,2,0,0.000000,0
3,positive,31,41,2,0,0.000000,0
3,positive,31,42,2,0,0.000000,0
3,positive,31,43,2,0,0.000000,0
3,positive,31,44,2,0,0.000000,0
3,positive,31,45,2,0,0.000000,0
3,positive,31,46,1,0,0.000000,0
3,positive,31,47,2,0,0.000000,0
3,positive,31,48,0,0,0.000000,0
3,positive,31,49,2,0,0.000000,0
3,positive,32,0,2,0,0.000000,0
3,positive,32,1,2,0,0.000000,0
3,positive,32,2,2,0,0.000000,0
3,positive,32,3,2,0,0.000000,0
3,positive,32,4,2,0,0.000000,0
3,positive,32,5,2,0,0.000000,0
3,positive,32,6,2,0,0.000000,0
3,positive,32,7,2,0,0.000000,0
3,positive,32,8,0,0,0.000000,0
3,positive,32,9,2,0,0.000000,0
3,positive,32,10,2,0,0.000000,0
3,positive,32,11,2,0,0.000000,0
3,positive,32,12,2,0,0.000000,0
3,positive,32,13,2,0,0.000000,0
3,positive,32,14,2,0,0.000000,0
3,positive,32,15,1,0,0.000000,0
3,positive,32,16,0,0,0.000000,0
3,positive,32,17,2,0,0.000000,0
3,positive,32,18,1,0,0.000000,0
3,positive,32,19,2,0,0.000000,0
3,positive,32,20,2,0,0.000000,0
3,positive,32,21,2,0,0.000000,0
3,positive,32,22,1,0,0.000000,0
3,positive,32,23,2,0,0.000000,0
3,positive,32,24,2,0,0.000000,0
3,positive,32,25,2,0,0.000000,0
3,positive,32,26,2,0,0.000000,0
3,positive,32,27,1,0,0.000000,0
3,positive,32,28,2,0,0.000000,0
3,positive,32,29,1,0,0.000000,0
3,positive,32,30,2,0,0.000000,0
3,positive,32,31,2,0,0.000000,0
3,positive,32,32,0,0,0.000000,0
3,positive,32,33,2,0,0.000000,0
3,positive,32,34,2,0,0.000000,0
3,positive,32,35,2,0,0.000000,0
3,positive,32,36,2,0,0.000000,0
3,positive,32,37,2,0,0.000000,0
3,positive,32,38,2,0,0.000000,0
3,positive,32,39,2,0,0.000000,0
3,positive,32,40,2,0,0.000000,0
3,positive,32,41,2,0,0.000000,0
3,positive,32,42,2,0,0.000000,0
3,positive,32,43,2,0,0.000000,0
3,positive,32,44,2,0,0.000000,0
3,positive,32,45,2,0,0.000000,0
3,positive,32,46,0,0,0.000000,0
3,positive,32,47,2,0,0.000000,0
3,positive,32,48,2,0,0.000000,0
3,positive,32,49,2,0,0.000000,0
3,positive,33,0,2,0,0.000000,0
3,positive,33,1,2,0,0.000000,0
3,positive,33,2,2,0,0.000000,0
3,positive,33,3,2,0,0.000000,0
3,positive,33,4,1,0,0.000000,0
3,positive,33,5,2,0,0.000000,0
3,positive,33,6,1,0,0.000000,0
3,positive,33,7,2,0,0.000000,0
3,positive,33,8,0,0,0.000000,0
3,positive,33,9,1,0,0.000000,0
3,positive,33,10,2,0,0.000000,0
3,positive,33,11,1,0,0.000000,0
3,positive,33,12,2,0,0.000000,0
3,positive,33,13,2,0,0.000000,0
3,positive,33,14,2,0,0.000000,0
3,positive,33,15,2,0,0.000000,0
3,positive,33,16,2,0,0.000000,0
3,positive,33,17,2,0,0.000000,0
3,positive,33,18,0,0,0.000000,0
3,positive,33,19,2,0,0.000000,0
3,positive,33,20,1,0,0.000000,0
3,positive,33,21,2,0,0.000000,0
3,positive,33,22,2,0,0.000000,0
3,positive,33,23,2,0,0.000000,0
3,positive,33,24,2,0,0.000000,0
3,positive,33,25,2,0,0.000000,0
3,positive,33,26,2,0,0.000000,0
3,positive,33,27,2,0,0.000000,0
3,positive,33,28,2,0,0.000000,0
3,positive,33,29,2,0,0.000000,0
3,positive,33,30,1,0,0.000000,0
3,positive,33,31,0,0,0.000000,0
3,positive,33,32,2,0,0.000000,0
3,positive,33,33,2,0,0.000000,0
3,positive,33,34,2,0,0.000000,0
3,positive,33,35,2,0,0.000000,0
3,positive,33,36,2,0,0.000000,0
3,positive,33,37,0,0,0.000000,0
3,positive,33,38,2,0,0.000000,0
3,positive,33,39,2,0,0.000000,0
3,positive,33,40,2,0,0.000000,0
3,positive,33,41,2,0,0.000000,0
3,positive,33,42,2,0,0.000000,0
3,positive,33,43,2,0,0.000000,0
3,positive,33,44,2,0,0.000000,0
3,positive,33,45,2,0,0.000000,0
3,positive,33,46,0,0,0.000000,0
3,positive,33,47,2,0,0.000000,0
3,positive,33,48,2,0,0.000000,0
3,positive,33,49,0,0,0.000000,0
3,positive,34,0,2,0,0.000000,0
3,positive,34,1,2,0,0.000000,0
3,positive,34,2,2,0,0.000000,0
3,positive,34,3,1,0,0.000000,0
3,positive,34,4,2,0,0.000000,0
3,positive,34,5,0,0,0.000000,0
3,positive,34,6,2,0,0.000000,0
3,positive,34,7,2,0,0.000000,0
3,positive,34,8,2,0,0.000000,0
3,positive,34,9,2,0,0.000000,0
3,positive,34,10,2,0,0.000000,0
3,positive,34,11,2,0,0.000000,0
3,positive,34,12,1,0,0.000000,0
3,positive,34,13,2,0,0.000000,0
3,positive,34,14,2,0,0.000000,0
3,positive,34,15,2,0,0.000000,0
3,positive,34,16,2,0,0.000000,0
3,positive,34,17,2,0,0.000000,0
3,positive,34,18,2,0,0.000000,0
3,positive,34,19,0,0,0.000000,0
3,positive,34,20,2,0,0.000000,0
3,positive,34,21,2,0,0.000000,0
3,positive,34,22,2,0,0.000000,0
3,positive,34,23,2,0,0.000000,0
3,positive,34,24,2,0,0.000000,0
3,positive,34,25,2,0,0.000000,0
3,positive,34,26,2,0,0.000000,0
3,positive,34,27,1,0,0.000000,0
3,positive,34,28,2,0,0.000000,0
3,positive,34,29,2,0,0.000000,0
3,positive,34,30,0,0,0.000000,0
3,positive,34,31,2,0,0.000000,0
3,positive,34,32,2,0,0.000000,0
3,positive,34,33,2,0,0.000000,0
3,positive,34,34,2,0,0.000000,0
3,positive,34,35,2,0,0.000000,0
3,positive,34,36,2,0,0.000000,0
3,positive,34,37,0,0,0.000000,0
3,positive,34,38,2,0,0.000000,0
3,positive,34,39,2,0,0.000000,0
3,positive,34,40,2,0,0.000000,0
3,positive,34,41,1,0,0.000000,0
3,positive,34,42,2,0,0.000000,0
3,positive,34,43,2,0,0.000000,0
3,positive,34,44,2,0,0.000000,0
3,positive,34,45,2,0,0.000000,0
3,positive,34,46,2,0,0.000000,0
3,positive,34,47,1,0,0.000000,0
3,positive,34,48,1,0,0.000000,0
3,positive,34,49,2,0,0.000000,0
3,positive,35,0,2,0,0.000000,0
3,positive,35,1,2,0,0.000000,0
3,positive,35,2,1,0,0.000000,0
3,positive,35,3,0,0,0.000000,0
3,positive,35,4,2,0,0.000000,0
3,positive,35,5,1,0,0.000000,0
3,positive,35,6,2,0,0.000000,0
3,positive,35,7,1,0,0.000000,0
3,positive,35,8,1,0,0.000000,0
3,positive,35,9,0,0,0.000000,0
3,positive,35,10,1,0,0.000000,0
3,positive,35,11,2,0,0.000000,0
3,positive,35,12,2,0,0.000000,0
3,positive,35,13,2,0,0.000000,0
3,positive,35,14,2,0,0.000000,0
3,positive,35,15,1,0,0.000000,0
3,positive,35,16,2,0,0.000000,0
3,positive,35,17,2,0,0.000000,0
3,positive,35,18,2,0,0.000000,0
3,positive,35,19,2,0,0.000000,0
3,positive,35,20,0,0,0.000000,0
3,positive,35,21,2,0,0.000000,0
3,positive,35,22,2,0,0.000000,0
3,positive,35,23,2,0,0.000000,0
3,positive,35,24,2,0,0.000000,0
3,positive,35,25,1,0,0.000000,0
3,positive,35,26,2,0,0.000000,0
3,positive,35,27,2,0,0.000000,0
3,positive,35,28,2,0,0.000000,0
3,positive,35,29,1,0,0.000000,0
3,positive,35,30,0,0,0.000000,0
3,positive,35,31,2,0,0.000000,0
3,positive,35,32,2,0,0.000000,0
3,positive,35,33,2,0,0.000000,0
3,positive,35,34,2,0,0.000000,0
3,positive,35,35,2,0,0.000000,0
3,positive,35,36,2,0,0.000000,0
3,positive,35,37,2,0,0.000000,0
3,positive,35,38,2,0,0.000000,0
3,positive,35,39,0,0,0.000000,0
3,positive,35,40,2,0,0.000000,0
3,positive,35,41,2,0,0.000000,0
3,positive,35,42,0,0,0.000000,0
3,positive,35,43,1,0,0.000000,0
3,positive,35,44,1,0,0.000000,0
3,positive,35,45,1,0,0.000000,0
3,positive,35,46,2,0,0.000000,0
3,positive,35,47,2,0,0.000000,0
3,positive,35,48,2,0,0.000000,0
3,positive,35,49,1,0,0.000000,0
3,positive,36,0,2,0,0.000000,0
3,positive,36,1,2,0,0.000000,0
3,positive,36,2,1,0,0.000000,0
3,positive,36,3,2,0,0.000000,0
3,positive,36,4,1,0,0.000000,0
3,positive,36,5,2,0,0.000000,0
3,positive,36,6,2,0,0.000000,0
3,positive,36,7,2,0,0.000000,0
3,positive,36,8,2,0,0.000000,0
3,positive,36,9,2,0,0.000000,0
3,positive,36,10,2,0,0.000000,0
3,positive,36,11,0,0,0.000000,0
3,positive,36,12,2,0,0.000000,0
3,positive,36,13,0,0,0.000000,0
3,positive,36,14,2,0,0.000000,0
3,positive,36,15,2,0,0.000000,0
3,positive,36,16,2,0,0.000000,0
3,positive,36,17,0,0,0.000000,0
3,positive,36,18,2,0,0.000000,0
3,positive,36,19,2,0,0.000000,0
3,positive,36,20,2,0,0.000000,0
3,positive,36,21,2,0,0.000000,0
3,positive,36,22,2,0,0.000000,0
3,positive,36,23,2,0,0.000000,0
3,positive,36,24,2,0,0.000000,0
3,positive,36,25,2,0,0.000000,0
3,positive,36,26,0,0,0.000000,0
3,positive,36,27,2,0,0.000000,0
3,positive,36,28,1,0,0.000000,0
3,positive,36,29,2,0,0.000000,0
3,positive,36,30,2,0,0.000000,0
3,positive,36,31,1,0,0.000000,0
3,positive,36,32,2,0,0.000000,0
3,positive,36,33,2,0,0.000000,0
3,positive,36,34,2,0,0.000000,0
3,positive,36,35,2,0,0.000000,0
3,positive,36,36,1,0,0.000000,0
3,positive,36,37,0,0,0.000000,0
3,positive,36,38,0,0,0.000000,0
3,positive,36,39,2,0,0.000000,0
3,positive,36,40,2,0,0.000000,0
3,positive,36,41,2,0,0.000000,0
3,positive,36,42,2,0,0.000000,0
3,positive,36,43,0,0,0.000000,0
3,positive,36,44,0,0,0.000000,0
3,positive,36,45,2,0,0.000000,0
3,positive,36,46,2,0,0.000000,0
3,positive,36,47,2,0,0.000000,0
3,positive,36,48,2,0,0.000000,0
3,positive,36,49,2,0,0.000000,0
3,positive,37,0,2,0,0.000000,0
3,positive,37,1,2,0,0.000000,0
3,positive,37,2,2,0,0.000000,0
3,positive,37,3,2,0,0.000000,0
3,positive,37,4,2,0,0.000000,0
3,positive,37,5,2,0,0.000000,0
3,positive,37,6,0,0,0.000000,0
3,positive,37,7,2,0,0.000000,0
3,positive,37,8,2,0,0.000000,0
3,positive,37,9,0,0,0.000000,0
3,positive,37,10,2,0,0.000000,0
3,positive,37,11,2,0,0.000000,0
3,positive,37,12,1,0,0.000000,0
3,positive,37,13,2,0,0.000000,0
3,positive,37,14,2,0,0.000000,0
3,positive,37,15,0,0,0.000000,0
3,positive,37,16,2,0,0.000000,0
3,positive,37,17,1,0,0.000000,0
3,positive,37,18,2,0,0.000000,0
3,positive,37,19,2,0,0.000000,0
3,positive,37,20,2,0,0.000000,0
3,positive,37,21,2,0,0.000000,0
3,positive,37,22,2,0,0.000000,0
3,positive,37,23,2,0,0.000000,0
3,positive,37,24,2,0,0.000000,0
3,positive,37,25,2,0,0.000000,0
3,positive,37,26,2,0,0.000000,0
3,positive,37,27,2,0,0.000000,0
3,positive,37,28,2,0,0.000000,0
3,positive,37,29,2,0,0.000000,0
3,positive,37,30,0,0,0.000000,0
3,positive,37,31,2,0,0.000000,0
3,positive,37,32,2,0,0.000000,0
3,positive,37,33,2,0,0.000000,0
3,positive,37,34,2,0,0.000000,0
3,positive,37,35,1,0,0.000000,0
3,positive,37,36,1,0,0.000000,0
3,positive,37,37,2,0,0.000000,0
3,positive,37,38,2,0,0.000000,0
3,positive,37,39,2,0,0.000000,0
3,positive,37,40,0,0,0.000000,0
3,positive,37,41,0,0,0.000000,0
3,positive,37,42,1,0,0.000000,0
3,positive,37,43,2,0,0.000000,0
3,positive,37,44,2,0,0.000000,0
3,positive,37,45,0,0,0.000000,0
3,positive,37,46,2,0,0.000000,0
3,positive,37,47,2,0,0.000000,0
3,positive,37,48,2,0,0.000000,0
3,positive,37,49,2,0,0.000000,0
3,positive,38,0,2,0,0.000000,0
3,positive,38,1,2,0,0.000000,0
3,positive,38,2,2,0,0.000000,0
3,positive,38,3,2,0,0.000000,0
3,positive,38,4,0,0,0.000000,0
3,positive,38,5,2,0,0.000000,0
3,positive,38,6,2,0,0.000000,0
3,positive,38,7,2,0,0.000000,0
3,positive,38,8,2,0,0.000000,0
3,positive,38,9,1,0,0.000000,0
3,positive,38,10,2,0,0.000000,0
3,positive,38,11,2,0,0.000000,0
3,positive,38,12,1,0,0.000000,0
3,positive,38,13,2,0,0.000000,0
3,positive,38,14,2,0,0.000000,0
3,positive,38,15,2,0,0.000000,0
3,positive,38,16,2,0,0.000000,0
3,positive,38,17,2,0,0.000000,0
3,positive,38,18,2,0,0.000000,0
3,positive,38,19,0,0,0.000000,0
3,positive,38,20,2,0,0.000000,0
3,positive,38,21,2,0,0.000000,0
3,positive,38,22,2,0,0.000000,0
3,positive,38,23,2,0,0.000000,0
3,positive,38,24,1,0,0.000000,0
3,positive,38,25,1,0,0.000000,0
3,positive,38,26,2,0,0.000000,0
3,positive,38,27,2,0,0.000000,0
3,positive,38,28,2,0,0.000000,0
3,positive,38,29,2,0,0.000000,0
3,positive,38,30,2,0,0.000000,0
3,positive,38,31,2,0,0.000000,0
3,positive,38,32,2,0,0.000000,0
3,positive,38,33,2,0,0.000000,0
3,positive,38,34,0,0,0.000000,0
3,positive,38,35,2,0,0.000000,0
3,positive,38,36,2,0,0.000000,0
3,positive,38,37,2,0,0.000000,0
3,positive,38,38,2,0,0.000000,0
3,positive,38,39,2,0,0.000000,0
3,positive,38,40,2,0,0.000000,0
3,positive,38,41,2,0,0.000000,0
3,positive,38,42,2,0,0.000000,0
3,positive,38,43,2,0,0.000000,0
3,positive,38,44,2,0,0.000000,0
3,positive,38,45,2,0,0.000000,0
3,positive,38,46,2,0,0.000000,0
3,positive,38,47,1,0,0.000000,0
3,positive,38,48,2,0,0.000000,0
3,positive,38,49,2,0,0.000000,0
3,positive,39,0,2,0,0.000000,0
3,positive,39,1,2,0,0.000000,0
3,positive,39,2,2,0,0.000000,0
3,positive,39,3,2,0,0.000000,0
3,positive,39,4,2,0,0.000000,0
3,positive,39,5,1,0,0.000000,0
3,positive,39,6,2,0,0.000000,0
3,positive,39,7,1,0,0.000000,0
3,positive,39,8,2,0,0.000000,0
3,positive,39,9,2,0,0.000000,0
3,positive,39,10,2,0,0.000000,0
3,positive,39,11,1,0,0.000000,0
3,positive,39,12,2,0,0.000000,0
3,positive,39,13,0,0,0.000000,0
3,positive,39,14,0,0,0.000000,0
3,positive,39,15,1,0,0.000000,0
3,positive,39,16,1,0,0.000000,0
3,positive,39,17,0,0,0.000000,0
3,positive,39,18,2,0,0.000000,0
3,positive,39,19,1,0,0.000000,0
3,positive,39,20,2,0,0.000000,0
3,positive,39,21,2,0,0.000000,0
3,positive,39,22,1,0,0.000000,0
3,positive,39,23,1,0,0.000000,0
3,positive,39,24,2,0,0.000000,0
3,positive,39,25,2,0,0.000000,0
3,positive,39,26,2,0,0.000000,0
3,positive,39,27,2,0,0.000000,0
3,positive,39,28,2,0,0.000000,0
3,positive,39,29,2,0,0.000000,0
3,positive,39,30,0,0,0.000000,0
3,positive,39,31,0,0,0.000000,0
3,positive,39,32,2,0,0.000000,0
3,positive,39,33,2,0,0.000000,0
3,positive,39,34,0,0,0.000000,0
3,positive,39,35,2,0,0.000000,0
3,positive,39,36,2,0,0.000000,0
3,positive,39,37,2,0,0.000000,0
3,positive,39,38,2,0,0.000000,0
3,positive,39,39,2,0,0.000000,0
3,positive,39,40,2,0,0.000000,0
3,positive,39,41,0,0,0.000000,0
3,positive,39,42,2,0,0.000000,0
3,positive,39,43,1,0,0.000000,0
3,positive,39,44,1,0,0.000000,0
3,positive,39,45,2,0,0.000000,0
3,positive,39,46,1,0,0.000000,0
3,positive,39,47,2,0,0.000000,0
3,positive,39,48,2,0,0.000000,0
3,positive,39,49,2,0,0.000000,0
3,positive,40,0,1,0,0.000000,0
3,positive,40,1,2,0,0.000000,0
3,positive,40,2,2,0,0.000000,0
3,positive,40,3,2,0,0.000000,0
3,positive,40,4,2,0,0.000000,0
3,positive,40,5,2,0,0.000000,0
3,positive,40,6,2,0,0.000000,0
3,positive,40,7,2,0,0.000000,0
3,positive,40,8,2,0,0.000000,0
3,positive,40,9,0,0,0.000000,0
3,positive,40,10,2,0,0.000000,0
3,positive,40,11,2,0,0.000000,0
3,positive,40,12,2,0,0.000000,0
3,positive,40,13,2,0,0.000000,0
3,positive,40,14,2,0,0.000000,0
3,positive,40,15,2,0,0.000000,0
3,positive,40,16,2,0,0.000000,0
3,positive,40,17,2,0,0.000000,0
3,positive,40,18,2,0,0.000000,0
3,positive,40,19,2,0,0.000000,0
3,positive,40,20,2,0,0.000000,0
3,positive,40,21,2,0,0.000000,0
3,positive,40,22,2,0,0.000000,0
3,positive,40,23,2,0,0.000000,0
3,positive,40,24,2,0,0.000000,0
3,positive,40,25,1,0,0.000000,0
3,positive,40,26,2,0,0.000000,0
3,positive,40,27,2,0,0.000000,0
3,positive,40,28,2,0,0.000000,0
3,positive,40,29,1,0,0.000000,0
3,positive,40,30,2,0,0.000000,0
3,positive,40,31,2,0,0.000000,0
3,positive,40,32,2,0,0.000000,0
3,positive,40,33,2,0,0.000000,0
3,positive,40,34,2,0,0.000000,0
3,positive,40,35,2,0,0.000000,0
3,positive,40,36,0,0,0.000000,0
3,positive,40,37,2,0,0.000000,0
3,positive,40,38,2,0,0.000000,0
3,positive,40,39,2,0,0.000000,0
3,positive,40,40,2,0,0.000000,0
3,positive,40,41,2,0,0.000000,0
3,positive,40,42,1,0,0.000000,0
3,positive,40,43,2,0,0.000000,0
3,positive,40,44,2,0,0.000000,0
3,positive,40,45,1,0,0.000000,0
3,positive,40,46,2,0,0.000000,0
3,positive,40,47,1,0,0.000000,0
3,positive,40,48,2,0,0.000000,0
3,positive,40,49,2,0,0.000000,0
3,positive,41,0,1,0,0.000000,0
3,positive,41,1,2,0,0.000000,0
3,positive,41,2,1,0,0.000000,0
3,positive,41,3,2,0,0.000000,0
3,positive,41,4,2,0,0.000000,0
3,positive,41,5,2,0,0.000000,0
3,positive,41,6,2,0,0.000000,0
3,positive,41,7,2,0,0.000000,0
3,positive,41,8,2,0,0.000000,0
3,positive,41,9,0,0,0.000000,0
3,positive,41,10,2,0,0.000000,0
3,positive,41,11,2,0,0.000000,0
3,positive,41,12,1,0,0.000000,0
3,positive,41,13,2,0,0.000000,0
3,positive,41,14,1,0,0.000000,0
3,positive,41,15,2,0,0.000000,0
3,positive,41,16,2,0,0.000000,0
3,positive,41,17,2,0,0.000000,0
3,positive,41,18,2,0,0.000000,0
3,positive,41,19,2,0,0.000000,0
3,positive,41,20,2,0,0.000000,0
3,positive,41,21,2,0,0.000000,0
3,positive,41,22,2,0,0.000000,0
3,positive,41,23,2,0,0.000000,0
3,positive,41,24,2,0,0.000000,0
3,positive,41,25,2,0,0.000000,0
3,positive,41,26,2,0,0.000000,0
3,positive,41,27,1,0,0.000000,0
3,positive,41,28,2,0,0.000000,0
3,positive,41,29,2,0,0.000000,0
3,positive,41,30,0,0,0.000000,0
3,positive,41,31,2,0,0.000000,0
3,positive,41,32,2,0,0.000000,0
3,positive,41,33,2,0,0.000000,0
3,positive,41,34,2,0,0.000000,0
3,positive,41,35,2,0,0.000000,0
3,positive,41,36,1,0,0.000000,0
3,positive,41,37,2,0,0.000000,0
3,positive,41,38,2,0,0.000000,0
3,positive,41,39,1,0,0.000000,0
3,positive,41,40,2,0,0.000000,0
3,positive,41,41,2,0,0.000000,0
3,positive,41,42,2,0,0.000000,0
3,positive,41,43,2,0,0.000000,0
3,positive,41,44,2,0,0.000000,0
3,positive,41,45,2,0,0.000000,0
3,positive,41,46,2,0,0.000000,0
3,positive,41,47,2,0,0.000000,0
3,positive,41,48,2,0,0.000000,0
3,positive,41,49,2,0,0.000000,0
3,positive,42,0,2,0,0.000000,0
3,positive,42,1,2,0,0.000000,0
3,positive,42,2,2,0,0.000000,0
3,positive,42,3,2,0,0.000000,0
3,positive,42,4,2,0,0.000000,0
3,positive,42,5,2,0,0.000000,0
3,positive,42,6,2,0,0.000000,0
3,positive,42,7,2,0,0.000000,0
3,positive,42,8,2,0,0.000000,0
3,positive,42,9,2,0,0.000000,0
3,positive,42,10,2,0,0.000000,0
3,positive,42,11,0,0,0.000000,0
3,positive,42,12,2,0,0.000000,0
3,positive,42,13,2,0,0.000000,0
3,positive,42,14,2,0,0.000000,0
3,positive,42,15,2,0,0.000000,0
3,positive,42,16,0,0,0.000000,0
3,positive,42,17,2,0,0.000000,0
3,positive,42,18,2,0,0.000000,0
3,positive,42,19,2,0,0.000000,0
3,positive,42,20,2,0,0.000000,0
3,positive,42,21,2,0,0.000000,0
3,positive,42,22,2,0,0.000000,0
3,positive,42,23,2,0,0.000000,0
3,positive,42,24,2,0,0.000000,0
3,positive,42,25,2,0,0.000000,0
3,positive,42,26,2,0,0.000000,0
3,positive,42,27,0,0,0.000000,0
3,positive,42,28,0,0,0.000000,0
3,positive,42,29,1,0,0.000000,0
3,positive,42,30,2,0,0.000000,0
3,positive,42,31,2,0,0.000000,0
3,positive,42,32,2,0,0.000000,0
3,positive,42,33,2,0,0.000000,0
3,positive,42,34,0,0,0.000000,0
3,positive,42,35,2,0,0.000000,0
3,positive,42,36,2,0,0.000000,0
3,positive,42,37,2,0,0.000000,0
3,positive,42,38,2,0,0.000000,0
3,positive,42,39,2,0,0.000000,0
3,positive,42,40,2,0,0.000000,0
3,positive,42,41,2,0,0.000000,0
3,positive,42,42,0,0,0.000000,0
3,positive,42,43,2,0,0.000000,0
3,positive,42,44,2,0,0.000000,0
3,positive,42,45,2,0,0.000000,0
3,positive,42,46,2,0,0.000000,0
3,positive,42,47,1,0,0.000000,0
3,positive,42,48,2,0,0.000000,0
3,positive,42,49,2,0,0.000000,0
3,positive,43,0,2,0,0.000000,0
3,positive,43,1,2,0,0.000000,0
3,positive,43,2,2,0,0.000000,0
3,positive,43,3,2,0,0.000000,0
3,positive,43,4,2,0,0.000000,0
3,positive,43,5,2,0,0.000000,0
3,positive,43,6,0,0,0.000000,0
3,positive,43,7,2,0,0.000000,0
3,positive,43,8,2,0,0.000000,0
3,positive,43,9,0,0,0.000000,0
3,positive,43,10,0,0,0.000000,0
3,positive,43,11,2,0,0.000000,0
3,positive,43,12,2,0,0.000000,0
3,positive,43,13,2,0,0.000000,0
3,positive,43,14,2,0,0.000000,0
3,positive,43,15,2,0,0.000000,0
3,positive,43,16,2,0,0.000000,0
3,positive,43,17,2,0,0.000000,0
3,positive,43,18,2,0,0.000000,0
3,positive,43,19,2,0,0.000000,0
3,positive,43,20,2,0,0.000000,0
3,positive,43,21,2,0,0.000000,0
3,positive,43,22,2,0,0.000000,0
3,positive,43,23,2,0,0.000000,0
3,positive,43,24,1,0,0.000000,0
3,positive,43,25,2,0,0.000000,0
3,positive,43,26,2,0,0.000000,0
3,positive,43,27,2,0,0.000000,0
3,positive,43,28,2,0,0.000000,0
3,positive,43,29,2,0,0.000000,0
3,positive,43,30,0,0,0.000000,0
3,positive,43,31,1,0,0.000000,0
3,positive,43,32,2,0,0.000000,0
3,positive,43,33,1,0,0.000000,0
3,positive,43,34,2,0,0.000000,0
3,positive,43,35,2,0,0.000000,0
3,positive,43,36,2,0,0.000000,0
3,positive,43,37,2,0,0.000000,0
3,positive,43,38,2,0,0.000000,0
3,positive,43,39,0,0,0.000000,0
3,positive,43,40,2,0,0.000000,0
3,positive,43,41,2,0,0.000000,0
3,positive,43,42,2,0,0.000000,0
3,positive,43,43,0,0,0.000000,0
3,positive,43,44,0,0,0.000000,0
3,positive,43,45,2,0,0.000000,0
3,positive,43,46,2,0,0.000000,0
3,positive,43,47,2,0,0.000000,0
3,positive,43,48,0,0,0.000000,0
3,positive,43,49,2,0,0.000000,0
3,positive,44,0,1,0,0.000000,0
3,positive,44,1,2,0,0.000000,0
3,positive,44,2,0,0,0.000000,0
3,positive,44,3,2,0,0.000000,0
3,positive,44,4,2,0,0.000000,0
3,positive,44,5,0,0,0.000000,0
3,positive,44,6,2,0,0.000000,0
3,positive,44,7,2,0,0.000000,0
3,positive,44,8,2,0,0.000000,0
3,positive,44,9,0,0,0.000000,0
3,positive,44,10,1,0,0.000000,0
3,positive,44,11,2,0,0.000000,0
3,positive,44,12,1,0,0.000000,0
3,positive,44,13,2,0,0.000000,0
3,positive,44,14,2,0,0.000000,0
3,positive,44,15,2,0,0.000000,0
3,positive,44,16,0,0,0.000000,0
3,positive,44,17,2,0,0.000000,0
3,positive,44,18,2,0,0.000000,0
3,positive,44,19,2,0,0.000000,0
3,positive,44,20,2,0,0.000000,0
3,positive,44,21,2,0,0.000000,0
3,positive,44,22,2,0,0.000000,0
3,positive,44,23,2,0,0.000000,0
3,positive,44,24,2,0,0.000000,0
3,positive,44,25,2,0,0.000000,0
3,positive,44,26,2,0,0.000000,0
3,positive,44,27,1,0,0.000000,0
3,positive,44,28,0,0,0.000000,0
3,positive,44,29,2,0,0.000000,0
3,positive,44,30,2,0,0.000000,0
3,positive,44,31,2,0,0.000000,0
3,positive,44,32,2,0,0.000000,0
3,positive,44,33,2,0,0.000000,0
3,positive,44,34,2,0,0.000000,0
3,positive,44,35,2,0,0.000000,0
3,positive,44,36,2,0,0.000000,0
3,positive,44,37,2,0,0.000000,0
3,positive,44,38,2,0,0.000000,0
3,positive,44,39,1,0,0.000000,0
3,positive,44,40,2,0,0.000000,0
3,positive,44,41,2,0,0.000000,0
3,positive,44,42,2,0,0.000000,0
3,positive,44,43,2,0,0.000000,0
3,positive,44,44,2,0,0.000000,0
3,positive,44,45,2,0,0.000000,0
3,positive,44,46,2,0,0.000000,0
3,positive,44,47,1,0,0.000000,0
3,positive,44,48,2,0,0.000000,0
3,positive,44,49,0,0,0.000000,0
3,positive,45,0,2,0,0.000000,0
3,positive,45,1,0,0,0.000000,0
3,positive,45,2,1,0,0.000000,0
3,positive,45,3,0,0,0.000000,0
3,positive,45,4,2,0,0.000000,0
3,positive,45,5,2,0,0.000000,0
3,positive,45,6,2,0,0.000000,0
3,positive,45,7,2,0,0.000000,0
3,positive,45,8,1,0,0.000000,0
3,positive,45,9,1,0,0.000000,0
3,positive,45,10,0,0,0.000000,0
3,positive,45,11,2,0,0.000000,0
3,positive,45,12,0,0,0.000000,0
3,positive,45,13,2,0,0.000000,0
3,positive,45,14,0,0,0.000000,0
3,positive,45,15,2,0,0.000000,0
3,positive,45,16,2,0,0.000000,0
3,positive,45,17,2,0,0.000000,0
3,positive,45,18,2,0,0.000000,0
3,positive,45,19,2,0,0.000000,0
3,positive,45,20,2,0,0.000000,0
3,positive,45,21,2,0,0.000000,0
3,positive,45,22,2,0,0.000000,0
3,positive,45,23,2,0,0.000000,0
3,positive,45,24,0,0,0.000000,0
3,positive,45,25,2,0,0.000000,0
3,positive,45,26,2,0,0.000000,0
3,positive,45,27,2,0,0.000000,0
3,positive,45,28,2,0,0.000000,0
3,positive,45,29,2,0,0.000000,0
3,positive,45,30,2,0,0.000000,0
3,positive,45,31,2,0,0.000000,0
3,positive,45,32,2,0,0.000000,0
3,positive,45,33,2,0,0.000000,0
3,positive,45,34,2,0,0.000000,0
3,positive,45,35,2,0,0.000000,0
3,positive,45,36,2,0,0.000000,0
3,positive,45,37,2,0,0.000000,0
3,positive,45,38,0,0,0.000000,0
3,positive,45,39,2,0,0.000000,0
3,positive,45,40,0,0,0.000000,0
3,positive,45,41,2,0,0.000000,0
3,positive,45,42,2,0,0.000000,0
3,positive,45,43,0,0,0.000000,0
3,positive,45,44,0,0,0.000000,0
3,positive,45,45,1,0,0.000000,0
3,positive,45,46,1,0,0.000000,0
3,positive,45,47,0,0,0.000000,0
3,positive,45,48,2,0,0.000000,0
3,positive,45,49,2,0,0.000000,0
3,positive,46,0,2,0,0.000000,0
3,positive,46,1,2,0,0.000000,0
3,positive,46,2,0,0,0.000000,0
3,positive,46,3,2,0,0.000000,0
3,positive,46,4,2,0,0.000000,0
3,positive,46,5,2,0,0.000000,0
3,positive,46,6,2,0,0.000000,0
3,positive,46,7,2,0,0.000000,0
3,positive,46,8,2,0,0.000000,0
3,positive,46,9,2,0,0.000000,0
3,positive,46,10,2,0,0.000000,0
3,positive,46,11,1,0,0.000000,0
3,positive,46,12,1,0,0.000000,0
3,positive,46,13,0,0,0.000000,0
3,positive,46,14,0,0,0.000000,0
3,positive,46,15,2,0,0.000000,0
3,positive,46,16,0,0,0.000000,0
3,positive,46,17,2,0,0.000000,0
3,positive,46,18,2,0,0.000000,0
3,positive,46,19,2,0,0.000000,0
3,positive,46,20,2,0,0.000000,0
3,positive,46,21,0,0,0.000000,0
3,positive,46,22,2,0,0.000000,0
3,positive,46,23,2,0,0.000000,0
3,positive,46,24,2,0,0.000000,0
3,positive,46,25,2,0,0.000000,0
3,positive,46,26,2,0,0.000000,0
3,positive,46,27,2,0,0.000000,0
3,positive,46,28,2,0,0.000000,0
3,positive,46,29,2,0,0.000000,0
3,positive,46,30,2,0,0.000000,0
3,positive,46,31,2,0,0.000000,0
3,positive,46,32,2,0,0.000000,0
3,positive,46,33,2,0,0.000000,0
3,positive,46,34,2,0,0.000000,0
3,positive,46,35,2,0,0.000000,0
3,positive,46,36,2,0,0.000000,0
3,positive,46,37,2,0,0.000000,0
3,positive,46,38,2,0,0.000000,0
3,positive,46,39,2,0,0.000000,0
3,positive,46,40,2,0,0.000000,0
3,positive,46,41,2,0,0.000000,0
3,positive,46,42,2,0,0.000000,0
3,positive,46,43,2,0,0.000000,0
3,positive,46,44,0,0,0.000000,0
3,positive,46,45,2,0,0.000000,0
3,positive,46,46,2,0,0.000000,0
3,positive,46,47,2,0,0.000000,0
3,positive,46,48,2,0,0.000000,0
3,positive,46,49,0,0,0.000000,0
3,positive,47,0,2,0,0.000000,0
3,positive,47,1,0,0,0.000000,0
3,positive,47,2,2,0,0.000000,0
3,positive,47,3,2,0,0.000000,0
3,positive,47,4,2,0,0.000000,0
3,positive,47,5,1,0,0.000000,0
3,positive,47,6,2,0,0.000000,0
3,positive,47,7,1,0,0.000000,0
3,positive,47,8,2,0,0.000000,0
3,positive,47,9,2,0,0.000000,0
3,positive,47,10,2,0,0.000000,0
3,positive,47,11,0,0,0.000000,0
3,positive,47,12,2,0,0.000000,0
3,positive,47,13,2,0,0.000000,0
3,positive,47,14,2,0,0.000000,0
3,positive,47,15,2,0,0.000000,0
3,positive,47,16,2,0,0.000000,0
3,positive,47,17,2,0,0.000000,0
3,positive,47,18,2,0,0.000000,0
3,positive,47,19,2,0,0.000000,0
3,positive,47,20,1,0,0.000000,0
3,positive,47,21,2,0,0.000000,0
3,positive,47,22,2,0,0.000000,0
3,positive,47,23,0,0,0.000000,0
3,positive,47,24,0,0,0.000000,0
3,positive,47,25,0,0,0.000000,0
3,positive,47,26,2,0,0.000000,0
3,positive,47,27,2,0,0.000000,0
3,positive,47,28,2,0,0.000000,0
3,positive,47,29,1,0,0.000000,0
3,positive,47,30,2,0,0.000000,0
3,positive,47,31,0,0,0.000000,0
3,positive,47,32,2,0,0.000000,0
3,positive,47,33,0,0,0.000000,0
3,positive,47,34,2,0,0.000000,0
3,positive,47,35,2,0,0.000000,0
3,positive,47,36,2,0,0.000000,0
3,positive,47,37,2,0,0.000000,0
3,positive,47,38,2,0,0.000000,0
3,positive,47,39,2,0,0.000000,0
3,positive,47,40,2,0,0.000000,0
3,positive,47,41,2,0,0.000000,0
3,positive,47,42,2,0,0.000000,0
3,positive,47,43,2,0,0.000000,0
3,positive,47,44,2,0,0.000000,0
3,positive,47,45,1,0,0.000000,0
3,positive,47,46,2,0,0.000000,0
3,positive,47,47,2,0,0.000000,0
3,positive,47,48,0,0,0.000000,0
3,positive,47,49,2,0,0.000000,0
3,positive,48,0,2,0,0.000000,0
3,positive,48,1,1,0,0.000000,0
3,positive,48,2,1,0,0.000000,0
3,positive,48,3,1,0,0.000000,0
3,positive,48,4,2,0,0.000000,0
3,positive,48,5,2,0,0.000000,0
3,positive,48,6,0,0,0.000000,0
3,positive,48,7,0,0,0.000000,0
3,positive,48,8,2,0,0.000000,0
3,positive,48,9,2,0,0.000000,0
3,positive,48,10,2,0,0.000000,0
3,positive,48,11,2,0,0.000000,0
3,positive,48,12,2,0,0.000000,0
3,positive,48,13,2,0,0.000000,0
3,positive,48,14,0,0,0.000000,0
3,positive,48,15,2,0,0.000000,0
3,positive,48,16,1,0,0.000000,0
3,positive,48,17,2,0,0.000000,0
3,positive,48,18,2,0,0.000000,0
3,positive,48,19,2,0,0.000000,0
3,positive,48,20,2,0,0.000000,0
3,positive,48,21,1,0,0.000000,0
3,positive,48,22,2,0,0.000000,0
3,positive,48,23,2,0,0.000000,0
3,positive,48,24,1,0,0.000000,0
3,positive,48,25,2,0,0.000000,0
3,positive,48,26,2,0,0.000000,0
3,positive,48,27,2,0,0.000000,0
3,positive,48,28,2,0,0.000000,0
3,positive,48,29,2,0,0.000000,0
3,positive,48,30,2,0,0.000000,0
3,positive,48,31,2,0,0.000000,0
3,positive,48,32,2,0,0.000000,0
3,positive,48,33,1,0,0.000000,0
3,positive,48,34,2,0,0.000000,0
3,positive,48,35,2,0,0.000000,0
3,positive,48,36,2,0,0.000000,0
3,positive,48,37,1,0,0.000000,0
3,positive,48,38,2,0,0.000000,0
3,positive,48,39,0,0,0.000000,0
3,positive,48,40,2,0,0.000000,0
3,positive,48,41,2,0,0.000000,0
3,positive,48,42,2,0,0.000000,0
3,positive,48,43,2,0,0.000000,0
3,positive,48,44,2,0,0.000000,0
3,positive,48,45,2,0,0.000000,0
3,positive,48,46,1,0,0.000000,0
3,positive,48,47,2,0,0.000000,0
3,positive,48,48,2,0,0.000000,0
3,positive,48,49,2,0,0.000000,0
3,positive,49,0,2,0,0.000000,0
3,positive,49,1,2,0,0.000000,0
3,positive,49,2,2,0,0.000000,0
3,positive,49,3,2,0,0.000000,0
3,positive,49,4,2,0,0.000000,0
3,positive,49,5,2,0,0.000000,0
3,positive,49,6,0,0,0.000000,0
3,positive,49,7,0,0,0.000000,0
3,positive,49,8,2,0,0.000000,0
3,positive,49,9,2,0,0.000000,0
3,positive,49,10,2,0,0.000000,0
3,positive,49,11,2,0,0.000000,0
3,positive,49,12,2,0,0.000000,0
3,positive,49,13,0,0,0.000000,0
3,positive,49,14,0,0,0.000000,0
3,positive,49,15,0,0,0.000000,0
3,positive,49,16,2,0,0.000000,0
3,positive,49,17,2,0,0.000000,0
3,positive,49,18,2,0,0.000000,0
3,positive,49,19,2,0,0.000000,0
3,positive,49,20,2,0,0.000000,0
3,positive,49,21,1,0,0.000000,0
3,positive,49,22,2,0,0.000000,0
3,positive,49,23,2,0,0.000000,0
3,positive,49,24,2,0,0.000000,0
3,positive,49,25,2,0,0.000000,0
3,positive,49,26,0,0,0.000000,0
3,positive,49,27,2,0,0.000000,0
3,positive,49,28,2,0,0.000000,0
3,positive,49,29,2,0,0.000000,0
3,positive,49,30,2,0,0.000000,0
3,positive,49,31,2,0,0.000000,0
3,positive,49,32,2,0,0.000000,0
3,positive,49,33,2,0,0.000000,0
3,positive,49,34,2,0,0.000000,0
3,positive,49,35,2,0,0.000000,0
3,positive,49,36,2,0,0.000000,0
3,positive,49,37,2,0,0.000000,0
3,positive,49,38,2,0,0.000000,0
3,positive,49,39,2,0,0.000000,0
3,positive,49,40,0,0,0.000000,0
3,positive,49,41,2,0,0.000000,0
3,positive,49,42,2,0,0.000000,0
3,positive,49,43,2,0,0.000000,0
3,positive,49,44,2,0,0.000000,0
3,positive,49,45,2,0,0.000000,0
3,positive,49,46,2,0,0.000000,0
3,positive,49,47,2,0,0.000000,0
3,positive,49,48,2,0,0.000000,0
3,positive,49,49,2,0,0.000000,0
4,positive,0,0,0,0,0.000000,0
4,positive,0,1,2,0,0.000000,0
4,positive,0,2,0,0,0.000000,0
4,positive,0,3,2,0,0.000000,0
4,positive,0,4,0,0,0.000000,0
4,positive,0,5,2,0,0.000000,0
4,positive,0,6,2,0,0.000000,0
4,positive,0,7,2,0,0.000000,0
4,positive,0,8,2,0,0.000000,0
4,positive,0,9,2,0,0.000000,0
4,positive,0,10,2,0,0.000000,0
4,positive,0,11,2,0,0.000000,0
4,positive,0,12,2,0,0.000000,0
4,positive,0,13,2,0,0.000000,0
4,positive,0,14,2,0,0.000000,0
4,positive,0,15,2,0,0.000000,0
4,positive,0,16,2,0,0.000000,0
4,positive,0,17,0,0,0.000000,0
4,positive,0,18,2,0,0.000000,0
4,positive,0,19,2,0,0.000000,0
4,positive,0,20,2,0,0.000000,0
4,positive,0,21,0,0,0.000000,0
4,positive,0,22,2,0,0.000000,0
4,positive,0,23,2,0,0.000000,0
4,positive,0,24,2,0,0.000000,0
4,positive,0,25,2,0,0.000000,0
4,positive,0,26,0,0,0.000000,0
4,positive,0,27,2,0,0.000000,0
4,positive,0,28,2,0,0.000000,0
4,positive,0,29,2,0,0.000000,0
4,positive,0,30,2,0,0.000000,0
4,positive,0,31,2,0,0.000000,0
4,positive,0,32,2,0,0.000000,0
4,positive,0,33,2,0,0.000000,0
4,positive,0,34,2,0,0.000000,0
4,positive,0,35,2,0,0.000000,0
4,positive,0,36,2,0,0.000000,0
4,positive,0,37,2,0,0.000000,0
4,positive,0,38,2,0,0.000000,0
4,positive,0,39,2,0,0.000000,0
4,positive,0,40,0,0,0.000000,0
4,positive,0,41,2,0,0.000000,0
4,positive,0,42,2,0,0.000000,0
4,positive,0,43,2,0,0.000000,0
4,positive,0,44,2,0,0.000000,0
4,positive,0,45,2,0,0.000000,0
4,positive,0,46,0,0,0.000000,0
4,positive,0,47,2,0,0.000000,0
4,positive,0,48,2,0,0.000000,0
4,positive,0,49,2,0,0.000000,0
4,positive,1,0,2,0,0.000000,0
4,positive,1,1,0,0,0.000000,0
4,positive,1,2,2,0,0.000000,0
4,positive,1,3,2,0,0.000000,0
4,positive,1,4,2,0,0.000000,0
4,positive,1,5,2,0,0.000000,0
4,positive,1,6,2,0,0.000000,0
4,positive,1,7,2,0,0.000000,0
4,positive,1,8,2,0,0.000000,0
4,positive,1,9,2,0,0.000000,0
4,positive,1,10,2,0,0.000000,0
4,positive,1,11,2,0,0.000000,0
4,positive,1,12,0,0,0.000000,0
4,positive,1,13,2,0,0.000000,0
4,positive,1,14,2,0,0.000000,0
4,positive,1,15,2,0,0.000000,0
4,positive,1,16,2,0,0.000000,0
4,positive,1,17,2,0,0.000000,0
4,positive,1,18,2,0,0.000000,0
4,positive,1,19,2,0,0.000000,0
4,positive,1,20,2,0,0.000000,0
4,positive,1,21,2,0,0.000000,0
4,positive,1,22,2,0,0.000000,0
4,positive,1,23,2,0,0.000000,0
4,positive,1,24,2,0,0.000000,0
4,positive,1,25,2,0,0.000000,0
4,positive,1,26,2,0,0.000000,0
4,positive,1,27,2,0,0.000000,0
4,positive,1,28,2,0,0.000000,0
4,positive,1,29,2,0,0.000000,0
4,positive,1,30,2,0,0.000000,0
4,positive,1,31,2,0,0.000000,0
4,positive,1,32,2,0,0.000000,0
4,positive,1,33,2,0,0.000000,0
4,positive,1,34,2,0,0.000000,0
4,positive,1,35,0,0,0.000000,0
4,positive,1,36,2,0,0.000000,0
4,positive,1,37,2,0,0.000000,0
4,positive,1,38,2,0,0.000000,0
4,positive,1,39,2,0,0.000000,0
4,positive,1,40,2,0,0.000000,0
4,positive,1,41,2,0,0.000000,0
4,positive,1,42,2,0,0.000000,0
4,positive,1,43,0,0,0.000000,0
4,positive,1,44,2,0,0.000000,0
4,positive,1,45,2,0,0.000000,0
4,positive,1,46,2,0,0.000000,0
4,positive,1,47,2,0,0.000000,0
4,positive,1,48,2,0,0.000000,0
4,positive,1,49,2,0,0.000000,0
4,positive,2,0,2,0,0.000000,0
4,positive,2,1,2,0,0.000000,0
4,positive,2,2,2,0,0.000000,0
4,positive,2,3,2,0,0.000000,0
4,positive,2,4,2,0,0.000000,0
4,positive,2,5,2,0,0.000000,0
4,positive,2,6,2,0,0.000000,0
4,positive,2,7,0,0,0.000000,0
4,positive,2,8,2,0,0.000000,0
4,positive,2,9,2,0,0.000000,0
4,positive,2,10,2,0,0.000000,0
4,positive,2,11,2,0,0.000000,0
4,positive,2,12,2,0,0.000000,0
4,positive,2,13,0,0,0.000000,0
4,positive,2,14,0,0,0.000000,0
4,positive,2,15,2,0,0.000000,0
4,positive,2,16,2,0,0.000000,0
4,positive,2,17,2,0,0.000000,0
4,positive,2,18,2,0,0.000000,0
4,positive,2,19,2,0,0.000000,0
4,positive,2,20,2,0,0.000000,0
4,positive,2,21,2,0,0.000000,0
4,positive,2,22,2,0,0.000000,0
4,positive,2,23,2,0,0.000000,0
4,positive,2,24,2,0,0.000000,0
4,positive,2,25,2,0,0.000000,0
4,positive,2,26,2,0,0.000000,0
4,positive,2,27,2,0,0.000000,0
4,positive,2,28,2,0,0.000000,0
4,positive,2,29,2,0,0.000000,0
4,positive,2,30,2,0,0.000000,0
4,positive,2,31,2,0,0.000000,0
4,positive,2,32,2,0,0.000000,0
4,positive,2,33,2,0,0.000000,0
4,positive,2,34,2,0,0.000000,0
4,positive,2,35,2,0,0.000000,0
4,positive,2,36,2,0,0.000000,0
4,positive,2,37,2,0,0.000000,0
4,positive,2,38,0,0,0.000000,0
4,positive,2,39,2,0,0.000000,0
4,positive,2,40,2,0,0.000000,0
4,positive,2,41,2,0,0.000000,0
4,positive,2,42,0,0,0.000000,0
4,positive,2,43,2,0,0.000000,0
4,positive,2,44,2,0,0.000000,0
4,positive,2,45,2,0,0.000000,0
4,positive,2,46,2,0,0.000000,0
4,positive,2,47,2,0,0.000000,0
4,positive,2,48,2,0,0.000000,0
4,positive,2,49,2,0,0.000000,0
4,positive,3,0,2,0,0.000000,0
4,positive,3,1,2,0,0.000000,0
4,positive,3,2,2,0,0.000000,0
4,positive,3,3,2,0,0.000000,0
4,positive,3,4,2,0,0.000000,0
4,positive,3,5,2,0,0.000000,0
4,positive,3,6,2,0,0.000000,0
4,positive,3,7,2,0,0.000000,0
4,positive,3,8,2,0,0.000000,0
4,positive,3,9,0,0,0.000000,0
4,positive,3,10,2,0,0.000000,0
4,positive,3,11,2,0,0.000000,0
4,positive,3,12,2,0,0.000000,0
4,positive,3,13,2,0,0.000000,0
4,positive,3,14,2,0,0.000000,0
4,positive,3,15,2,0,0.000000,0
4,positive,3,16,2,0,0.000000,0
4,positive,3,17,2,0,0.000000,0
4,positive,3,18,2,0,0.000000,0
4,positive,3,19,2,0,0.000000,0
4,positive,3,20,2,0,0.000000,0
4,positive,3,21,2,0,0.000000,0
4,positive,3,22,2,0,0.000000,0
4,positive,3,23,0,0,0.000000,0
4,positive,3,24,2,0,0.000000,0
4,positive,3,25,2,0,0.000000,0
4,positive,3,26,2,0,0.000000,0
4,positive,3,27,2,0,0.000000,0
4,positive,3,28,2,0,0.000000,0
4,positive,3,29,2,0,0.000000,0
4,positive,3,30,2,0,0.000000,0
4,positive,3,31,2,0,0.000000,0
4,positive,3,32,2,0,0.000000,0
4,positive,3,33,2,0,0.000000,0
4,positive,3,34,0,0,0.000000,0
4,positive,3,35,2,0,0.000000,0
4,positive,3,36,2,0,0.000000,0
4,positive,3,37,2,0,0.000000,0
4,positive,3,38,2,0,0.000000,0
4,positive,3,39,0,0,0.000000,0
4,positive,3,40,2,0,0.000000,0
4,positive,3,41,2,0,0.000000,0
4,positive,3,42,2,0,0.000000,0
4,positive,3,43,2,0,0.000000,0
4,positive,3,44,2,0,0.000000,0
4,positive,3,45,2,0,0.000000,0
4,positive,3,46,2,0,0.000000,0
4,positive,3,47,2,0,0.000000,0
4,positive,3,48,0,0,0.000000,0
4,positive,3,49,2,0,0.000000,0
4,positive,4,0,2,0,0.000000,0
4,positive,4,1,2,0,0.000000,0
4,positive,4,2,2,0,0.000000,0
4,positive,4,3,2,0,0.000000,0
4,positive,4,4,2,0,0.000000,0
4,positive,4,5,2,0,0.000000,0
4,positive,4,6,2,0,0.000000,0
4,positive,4,7,0,0,0.000000,0
4,positive,4,8,2,0,0.000000,0
4,positive,4,9,2,0,0.000000,0
4,positive,4,10,2,0,0.000000,0
4,positive,4,11,2,0,0.000000,0
4,positive,4,12,2,0,0.000000,0
4,positive,4,13,0,0,0.000000,0
4,positive,4,14,2,0,0.000000,0
4,positive,4,15,0,0,0.000000,0
4,positive,4,16,2,0,0.000000,0
4,positive,4,17,0,0,0.000000,0
4,positive,4,18,2,0,0.000000,0
4,positive,4,19,2,0,0.000000,0
4,positive,4,20,2,0,0.000000,0
4,positive,4,21,2,0,0.000000,0
4,positive,4,22,0,0,0.000000,0
4,positive,4,23,2,0,0.000000,0
4,positive,4,24,2,0,0.000000,0
4,positive,4,25,2,0,0.000000,0
4,positive,4,26,2,0,0.000000,0
4,positive,4,27,2,0,0.000000,0
4,positive,4,28,2,0,0.000000,0
4,positive,4,29,2,0,0.000000,0
4,positive,4,30,2,0,0.000000,0
4,positive,4,31,0,0,0.000000,0
4,positive,4,32,2,0,0.000000,0
4,positive,4,33,2,0,0.000000,0
4,positive,4,34,2,0,0.000000,0
4,positive,4,35,2,0,0.000000,0
4,positive,4,36,2,0,0.000000,0
4,positive,4,37,2,0,0.000000,0
4,positive,4,38,2,0,0.000000,0
4,positive,4,39,2,0,0.000000,0
4,positive,4,40,2,0,0.000000,0
4,positive,4,41,2,0,0.000000,0
4,positive,4,42,2,0,0.000000,0
4,positive,4,43,0,0,0.000000,0
4,positive,4,44,2,0,0.000000,0
4,positive,4,45,2,0,0.000000,0
4,positive,4,46,2,0,0.000000,0
4,positive,4,47,2,0,0.000000,0
4,positive,4,48,2,0,0.000000,0
4,positive,4,49,2,0,0.000000,0
4,positive,5,0,2,0,0.000000,0
4,positive,5,1,2,0,0.000000,0
4,positive,5,2,2,0,0.000000,0
4,positive,5,3,2,0,0.000000,0
4,positive,5,4,2,0,0.000000,0
4,positive,5,5,2,0,0.000000,0
4,positive,5,6,2,0,0.000000,0
4,positive,5,7,2,0,0.000000,0
4,positive,5,8,0,0,0.000000,0
4,positive,5,9,2,0,0.000000,0
4,positive,5,10,2,0,0.000000,0
4,positive,5,11,2,0,0.000000,0
4,positive,5,12,2,0,0.000000,0
4,positive,5,13,2,0,0.000000,0
4,positive,5,14,2,0,0.000000,0
4,positive,5,15,2,0,0.000000,0
4,positive,5,16,0,0,0.000000,0
4,positive,5,17,2,0,0.000000,0
4,positive,5,18,2,0,0.000000,0
4,positive,5,19,0,0,0.000000,0
4,positive,5,20,2,0,0.000000,0
4,positive,5,21,2,0,0.000000,0
4,positive,5,22,0,0,0.000000,0
4,positive,5,23,2,0,0.000000,0
4,positive,5,24,2,0,0.000000,0
4,positive,5,25,2,0,0.000000,0
4,positive,5,26,2,0,0.000000,0
4,positive,5,27,2,0,0.000000,0
4,positive,5,28,2,0,0.000000,0
4,positive,5,29,2,0,0.000000,0
4,positive,5,30,2,0,0.000000,0
4,positive,5,31,2,0,0.000000,0
4,positive,5,32,2,0,0.000000,0
4,positive,5,33,2,0,0.000000,0
4,positive,5,34,2,0,0.000000,0
4,positive,5,35,2,0,0.000000,0
4,positive,5,36,2,0,0.000000,0
4,positive,5,37,0,0,0.000000,0
4,positive,5,38,2,0,0.000000,0
4,positive,5,39,2,0,0.000000,0
4,positive,5,40,2,0,0.000000,0
4,positive,5,41,2,0,0.000000,0
4,positive,5,42,2,0,0.000000,0
4,positive,5,43,2,0,0.000000,0
4,positive,5,44,2,0,0.000000,0
4,positive,5,45,2,0,0.000000,0
4,positive,5,46,2,0,0.000000,0
4,positive,5,47,2,0,0.000000,0
4,positive,5,48,2,0,0.000000,0
4,positive,5,49,2,0,0.000000,0
4,positive,6,0,2,0,0.000000,0
4,positive,6,1,2,0,0.000000,0
4,positive,6,2,2,0,0.000000,0
4,positive,6,3,2,0,0.000000,0
4,positive,6,4,2,0,0.000000,0
4,positive,6,5,2,0,0.000000,0
4,positive,6,6,2,0,0.000000,0
4,positive,6,7,2,0,0.000000,0
4,positive,6,8,0,0,0.000000,0
4,positive,6,9,2,0,0.000000,0
4,positive,6,10,0,0,0.000000,0
4,positive,6,11,2,0,0.000000,0
4,positive,6,12,2,0,0.000000,0
4,positive,6,13,2,0,0.000000,0
4,positive,6,14,0,0,0.000000,0
4,positive,6,15,2,0,0.000000,0
4,positive,6,16,2,0,0.000000,0
4,positive,6,17,2,0,0.000000,0
4,positive,6,18,2,0,0.000000,0
4,positive,6,19,2,0,0.000000,0
4,positive,6,20,0,0,0.000000,0
4,positive,6,21,0,0,0.000000,0
4,positive,6,22,2,0,0.000000,0
4,positive,6,23,2,0,0.000000,0
4,positive,6,24,2,0,0.000000,0
4,positive,6,25,2,0,0.000000,0
4,positive,6,26,2,0,0.000000,0
4,positive,6,27,0,0,0.000000,0
4,positive,6,28,2,0,0.000000,0
4,positive,6,29,2,0,0.000000,0
4,positive,6,30,2,0,0.000000,0
4,positive,6,31,2,0,0.000000,0
4,positive,6,32,2,0,0.000000,0
4,positive,6,33,2,0,0.000000,0
4,positive,6,34,2,0,0.000000,0
4,positive,6,35,2,0,0.000000,0
4,positive,6,36,0,0,0.000000,0
4,positive,6,37,2,0,0.000000,0
4,positive,6,38,2,0,0.000000,0
4,positive,6,39,2,0,0.000000,0
4,positive,6,40,2,0,0.000000,0
4,positive,6,41,2,0,0.000000,0
4,positive,6,42,2,0,0.000000,0
4,positive,6,43,2,0,0.000000,0
4,positive,6,44,2,0,0.000000,0
4,positive,6,45,2,0,0.000000,0
4,positive,6,46,2,0,0.000000,0
4,positive,6,47,2,0,0.000000,0
4,positive,6,48,2,0,0.000000,0
4,positive,6,49,2,0,0.000000,0
4,positive,7,0,2,0,0.000000,0
4,positive,7,1,2,0,0.000000,0
4,positive,7,2,2,0,0.000000,0
4,positive,7,3,2,0,0.000000,0
4,positive,7,4,0,0,0.000000,0
4,positive,7,5,2,0,0.000000,0
4,positive,7,6,2,0,0.000000,0
4,positive,7,7,2,0,0.000000,0
4,positive,7,8,2,0,0.000000,0
4,positive,7,9,2,0,0.000000,0
4,positive,7,10,2,0,0.000000,0
4,positive,7,11,2,0,0.000000,0
4,positive,7,12,2,0,0.000000,0
4,positive,7,13,2,0,0.000000,0
4,positive,7,14,2,0,0.000000,0
4,positive,7,15,2,0,0.000000,0
4,positive,7,16,2,0,0.000000,0
4,positive,7,17,2,0,0.000000,0
4,positive,7,18,2,0,0.000000,0
4,positive,7,19,2,0,0.000000,0
4,positive,7,20,2,0,0.000000,0
4,positive,7,21,2,0,0.000000,0
4,positive,7,22,2,0,0.000000,0
4,positive,7,23,2,0,0.000000,0
4,positive,7,24,2,0,0.000000,0
4,positive,7,25,2,0,0.000000,0
4,positive,7,26,2,0,0.000000,0
4,positive,7,27,2,0,0.000000,0
4,positive,7,28,2,0,0.000000,0
4,positive,7,29,2,0,0.000000,0
4,positive,7,30,2,0,0.000000,0
4,positive,7,31,2,0,0.000000,0
4,positive,7,32,2,0,0.000000,0
4,positive,7,33,2,0,0.000000,0
4,positive,7,34,2,0,0.000000,0
4,positive,7,35,2,0,0.000000,0
4,positive,7,36,0,0,0.000000,0
4,positive,7,37,2,0,0.000000,0
4,positive,7,38,2,0,0.000000,0
4,positive,7,39,2,0,0.000000,0
4,positive,7,40,2,0,0.000000,0
4,positive,7,41,2,0,0.000000,0
4,positive,7,42,0,0,0.000000,0
4,positive,7,43,2,0,0.000000,0
4,positive,7,44,2,0,0.000000,0
4,positive,7,45,2,0,0.000000,0
4,positive,7,46,2,0,0.000000,0
4,positive,7,47,2,0,0.000000,0
4,positive,7,48,2,0,0.000000,0
4,positive,7,49,2,0,0.000000,0
4,positive,8,0,2,0,0.000000,0
4,positive,8,1,2,0,0.000000,0
4,positive,8,2,2,0,0.000000,0
4,positive,8,3,2,0,0.000000,0
4,positive,8,4,0,0,0.000000,0
4,positive,8,5,2,0,0.000000,0
4,positive,8,6,2,0,0.000000,0
4,positive,8,7,2,0,0.000000,0
4,positive,8,8,2,0,0.000000,0
4,positive,8,9,2,0,0.000000,0
4,positive,8,10,2,0,0.000000,0
4,positive,8,11,0,0,0.000000,0
4,positive,8,12,2,0,0.000000,0
4,positive,8,13,2,0,0.000000,0
4,positive,8,14,2,0,0.000000,0
4,positive,8,15,2,0,0.000000,0
4,positive,8,16,2,0,0.000000,0
4,positive,8,17,2,0,0.000000,0
4,positive,8,18,2,0,0.000000,0
4,positive,8,19,2,0,0.000000,0
4,positive,8,20,0,0,0.000000,0
4,positive,8,21,2,0,0.000000,0
4,positive,8,22,2,0,0.000000,0
4,positive,8,23,2,0,0.000000,0
4,positive,8,24,2,0,0.000000,0
4,positive,8,25,2,0,0.000000,0
4,positive,8,26,2,0,0.000000,0
4,positive,8,27,2,0,0.000000,0
4,positive,8,28,0,0,0.000000,0
4,positive,8,29,2,0,0.000000,0
4,positive,8,30,2,0,0.000000,0
4,positive,8,31,2,0,0.000000,0
4,positive,8,32,2,0,0.000000,0
4,positive,8,33,2,0,0.000000,0
4,positive,8,34,0,0,0.000000,0
4,positive,8,35,2,0,0.000000,0
4,positive,8,36,0,0,0.000000,0
4,positive,8,37,2,0,0.000000,0
4,positive,8,38,2,0,0.000000,0
4,positive,8,39,2,0,0.000000,0
4,positive,8,40,2,0,0.000000,0
4,positive,8,41,2,0,0.000000,0
4,positive,8,42,2,0,0.000000,0
4,positive,8,43,2,0,0.000000,0
4,positive,8,44,2,0,0.000000,0
4,positive,8,45,2,0,0.000000,0
4,positive,8,46,0,0,0.000000,0
4,positive,8,47,0,0,0.000000,0
4,positive,8,48,2,0,0.000000,0
4,positive,8,49,2,0,0.000000,0
4,positive,9,0,0,0,0.000000,0
4,positive,9,1,2,0,0.000000,0
4,positive,9,2,0,0,0.000000,0
4,positive,9,3,2,0,0.000000,0
4,positive,9,4,2,0,0.000000,0
4,positive,9,5,2,0,0.000000,0
4,positive,9,6,2,0,0.000000,0
4,positive,9,7,2,0,0.000000,0
4,positive,9,8,2,0,0.000000,0
4,positive,9,9,2,0,0.000000,0
4,positive,9,10,2,0,0.000000,0
4,positive,9,11,0,0,0.000000,0
4,positive,9,12,2,0,0.000000,0
4,positive,9,13,2,0,0.000000,0
4,positive,9,14,2,0,0.000000,0
4,positive,9,15,0,0,0.000000,0
4,positive,9,16,2,0,0.000000,0
4,positive,9,17,2,0,0.000000,0
4,positive,9,18,2,0,0.000000,0
4,positive,9,19,2,0,0.000000,0
4,positive,9,20,2,0,0.000000,0
4,positive,9,21,2,0,0.000000,0
4,positive,9,22,2,0,0.000000,0
4,positive,9,23,2,0,0.000000,0
4,positive,9,24,2,0,0.000000,0
4,positive,9,25,2,0,0.000000,0
4,positive,9,26,2,0,0.000000,0
4,positive,9,27,2,0,0.000000,0
4,positive,9,28,2,0,0.000000,0
4,positive,9,29,2,0,0.000000,0
4,positive,9,30,2,0,0.000000,0
4,positive,9,31,2,0,0.000000,0
4,positive,9,32,2,0,0.000000,0
4,positive,9,33,2,0,0.000000,0
4,positive,9,34,2,0,0.000000,0
4,positive,9,35,2,0,0.000000,0
4,positive,9,36,2,0,0.000000,0
4,positive,9,37,2,0,0.000000,0
4,positive,9,38,2,0,0.000000,0
4,positive,9,39,2,0,0.000000,0
4,positive,9,40,2,0,0.000000,0
4,positive,9,41,2,0,0.000000,0
4,positive,9,42,2,0,0.000000,0
4,positive,9,43,2,0,0.000000,0
4,positive,9,44,2,0,0.000000,0
4,positive,9,45,2,0,0.000000,0
4,positive,9,46,2,0,0.000000,0
4,positive,9,47,2,0,0.000000,0
4,positive,9,48,0,0,0.000000,0
4,positive,9,49,2,0,0.000000,0
4,positive,10,0,2,0,0.000000,0
4,positive,10,1,2,0,0.000000,0
4,positive,10,2,0,0,0.000000,0
4,positive,10,3,2,0,0.000000,0
4,positive,10,4,2,0,0.000000,0
4,positive,10,5,2,0,0.000000,0
4,positive,10,6,2,0,0.000000,0
4,positive,10,7,0,0,0.000000,0
4,positive,10,8,2,0,0.000000,0
4,positive,10,9,2,0,0.000000,0
4,positive,10,10,2,0,0.000000,0
4,positive,10,11,2,0,0.000000,0
4,positive,10,12,2,0,0.000000,0
4,positive,10,13,2,0,0.000000,0
4,positive,10,14,2,0,0.000000,0
4,positive,10,15,0,0,0.000000,0
4,positive,10,16,2,0,0.000000,0
4,positive,10,17,2,0,0.000000,0
4,positive,10,18,2,0,0.000000,0
4,positive,10,19,2,0,0.000000,0
4,positive,10,20,2,0,0.000000,0
4,positive,10,21,0,0,0.000000,0
4,positive,10,22,2,0,0.000000,0
4,positive,10,23,2,0,0.000000,0
4,positive,10,24,2,0,0.000000,0
4,positive,10,25,0,0,0.000000,0
4,positive,10,26,2,0,0.000000,0
4,positive,10,27,2,0,0.000000,0
4,positive,10,28,2,0,0.000000,0
4,positive,10,29,2,0,0.000000,0
4,positive,10,30,2,0,0.000000,0
4,positive,10,31,2,0,0.000000,0
4,positive,10,32,2,0,0.000000,0
4,positive,10,33,2,0,0.000000,0
4,positive,10,34,2,0,0.000000,0
4,positive,10,35,2,0,0.000000,0
4,positive,10,36,2,0,0.000000,0
4,positive,10,37,2,0,0.000000,0
4,positive,10,38,2,0,0.000000,0
4,positive,10,39,2,0,0.000000,0
4,positive,10,40,2,0,0.000000,0
4,positive,10,41,2,0,0.000000,0
4,positive,10,42,2,0,0.000000,0
4,positive,10,43,2,0,0.000000,0
4,positive,10,44,2,0,0.000000,0
4,positive,10,45,2,0,0.000000,0
4,positive,10,46,2,0,0.000000,0
4,positive,10,47,2,0,0.000000,0
4,positive,10,48,2,0,0.000000,0
4,positive,10,49,2,0,0.000000,0
4,positive,11,0,2,0,0.000000,0
4,positive,11,1,2,0,0.000000,0
4,positive,11,2,2,0,0.000000,0
4,positive,11,3,2,0,0.000000,0
4,positive,11,4,2,0,0.000000,0
4,positive,11,5,2,0,0.000000,0
4,positive,11,6,2,0,0.000000,0
4,positive,11,7,2,0,0.000000,0
4,positive,11,8,2,0,0.000000,0
4,positive,11,9,0,0,0.000000,0
4,positive,11,10,2,0,0.000000,0
4,positive,11,11,2,0,0.000000,0
4,positive,11,12,2,0,0.000000,0
4,positive,11,13,2,0,0.000000,0
4,positive,11,14,2,0,0.000000,0
4,positive,11,15,2,0,0.000000,0
4,positive,11,16,2,0,0.000000,0
4,positive,11,17,2,0,0.000000,0
4,positive,11,18,2,0,0.000000,0
4,positive,11,19,2,0,0.000000,0
4,positive,11,20,2,0,0.000000,0
4,positive,11,21,2,0,0.000000,0
4,positive,11,22,0,0,0.000000,0
4,positive,11,23,2,0,0.000000,0
4,positive,11,24,0,0,0.000000,0
4,positive,11,25,2,0,0.000000,0
4,positive,11,26,2,0,0.000000,0
4,positive,11,27,2,0,0.000000,0
4,positive,11,28,2,0,0.000000,0
4,positive,11,29,2,0,0.000000,0
4,positive,11,30,2,0,0.000000,0
4,positive,11,31,2,0,0.000000,0
4,positive,11,32,0,0,0.000000,0
4,positive,11,33,2,0,0.000000,0
4,positive,11,34,2,0,0.000000,0
4,positive,11,35,2,0,0.000000,0
4,positive,11,36,2,0,0.000000,0
4,positive,11,37,2,0,0.000000,0
4,positive,11,38,2,0,0.000000,0
4,positive,11,39,2,0,0.000000,0
4,positive,11,40,0,0,0.000000,0
4,positive,11,41,2,0,0.000000,0
4,positive,11,42,0,0,0.000000,0
4,positive,11,43,2,0,0.000000,0
4,positive,11,44,2,0,0.000000,0
4,positive,11,45,2,0,0.000000,0
4,positive,11,46,2,0,0.000000,0
4,positive,11,47,2,0,0.000000,0
4,positive,11,48,2,0,0.000000,0
4,positive,11,49,0,0,0.000000,0
4,positive,12,0,2,0,0.000000,0
4,positive,12,1,2,0,0.000000,0
4,positive,12,2,2,0,0.000000,0
4,positive,12,3,2,0,0.000000,0
4,positive,12,4,2,0,0.000000,0
4,positive,12,5,2,0,0.000000,0
4,positive,12,6,2,0,0.000000,0
4,positive,12,7,2,0,0.000000,0
4,positive,12,8,2,0,0.000000,0
4,positive,12,9,2,0,0.000000,0
4,positive,12,10,2,0,0.000000,0
4,positive,12,11,2,0,0.000000,0
4,positive,12,12,2,0,0.000000,0
4,positive,12,13,0,0,0.000000,0
4,positive,12,14,2,0,0.000000,0
4,positive,12,15,0,0,0.000000,0
4,positive,12,16,2,0,0.000000,0
4,positive,12,17,2,0,0.000000,0
4,positive,12,18,2,0,0.000000,0
4,positive,12,19,2,0,0.000000,0
4,positive,12,20,2,0,0.000000,0
4,positive,12,21,2,0,0.000000,0
4,positive,12,22,2,0,0.000000,0
4,positive,12,23,2,0,0.000000,0
4,positive,12,24,2,0,0.000000,0
4,positive,12,25,0,0,0.000000,0
4,positive,12,26,2,0,0.000000,0
4,positive,12,27,2,0,0.000000,0
4,positive,12,28,2,0,0.000000,0
4,positive,12,29,2,0,0.000000,0
4,positive,12,30,2,0,0.000000,0
4,positive,12,31,2,0,0.000000,0
4,positive,12,32,2,0,0.000000,0
4,positive,12,33,2,0,0.000000,0
4,positive,12,34,2,0,0.000000,0
4,positive,12,35,2,0,0.000000,0
4,positive,12,36,2,0,0.000000,0
4,positive,12,37,2,0,0.000000,0
4,positive,12,38,2,0,0.000000,0
4,positive,12,39,2,0,0.000000,0
4,positive,12,40,2,0,0.000000,0
4,positive,12,41,2,0,0.000000,0
4,positive,12,42,2,0,0.000000,0
4,positive,12,43,0,0,0.000000,0
4,positive,12,44,2,0,0.000000,0
4,positive,12,45,0,0,0.000000,0
4,positive,12,46,2,0,0.000000,0
4,positive,12,47,0,0,0.000000,0
4,positive,12,48,2,0,0.000000,0
4,positive,12,49,2,0,0.000000,0
4,positive,13,0,0,0,0.000000,0
4,positive,13,1,2,0,0.000000,0
4,positive,13,2,2,0,0.000000,0
4,positive,13,3,2,0,0.000000,0
4,positive,13,4,2,0,0.000000,0
4,positive,13,5,2,0,0.000000,0
4,positive,13,6,2,0,0.000000,0
4,positive,13,7,2,0,0.000000,0
4,positive,13,8,2,0,0.000000,0
4,positive,13,9,0,0,0.000000,0
4,positive,13,10,2,0,0.000000,0
4,positive,13,11,2,0,0.000000,0
4,positive,13,12,2,0,0.000000,0
4,positive,13,13,0,0,0.000000,0
4,positive,13,14,0,0,0.000000,0
4,positive,13,15,2,0,0.000000,0
4,positive,13,16,2,0,0.000000,0
4,positive,13,17,2,0,0.000000,0
4,positive,13,18,2,0,0.000000,0
4,positive,13,19,2,0,0.000000,0
4,positive,13,20,2,0,0.000000,0
4,positive,13,21,2,0,0.000000,0
4,positive,13,22,2,0,0.000000,0
4,positive,13,23,2,0,0.000000,0
4,positive,13,24,2,0,0.000000,0
4,positive,13,25,2,0,0.000000,0
4,positive,13,26,2,0,0.000000,0
4,positive,13,27,2,0,0.000000,0
4,positive,13,28,2,0,0.000000,0
4,positive,13,29,2,0,0.000000,0
4,positive,13,30,2,0,0.000000,0
4,positive,13,31,2,0,0.000000,0
4,positive,13,32,2,0,0.000000,0
4,positive,13,33,2,0,0.000000,0
4,positive,13,34,2,0,0.000000,0
4,positive,13,35,2,0,0.000000,0
4,positive,13,36,2,0,0.000000,0
4,positive,13,37,2,0,0.000000,0
4,positive,13,38,2,0,0.000000,0
4,positive,13,39,0,0,0.000000,0
4,positive,13,40,0,0,0.000000,0
4,positive,13,41,2,0,0.000000,0
4,positive,13,42,2,0,0.000000,0
4,positive,13,43,2,0,0.000000,0
4,positive,13,44,2,0,0.000000,0
4,positive,13,45,2,0,0.000000,0
4,positive,13,46,2,0,0.000000,0
4,positive,13,47,2,0,0.000000,0
4,positive,13,48,2,0,0.000000,0
4,positive,13,49,2,0,0.000000,0
4,positive,14,0,2,0,0.000000,0
4,positive,14,1,2,0,0.000000,0
4,positive,14,2,2,0,0.000000,0
4,positive,14,3,2,0,0.000000,0
4,positive,14,4,2,0,0.000000,0
4,positive,14,5,2,0,0.000000,0
4,positive,14,6,2,0,0.000000,0
4,positive,14,7,2,0,0.000000,0
4,positive,14,8,2,0,0.000000,0
4,positive,14,9,2,0,0.000000,0
4,positive,14,10,2,0,0.000000,0
4,positive,14,11,2,0,0.000000,0
4,positive,14,12,2,0,0.000000,0
4,positive,14,13,2,0,0.000000,0
4,positive,14,14,2,0,0.000000,0
4,positive,14,15,2,0,0.000000,0
4,positive,14,16,2,0,0.000000,0
4,positive,14,17,2,0,0.000000,0
4,positive,14,18,2,0,0.000000,0
4,positive,14,19,2,0,0.000000,0
4,positive,14,20,2,0,0.000000,0
4,positive,14,21,2,0,0.000000,0
4,positive,14,22,2,0,0.000000,0
4,positive,14,23,2,0,0.000000,0
4,positive,14,24,2,0,0.000000,0
4,positive,14,25,2,0,0.000000,0
4,positive,14,26,2,0,0.000000,0
4,positive,14,27,2,0,0.000000,0
4,positive,14,28,2,0,0.000000,0
4,positive,14,29,2,0,0.000000,0
4,positive,14,30,2,0,0.000000,0
4,positive,14,31,2,0,0.000000,0
4,positive,14,32,2,0,0.000000,0
4,positive,14,33,2,0,0.000000,0
4,positive,14,34,2,0,0.000000,0
4,positive,14,35,0,0,0.000000,0
4,positive,14,36,2,0,0.000000,0
4,positive,14,37,2,0,0.000000,0
4,positive,14,38,2,0,0.000000,0
4,positive,14,39,2,0,0.000000,0
4,positive,14,40,2,0,0.000000,0
4,positive,14,41,2,0,0.000000,0
4,positive,14,42,2,0,0.000000,0
4,positive,14,43,2,0,0.000000,0
4,positive,14,44,2,0,0.000000,0
4,positive,14,45,0,0,0.000000,0
4,positive,14,46,2,0,0.000000,0
4,positive,14,47,2,0,0.000000,0
4,positive,14,48,2,0,0.000000,0
4,positive,14,49,2,0,0.000000,0
4,positive,15,0,2,0,0.000000,0
4,positive,15,1,2,0,0.000000,0
4,positive,15,2,2,0,0.000000,0
4,positive,15,3,2,0,0.000000,0
4,positive,15,4,2,0,0.000000,0
4,positive,15,5,2,0,0.000000,0
4,positive,15,6,2,0,0.000000,0
4,positive,15,7,2,0,0.000000,0
4,positive,15,8,2,0,0.000000,0
4,positive,15,9,2,0,0.000000,0
4,positive,15,10,2,0,0.000000,0
4,positive,15,11,2,0,0.000000,0
4,positive,15,12,0,0,0.000000,0
4,positive,15,13,2,0,0.000000,0
4,positive,15,14,2,0,0.000000,0
4,positive,15,15,2,0,0.000000,0
4,positive,15,16,2,0,0.000000,0
4,positive,15,17,2,0,0.000000,0
4,positive,15,18,2,0,0.000000,0
4,positive,15,19,2,0,0.000000,0
4,positive,15,20,0,0,0.000000,0
4,positive,15,21,0,0,0.000000,0
4,positive,15,22,2,0,0.000000,0
4,positive,15,23,2,0,0.000000,0
4,positive,15,24,2,0,0.000000,0
4,positive,15,25,2,0,0.000000,0
4,positive,15,26,2,0,0.000000,0
4,positive,15,27,2,0,0.000000,0
4,positive,15,28,2,0,0.000000,0
4,positive,15,29,2,0,0.000000,0
4,positive,15,30,2,0,0.000000,0
4,positive,15,31,2,0,0.000000,0
4,positive,15,32,2,0,0.000000,0
4,positive,15,33,2,0,0.000000,0
4,positive,15,34,2,0,0.000000,0
4,positive,15,35,2,0,0.000000,0
4,positive,15,36,2,0,0.000000,0
4,positive,15,37,2,0,0.000000,0
4,positive,15,38,2,0,0.000000,0
4,positive,15,39,2,0,0.000000,0
4,positive,15,40,2,0,0.000000,0
4,positive,15,41,2,0,0.000000,0
4,positive,15,42,2,0,0.000000,0
4,positive,15,43,2,0,0.000000,0
4,positive,15,44,2,0,0.000000,0
4,positive,15,45,2,0,0.000000,0
4,positive,15,46,2,0,0.000000,0
4,positive,15,47,2,0,0.000000,0
4,positive,15,48,2,0,0.000000,0
4,positive,15,49,2,0,0.000000,0
4,positive,16,0,2,0,0.000000,0
4,positive,16,1,2,0,0.000000,0
4,positive,16,2,2,0,0.000000,0
4,positive,16,3,2,0,0.000000,0
4,positive,16,4,2,0,0.000000,0
4,positive,16,5,2,0,0.000000,0
4,positive,16,6,0,0,0.000000,0
4,positive,16,7,2,0,0.000000,0
4,positive,16,8,2,0,0.000000,0
4,positive,16,9,2,0,0.000000,0
4,positive,16,10,2,0,0.000000,0
4,positive,16,11,2,0,0.000000,0
4,positive,16,12,2,0,0.000000,0
4,positive,16,13,2,0,0.000000,0
4,positive,16,14,2,0,0.000000,0
4,positive,16,15,2,0,0.000000,0
4,positive,16,16,2,0,0.000000,0
4,positive,16,17,2,0,0.000000,0
4,positive,16,18,0,0,0.000000,0
4,positive,16,19,0,0,0.000000,0
4,positive,16,20,2,0,0.000000,0
4,positive,16,21,2,0,0.000000,0
4,positive,16,22,2,0,0.000000,0
4,positive,16,23,2,0,0.000000,0
4,positive,16,24,2,0,0.000000,0
4,positive,16,25,2,0,0.000000,0
4,positive,16,26,2,0,0.000000,0
4,positive,16,27,2,0,0.000000,0
4,positive,16,28,2,0,0.000000,0
4,positive,16,29,2,0,0.000000,0
4,positive,16,30,2,0,0.000000,0
4,positive,16,31,2,0,0.000000,0
4,positive,16,32,2,0,0.000000,0
4,positive,16,33,2,0,0.000000,0
4,positive,16,34,2,0,0.000000,0
4,positive,16,35,2,0,0.000000,0
4,positive,16,36,2,0,0.000000,0
4,positive,16,37,2,0,0.000000,0
4,positive,16,38,2,0,0.000000,0
4,positive,16,39,2,0,0.000000,0
4,positive,16,40,2,0,0.000000,0
4,positive,16,41,2,0,0.000000,0
4,positive,16,42,2,0,0.000000,0
4,positive,16,43,2,0,0.000000,0
4,positive,16,44,2,0,0.000000,0
4,positive,16,45,2,0,0.000000,0
4,positive,16,46,0,0,0.000000,0
4,positive,16,47,2,0,0.000000,0
4,positive,16,48,2,0,0.000000,0
4,positive,16,49,2,0,0.000000,0
4,positive,17,0,2,0,0.000000,0
4,positive,17,1,2,0,0.000000,0
4,positive,17,2,2,0,0.000000,0
4,positive,17,3,2,0,0.000000,0
4,positive,17,4,2,0,0.000000,0
4,positive,17,5,2,0,0.000000,0
4,positive,17,6,2,0,0.000000,0
4,positive,17,7,2,0,0.000000,0
4,positive,17,8,2,0,0.000000,0
4,positive,17,9,2,0,0.000000,0
4,positive,17,10,0,0,0.000000,0
4,positive,17,11,2,0,0.000000,0
4,positive,17,12,0,0,0.000000,0
4,positive,17,13,2,0,0.000000,0
4,positive,17,14,2,0,0.000000,0
4,positive,17,15,2,0,0.000000,0
4,positive,17,16,2,0,0.000000,0
4,positive,17,17,2,0,0.000000,0
4,positive,17,18,2,0,0.000000,0
4,positive,17,19,2,0,0.000000,0
4,positive,17,20,2,0,0.000000,0
4,positive,17,21,2,0,0.000000,0
4,positive,17,22,2,0,0.000000,0
4,positive,17,23,2,0,0.000000,0
4,positive,17,24,2,0,0.000000,0
4,positive,17,25,2,0,0.000000,0
4,positive,17,26,2,0,0.000000,0
4,positive,17,27,2,0,0.000000,0
4,positive,17,28,2,0,0.000000,0
4,positive,17,29,2,0,0.000000,0
4,positive,17,30,2,0,0.000000,0
4,positive,17,31,2,0,0.000000,0
4,positive,17,32,2,0,0.000000,0
4,positive,17,33,2,0,0.000000,0
4,positive,17,34,2,0,0.000000,0
4,positive,17,35,2,0,0.000000,0
4,positive,17,36,2,0,0.000000,0
4,positive,17,37,2,0,0.000000,0
4,positive,17,38,2,0,0.000000,0
4,positive,17,39,2,0,0.000000,0
4,positive,17,40,2,0,0.000000,0
4,positive,17,41,2,0,0.000000,0
4,positive,17,42,2,0,0.000000,0
4,positive,17,43,2,0,0.000000,0
4,positive,17,44,2,0,0.000000,0
4,positive,17,45,2,0,0.000000,0
4,positive,17,46,2,0,0.000000,0
4,positive,17,47,2,0,0.000000,0
4,positive,17,48,2,0,0.000000,0
4,positive,17,49,2,0,0.000000,0
4,positive,18,0,2,0,0.000000,0
4,positive,18,1,2,0,0.000000,0
4,positive,18,2,2,0,0.000000,0
4,positive,18,3,2,0,0.000000,0
4,positive,18,4,2,0,0.000000,0
4,positive,18,5,0,0,0.000000,0
4,positive,18,6,2,0,0.000000,0
4,positive,18,7,2,0,0.000000,0
4,positive,18,8,2,0,0.000000,0
4,positive,18,9,2,0,0.000000,0
4,positive,18,10,2,0,0.000000,0
4,positive,18,11,2,0,0.000000,0
4,positive,18,12,2,0,0.000000,0
4,positive,18,13,2,0,0.000000,0
4,positive,18,14,2,0,0.000000,0
4,positive,18,15,2,0,0.000000,0
4,positive,18,16,2,0,0.000000,0
4,positive,18,17,2,0,0.000000,0
4,positive,18,18,2,0,0.000000,0
4,positive,18,19,0,0,0.000000,0
4,positive,18,20,2,0,0.000000,0
4,positive,18,21,0,0,0.000000,0
4,positive,18,22,2,0,0.000000,0
4,positive,18,23,2,0,0.000000,0
4,positive,18,24,2,0,0.000000,0
4,positive,18,25,0,0,0.000000,0
4,positive,18,26,0,0,0.000000,0
4,positive,18,27,2,0,0.000000,0
4,positive,18,28,2,0,0.000000,0
4,positive,18,29,2,0,0.000000,0
4,positive,18,30,0,0,0.000000,0
4,positive,18,31,0,0,0.000000,0
4,positive,18,32,2,0,0.000000,0
4,positive,18,33,0,0,0.000000,0
4,positive,18,34,2,0,0.000000,0
4,positive,18,35,2,0,0.000000,0
4,positive,18,36,2,0,0.000000,0
4,positive,18,37,2,0,0.000000,0
4,positive,18,38,2,0,0.000000,0
4,positive,18,39,2,0,0.000000,0
4,positive,18,40,2,0,0.000000,0
4,positive,18,41,2,0,0.000000,0
4,positive,18,42,2,0,0.000000,0
4,positive,18,43,2,0,0.000000,0
4,positive,18,44,2,0,0.000000,0
4,positive,18,45,2,0,0.000000,0
4,positive,18,46,2,0,0.000000,0
4,positive,18,47,2,0,0.000000,0
4,positive,18,48,2,0,0.000000,0
4,positive,18,49,2,0,0.000000,0
4,positive,19,0,2,0,0.000000,0
4,positive,19,1,2,0,0.000000,0
4,positive,19,2,2,0,0.000000,0
4,positive,19,3,2,0,0.000000,0
4,positive,19,4,2,0,0.000000,0
4,positive,19,5,2,0,0.000000,0
4,positive,19,6,2,0,0.000000,0
4,positive,19,7,2,0,0.000000,0
4,positive,19,8,2,0,0.000000,0
4,positive,19,9,2,0,0.000000,0
4,positive,19,10,2,0,0.000000,0
4,positive,19,11,2,0,0.000000,0
4,positive,19,12,2,0,0.000000,0
4,positive,19,13,2,0,0.000000,0
4,positive,19,14,2,0,0.000000,0
4,positive,19,15,2,0,0.000000,0
4,positive,19,16,2,0,0.000000,0
4,positive,19,17,2,0,0.000000,0
4,positive,19,18,0,0,0.000000,0
4,positive,19,19,0,0,0.000000,0
4,positive,19,20,2,0,0.000000,0
4,positive,19,21,2,0,0.000000,0
4,positive,19,22,2,0,0.000000,0
4,positive,19,23,2,0,0.000000,0
4,positive,19,24,2,0,0.000000,0
4,positive,19,25,2,0,0.000000,0
4,positive,19,26,2,0,0.000000,0
4,positive,19,27,2,0,0.000000,0
4,positive,19,28,2,0,0.000000,0
4,positive,19,29,2,0,0.000000,0
4,positive,19,30,0,0,0.000000,0
4,positive,19,31,2,0,0.000000,0
4,positive,19,32,2,0,0.000000,0
4,positive,19,33,2,0,0.000000,0
4,positive,19,34,2,0,0.000000,0
4,positive,19,35,0,0,0.000000,0
4,positive,19,36,2,0,0.000000,0
4,positive,19,37,2,0,0.000000,0
4,positive,19,38,2,0,0.000000,0
4,positive,19,39,2,0,0.000000,0
4,positive,19,40,2,0,0.000000,0
4,positive,19,41,2,0,0.000000,0
4,positive,19,42,2,0,0.000000,0
4,positive,19,43,2,0,0.000000,0
4,positive,19,44,2,0,0.000000,0
4,positive,19,45,2,0,0.000000,0
4,positive,19,46,2,0,0.000000,0
4,positive,19,47,2,0,0.000000,0
4,positive,19,48,2,0,0.000000,0
4,positive,19,49,2,0,0.000000,0
4,positive,20,0,2,0,0.000000,0
4,positive,20,1,2,0,0.000000,0
4,positive,20,2,2,0,0.000000,0
4,positive,20,3,2,0,0.000000,0
4,positive,20,4,2,0,0.000000,0
4,positive,20,5,2,0,0.000000,0
4,positive,20,6,2,0,0.000000,0
4,positive,20,7,0,0,0.000000,0
4,positive,20,8,2,0,0.000000,0
4,positive,20,9,0,0,0.000000,0
4,positive,20,10,2,0,0.000000,0
4,positive,20,11,0,0,0.000000,0
4,positive,20,12,2,0,0.000000,0
4,positive,20,13,2,0,0.000000,0
4,positive,20,14,2,0,0.000000,0
4,positive,20,15,2,0,0.000000,0
4,positive,20,16,2,0,0.000000,0
4,positive,20,17,2,0,0.000000,0
4,positive,20,18,2,0,0.000000,0
4,positive,20,19,2,0,0.000000,0
4,positive,20,20,2,0,0.000000,0
4,positive,20,21,2,0,0.000000,0
4,positive,20,22,2,0,0.000000,0
4,positive,20,23,0,0,0.000000,0
4,positive,20,24,0,0,0.000000,0
4,positive,20,25,2,0,0.000000,0
4,positive,20,26,2,0,0.000000,0
4,positive,20,27,2,0,0.000000,0
4,positive,20,28,2,0,0.000000,0
4,positive,20,29,2,0,0.000000,0
4,positive,20,30,2,0,0.000000,0
4,positive,20,31,2,0,0.000000,0
4,positive,20,32,2,0,0.000000,0
4,positive,20,33,2,0,0.000000,0
4,positive,20,34,2,0,0.000000,0
4,positive,20,35,0,0,0.000000,0
4,positive,20,36,0,0,0.000000,0
4,positive,20,37,0,0,0.000000,0
4,positive,20,38,2,0,0.000000,0
4,positive,20,39,2,0,0.000000,0
4,positive,20,40,2,0,0.000000,0
4,positive,20,41,2,0,0.000000,0
4,positive,20,42,0,0,0.000000,0
4,positive,20,43,2,0,0.000000,0
4,positive,20,44,0,0,0.000000,0
4,positive,20,45,2,0,0.000000,0
4,positive,20,46,2,0,0.000000,0
4,positive,20,47,2,0,0.000000,0
4,positive,20,48,2,0,0.000000,0
4,positive,20,49,2,0,0.000000,0
4,positive,21,0,2,0,0.000000,0
4,positive,21,1,2,0,0.000000,0
4,positive,21,2,2,0,0.000000,0
4,positive,21,3,2,0,0.000000,0
4,positive,21,4,2,0,0.000000,0
4,positive,21,5,2,0,0.000000,0
4,positive,21,6,2,0,0.000000,0
4,positive,21,7,2,0,0.000000,0
4,positive,21,8,2,0,0.000000,0
4,positive,21,9,2,0,0.000000,0
4,positive,21,10,0,0,0.000000,0
4,positive,21,11,2,0,0.000000,0
4,positive,21,12,2,0,0.000000,0
4,positive,21,13,2,0,0.000000,0
4,positive,21,14,2,0,0.000000,0
4,positive,21,15,2,0,0.000000,0
4,positive,21,16,2,0,0.000000,0
4,positive,21,17,2,0,0.000000,0
4,positive,21,18,2,0,0.000000,0
4,positive,21,19,2,0,0.000000,0
4,positive,21,20,2,0,0.000000,0
4,positive,21,21,0,0,0.000000,0
4,positive,21,22,2,0,0.000000,0
4,positive,21,23,2,0,0.000000,0
4,positive,21,24,2,0,0.000000,0
4,positive,21,25,2,0,0.000000,0
4,positive,21,26,2,0,0.000000,0
4,positive,21,27,2,0,0.000000,0
4,positive,21,28,2,0,0.000000,0
4,positive,21,29,2,0,0.000000,0
4,positive,21,30,2,0,0.000000,0
4,positive,21,31,2,0,0.000000,0
4,positive,21,32,2,0,0.000000,0
4,positive,21,33,0,0,0.000000,0
4,positive,21,34,2,0,0.000000,0
4,positive,21,35,2,0,0.000000,0
4,positive,21,36,2,0,0.000000,0
4,positive,21,37,2,0,0.000000,0
4,positive,21,38,2,0,0.000000,0
4,positive,21,39,0,0,0.000000,0
4,positive,21,40,2,0,0.000000,0
4,positive,21,41,2,0,0.000000,0
4,positive,21,42,2,0,0.000000,0
4,positive,21,43,2,0,0.000000,0
4,positive,21,44,2,0,0.000000,0
4,positive,21,45,2,0,0.000000,0
4,positive,21,46,2,0,0.000000,0
4,positive,21,47,2,0,0.000000,0
4,positive,21,48,2,0,0.000000,0
4,positive,21,49,2,0,0.000000,0
4,positive,22,0,2,0,0.000000,0
4,positive,22,1,2,0,0.000000,0
4,positive,22,2,2,0,0.000000,0
4,positive,22,3,2,0,0.000000,0
4,positive,22,4,2,0,0.000000,0
4,positive,22,5,2,0,0.000000,0
4,positive,22,6,0,0,0.000000,0
4,positive,22,7,2,0,0.000000,0
4,positive,22,8,2,0,0.000000,0
4,positive,22,9,2,0,0.000000,0
4,positive,22,10,2,0,0.000000,0
4,positive,22,11,2,0,0.000000,0
4,positive,22,12,2,0,0.000000,0
4,positive,22,13,2,0,0.000000,0
4,positive,22,14,2,0,0.000000,0
4,positive,22,15,2,0,0.000000,0
4,positive,22,16,0,0,0.000000,0
4,positive,22,17,2,0,0.000000,0
4,positive,22,18,2,0,0.000000,0
4,positive,22,19,2,0,0.000000,0
4,positive,22,20,2,0,0.000000,0
4,positive,22,21,0,0,0.000000,0
4,positive,22,22,2,0,0.000000,0
4,positive,22,23,2,0,0.000000,0
4,positive,22,24,0,0,0.000000,0
4,positive,22,25,2,0,0.000000,0
4,positive,22,26,2,0,0.000000,0
4,positive,22,27,2,0,0.000000,0
4,positive,22,28,2,0,0.000000,0
4,positive,22,29,0,0,0.000000,0
4,positive,22,30,2,0,0.000000,0
4,positive,22,31,2,0,0.000000,0
4,positive,22,32,2,0,0.000000,0
4,positive,22,33,2,0,0.000000,0
4,positive,22,34,2,0,0.000000,0
4,positive,22,35,0,0,0.000000,0
4,positive,22,36,2,0,0.000000,0
4,positive,22,37,2,0,0.000000,0
4,positive,22,38,2,0,0.000000,0
4,positive,22,39,2,0,0.000000,0
4,positive,22,40,2,0,0.000000,0
4,positive,22,41,2,0,0.000000,0
4,positive,22,42,2,0,0.000000,0
4,positive,22,43,2,0,0.000000,0
4,positive,22,44,2,0,0.000000,0
4,positive,22,45,0,0,0.000000,0
4,positive,22,46,2,0,0.000000,0
4,positive,22,47,2,0,0.000000,0
4,positive,22,48,2,0,0.000000,0
4,positive,22,49,2,0,0.000000,0
4,positive,23,0,2,0,0.000000,0
4,positive,23,1,2,0,0.000000,0
4,positive,23,2,2,0,0.000000,0
4,positive,23,3,2,0,0.000000,0
4,positive,23,4,2,0,0.000000,0
4,positive,23,5,2,0,0.000000,0
4,positive,23,6,0,0,0.000000,0
4,positive,23,7,2,0,0.000000,0
4,positive,23,8,2,0,0.000000,0
4,positive,23,9,0,0,0.000000,0
4,positive,23,10,2,0,0.000000,0
4,positive,23,11,2,0,0.000000,0
4,positive,23,12,2,0,0.000000,0
4,positive,23,13,2,0,0.000000,0
4,positive,23,14,2,0,0.000000,0
4,positive,23,15,2,0,0.000000,0
4,positive,23,16,2,0,0.000000,0
4,positive,23,17,2,0,0.000000,0
4,positive,23,18,2,0,0.000000,0
4,positive,23,19,2,0,0.000000,0
4,positive,23,20,2,0,0.000000,0
4,positive,23,21,2,0,0.000000,0
4,positive,23,22,0,0,0.000000,0
4,positive,23,23,2,0,0.000000,0
4,positive,23,24,2,0,0.000000,0
4,positive,23,25,2,0,0.000000,0
4,positive,23,26,2,0,0.000000,0
4,positive,23,27,0,0,0.000000,0
4,positive,23,28,2,0,0.000000,0
4,positive,23,29,0,0,0.000000,0
4,positive,23,30,0,0,0.000000,0
4,positive,23,31,2,0,0.000000,0
4,positive,23,32,2,0,0.000000,0
4,positive,23,33,2,0,0.000000,0
4,positive,23,34,2,0,0.000000,0
4,positive,23,35,2,0,0.000000,0
4,positive,23,36,2,0,0.000000,0
4,positive,23,37,2,0,0.000000,0
4,positive,23,38,2,0,0.000000,0
4,positive,23,39,2,0,0.000000,0
4,positive,23,40,2,0,0.000000,0
4,positive,23,41,2,0,0.000000,0
4,positive,23,42,0,0,0.000000,0
4,positive,23,43,2,0,0.000000,0
4,positive,23,44,2,0,0.000000,0
4,positive,23,45,2,0,0.000000,0
4,positive,23,46,2,0,0.000000,0
4,positive,23,47,0,0,0.000000,0
4,positive,23,48,2,0,0.000000,0
4,positive,23,49,0,0,0.000000,0
4,positive,24,0,2,0,0.000000,0
4,positive,24,1,2,0,0.000000,0
4,positive,24,2,2,0,0.000000,0
4,positive,24,3,2,0,0.000000,0
4,positive,24,4,2,0,0.000000,0
4,positive,24,5,2,0,0.000000,0
4,positive,24,6,2,0,0.000000,0
4,positive,24,7,2,0,0.000000,0
4,positive,24,8,2,0,0.000000,0
4,positive,24,9,0,0,0.000000,0
4,positive,24,10,0,0,0.000000,0
4,positive,24,11,2,0,0.000000,0
4,positive,24,12,2,0,0.000000,0
4,positive,24,13,2,0,0.000000,0
4,positive,24,14,2,0,0.000000,0
4,positive,24,15,2,0,0.000000,0
4,positive,24,16,2,0,0.000000,0
4,positive,24,17,2,0,0.000000,0
4,positive,24,18,2,0,0.000000,0
4,positive,24,19,2,0,0.000000,0
4,positive,24,20,0,0,0.000000,0
4,positive,24,21,2,0,0.000000,0
4,positive,24,22,2,0,0.000000,0
4,positive,24,23,2,0,0.000000,0
4,positive,24,24,2,0,0.000000,0
4,positive,24,25,2,0,0.000000,0
4,positive,24,26,2,0,0.000000,0
4,positive,24,27,0,0,0.000000,0
4,positive,24,28,0,0,0.000000,0
4,positive,24,29,2,0,0.000000,0
4,positive,24,30,2,0,0.000000,0
4,positive,24,31,2,0,0.000000,0
4,positive,24,32,2,0,0.000000,0
4,positive,24,33,2,0,0.000000,0
4,positive,24,34,2,0,0.000000,0
4,positive,24,35,2,0,0.000000,0
4,positive,24,36,2,0,0.000000,0
4,positive,24,37,2,0,0.000000,0
4,positive,24,38,2,0,0.000000,0
4,positive,24,39,2,0,0.000000,0
4,positive,24,40,2,0,0.000000,0
4,positive,24,41,2,0,0.000000,0
4,positive,24,42,2,0,0.000000,0
4,positive,24,43,2,0,0.000000,0
4,positive,24,44,2,0,0.000000,0
4,positive,24,45,2,0,0.000000,0
4,positive,24,46,2,0,0.000000,0
4,positive,24,47,2,0,0.000000,0
4,positive,24,48,2,0,0.000000,0
4,positive,24,49,2,0,0.000000,0
4,positive,25,0,0,0,0.000000,0
4,positive,25,1,2,0,0.000000,0
4,positive,25,2,2,0,0.000000,0
4,positive,25,3,2,0,0.000000,0
4,positive,25,4,2,0,0.000000,0
4,positive,25,5,2,0,0.000000,0
4,positive,25,6,0,0,0.000000,0
4,positive,25,7,2,0,0.000000,0
4,positive,25,8,2,0,0.000000,0
4,positive,25,9,0,0,0.000000,0
4,positive,25,10,2,0,0.000000,0
4,positive,25,11,2,0,0.000000,0
4,positive,25,12,2,0,0.000000,0
4,positive,25,13,2,0,0.000000,0
4,positive,25,14,2,0,0.000000,0
4,positive,25,15,2,0,0.000000,0
4,positive,25,16,2,0,0.000000,0
4,positive,25,17,0,0,0.000000,0
4,positive,25,18,2,0,0.000000,0
4,positive,25,19,2,0,0.000000,0
4,positive,25,20,2,0,0.000000,0
4,positive,25,21,2,0,0.000000,0
4,positive,25,22,2,0,0.000000,0
4,positive,25,23,2,0,0.000000,0
4,positive,25,24,2,0,0.000000,0
4,positive,25,25,2,0,0.000000,0
4,positive,25,26,2,0,0.000000,0
4,positive,25,27,2,0,0.000000,0
4,positive,25,28,2,0,0.000000,0
4,positive,25,29,2,0,0.000000,0
4,positive,25,30,2,0,0.000000,0
4,positive,25,31,2,0,0.000000,0
4,positive,25,32,2,0,0.000000,0
4,positive,25,33,2,0,0.000000,0
4,positive,25,34,2,0,0.000000,0
4,positive,25,35,2,0,0.000000,0
4,positive,25,36,2,0,0.000000,0
4,positive,25,37,2,0,0.000000,0
4,positive,25,38,2,0,0.000000,0
4,positive,25,39,2,0,0.000000,0
4,positive,25,40,2,0,0.000000,0
4,positive,25,41,2,0,0.000000,0
4,positive,25,42,0,0,0.000000,0
4,positive,25,43,2,0,0.000000,0
4,positive,25,44,2,0,0.000000,0
4,positive,25,45,2,0,0.000000,0
4,positive,25,46,2,0,0.000000,0
4,positive,25,47,2,0,0.000000,0
4,positive,25,48,0,0,0.000000,0
4,positive,25,49,2,0,0.000000,0
4,positive,26,0,2,0,0.000000,0
4,positive,26,1,2,0,0.000000,0
4,positive,26,2,2,0,0.000000,0
4,positive,26,3,0,0,0.000000,0
4,positive,26,4,2,0,0.000000,0
4,positive,26,5,2,0,0.000000,0
4,positive,26,6,2,0,0.000000,0
4,positive,26,7,2,0,0.000000,0
4,positive,26,8,2,0,0.000000,0
4,positive,26,9,2,0,0.000000,0
4,positive,26,10,0,0,0.000000,0
4,positive,26,11,0,0,0.000000,0
4,positive,26,12,2,0,0.000000,0
4,positive,26,13,2,0,0.000000,0
4,positive,26,14,2,0,0.000000,0
4,positive,26,15,2,0,0.000000,0
4,positive,26,16,2,0,0.000000,0
4,positive,26,17,2,0,0.000000,0
4,positive,26,18,2,0,0.000000,0
4,positive,26,19,2,0,0.000000,0
4,positive,26,20,2,0,0.000000,0
4,positive,26,21,2,0,0.000000,0
4,positive,26,22,2,0,0.000000,0
4,positive,26,23,2,0,0.000000,0
4,positive,26,24,2,0,0.000000,0
4,positive,26,25,2,1,1.000000,1
4,positive,26,26,0,0,0.000000,0
4,positive,26,27,2,0,0.000000,0
4,positive,26,28,2,0,0.000000,0
4,positive,26,29,2,0,0.000000,0
4,positive,26,30,2,0,0.000000,0
4,positive,26,31,2,0,0.000000,0
4,positive,26,32,2,0,0.000000,0
4,positive,26,33,0,0,0.000000,0
4,positive,26,34,2,0,0.000000,0
4,positive,26,35,2,0,0.000000,0
4,positive,26,36,2,0,0.000000,0
4,positive,26,37,2,0,0.000000,0
4,positive,26,38,2,0,0.000000,0
4,positive,26,39,2,0,0.000000,0
4,positive,26,40,2,0,0.000000,0
4,positive,26,41,2,0,0.000000,0
4,positive,26,42,2,0,0.000000,0
4,positive,26,43,2,0,0.000000,0
4,positive,26,44,2,0,0.000000,0
4,positive,26,45,2,0,0.000000,0
4,positive,26,46,2,0,0.000000,0
4,positive,26,47,2,0,0.000000,0
4,positive,26,48,2,0,0.000000,0
4,positive,26,49,2,0,0.000000,0
4,positive,27,0,2,0,0.000000,0
4,positive,27,1,2,0,0.000000,0
4,positive,27,2,2,0,0.000000,0
4,positive,27,3,2,0,0.000000,0
4,positive,27,4,2,0,0.000000,0
4,positive,27,5,2,0,0.000000,0
4,positive,27,6,2,0,0.000000,0
4,positive,27,7,2,0,0.000000,0
4,positive,27,8,2,0,0.000000,0
4,positive,27,9,2,0,0.000000,0
4,positive,27,10,2,0,0.000000,0
4,positive,27,11,0,0,0.000000,0
4,positive,27,12,2,0,0.000000,0
4,positive,27,13,2,0,0.000000,0
4,positive,27,14,2,0,0.000000,0
4,positive,27,15,2,0,0.000000,0
4,positive,27,16,2,0,0.000000,0
4,positive,27,17,2,0,0.000000,0
4,positive,27,18,2,0,0.000000,0
4,positive,27,19,2,0,0.000000,0
4,positive,27,20,0,0,0.000000,0
4,positive,27,21,2,0,0.000000,0
4,positive,27,22,2,0,0.000000,0
4,positive,27,23,2,0,0.000000,0
4,positive,27,24,2,0,0.000000,0
4,positive,27,25,2,1,1.000000,1
4,positive,27,26,2,0,0.000000,0
4,positive,27,27,2,0,0.000000,0
4,positive,27,28,2,0,0.000000,0
4,positive,27,29,0,0,0.000000,0
4,positive,27,30,2,0,0.000000,0
4,positive,27,31,2,0,0.000000,0
4,positive,27,32,2,0,0.000000,0
4,positive,27,33,2,0,0.000000,0
4,positive,27,34,2,0,0.000000,0
4,positive,27,35,2,0,0.000000,0
4,positive,27,36,2,0,0.000000,0
4,positive,27,37,2,0,0.000000,0
4,positive,27,38,2,0,0.000000,0
4,positive,27,39,2,0,0.000000,0
4,positive,27,40,2,0,0.000000,0
4,positive,27,41,2,0,0.000000,0
4,positive,27,42,2,0,0.000000,0
4,positive,27,43,0,0,0.000000,0
4,positive,27,44,2,0,0.000000,0
4,positive,27,45,2,0,0.000000,0
4,positive,27,46,2,0,0.000000,0
4,positive,27,47,2,0,0.000000,0
4,positive,27,48,2,0,0.000000,0
4,positive,27,49,2,0,0.000000,0
4,positive,28,0,2,0,0.000000,0
4,positive,28,1,2,0,0.000000,0
4,positive,28,2,2,0,0.000000,0
4,positive,28,3,2,0,0.000000,0
4,positive,28,4,0,0,0.000000,0
4,positive,28,5,2,0,0.000000,0
4,positive,28,6,2,0,0.000000,0
4,positive,28,7,2,0,0.000000,0
4,positive,28,8,2,0,0.000000,0
4,positive,28,9,2,0,0.000000,0
4,positive,28,10,2,0,0.000000,0
4,positive,28,11,2,0,0.000000,0
4,positive,28,12,2,0,0.000000,0
4,positive,28,13,0,0,0.000000,0
4,positive,28,14,0,0,0.000000,0
4,positive,28,15,2,0,0.000000,0
4,positive,28,16,2,0,0.000000,0
4,positive,28,17,2,0,0.000000,0
4,positive,28,18,2,0,0.000000,0
4,positive,28,19,2,0,0.000000,0
4,positive,28,20,2,0,0.000000,0
4,positive,28,21,0,0,0.000000,0
4,positive,28,22,2,0,0.000000,0
4,positive,28,23,0,0,0.000000,0
4,positive,28,24,2,0,0.000000,0
4,positive,28,25,2,1,1.000000,1
4,positive,28,26,2,0,0.000000,0
4,positive,28,27,0,0,0.000000,0
4,positive,28,28,0,0,0.000000,0
4,positive,28,29,2,0,0.000000,0
4,positive,28,30,2,0,0.000000,0
4,positive,28,31,2,0,0.000000,0
4,positive,28,32,2,0,0.000000,0
4,positive,28,33,2,0,0.000000,0
4,positive,28,34,2,0,0.000000,0
4,positive,28,35,2,0,0.000000,0
4,positive,28,36,0,0,0.000000,0
4,positive,28,37,2,0,0.000000,0
4,positive,28,38,2,0,0.000000,0
4,positive,28,39,2,0,0.000000,0
4,positive,28,40,2,0,0.000000,0
4,positive,28,41,2,0,0.000000,0
4,positive,28,42,2,0,0.000000,0
4,positive,28,43,2,0,0.000000,0
4,positive,28,44,2,0,0.000000,0
4,positive,28,45,0,0,0.000000,0
4,positive,28,46,2,0,0.000000,0
4,positive,28,47,2,0,0.000000,0
4,positive,28,48,2,0,0.000000,0
4,positive,28,49,2,0,0.000000,0
4,positive,29,0,2,0,0.000000,0
4,positive,29,1,2,0,0.000000,0
4,positive,29,2,2,0,0.000000,0
4,positive,29,3,2,0,0.000000,0
4,positive,29,4,2,0,0.000000,0
4,positive,29,5,2,0,0.000000,0
4,positive,29,6,2,0,0.000000,0
4,positive,29,7,2,0,0.000000,0
4,positive,29,8,0,0,0.000000,0
4,positive,29,9,2,0,0.000000,0
4,positive,29,10,0,0,0.000000,0
4,positive,29,11,2,0,0.000000,0
4,positive,29,12,2,0,0.000000,0
4,positive,29,13,2,0,0.000000,0
4,positive,29,14,2,0,0.000000,0
4,positive,29,15,2,0,0.000000,0
4,positive,29,16,2,0,0.000000,0
4,positive,29,17,2,0,0.000000,0
4,positive,29,18,2,0,0.000000,0
4,positive,29,19,2,0,0.000000,0
4,positive,29,20,2,0,0.000000,0
4,positive,29,21,2,0,0.000000,0
4,positive,29,22,2,0,0.000000,0
4,positive,29,23,2,0,0.000000,0
4,positive,29,24,2,0,0.000000,0
4,positive,29,25,2,1,1.000000,1
4,positive,29,26,2,0,0.000000,0
4,positive,29,27,2,0,0.000000,0
4,positive,29,28,2,0,0.000000,0
4,positive,29,29,2,0,0.000000,0
4,positive,29,30,2,0,0.000000,0
4,positive,29,31,2,0,0.000000,0
4,positive,29,32,2,0,0.000000,0
4,positive,29,33,2,0,0.000000,0
4,positive,29,34,2,0,0.000000,0
4,positive,29,35,2,0,0.000000,0
4,positive,29,36,0,0,0.000000,0
4,positive,29,37,2,0,0.000000,0
4,positive,29,38,2,0,0.000000,0
4,positive,29,39,0,0,0.000000,0
4,positive,29,40,2,0,0.000000,0
4,positive,29,41,2,0,0.000000,0
4,positive,29,42,2,0,0.000000,0
4,positive,29,43,2,0,0.000000,0
4,positive,29,44,2,0,0.000000,0
4,positive,29,45,2,0,0.000000,0
4,positive,29,46,2,0,0.000000,0
4,positive,29,47,2,0,0.000000,0
4,positive,29,48,2,0,0.000000,0
4,positive,29,49,2,0,0.000000,0
4,positive,30,0,2,0,0.000000,0
4,positive,30,1,2,0,0.000000,0
4,positive,30,2,2,0,0.000000,0
4,positive,30,3,2,0,0.000000,0
4,positive,30,4,2,0,0.000000,0
4,positive,30,5,2,0,0.000000,0
4,positive,30,6,2,0,0.000000,0
4,positive,30,7,2,0,0.000000,0
4,positive,30,8,2,0,0.000000,0
4,positive,30,9,2,0,0.000000,0
4,positive,30,10,2,0,0.000000,0
4,positive,30,11,2,0,0.000000,0
4,positive,30,12,2,0,0.000000,0
4,positive,30,13,2,0,0.000000,0
4,positive,30,14,2,0,0.000000,0
4,positive,30,15,2,0,0.000000,0
4,positive,30,16,2,0,0.000000,0
4,positive,30,17,2,0,0.000000,0
4,positive,30,18,0,0,0.000000,0
4,positive,30,19,2,0,0.000000,0
4,positive,30,20,2,0,0.000000,0
4,positive,30,21,2,0,0.000000,0
4,positive,30,22,2,0,0.000000,0
4,positive,30,23,2,0,0.000000,0
4,positive,30,24,2,0,0.000000,0
4,positive,30,25,2,1,1.000000,1
4,positive,30,26,2,0,0.000000,0
4,positive,30,27,2,0,0.000000,0
4,positive,30,28,0,0,0.000000,0
4,positive,30,29,2,0,0.000000,0
4,positive,30,30,2,0,0.000000,0
4,positive,30,31,2,0,0.000000,0
4,positive,30,32,2,0,0.000000,0
4,positive,30,33,2,0,0.000000,0
4,positive,30,34,0,0,0.000000,0
4,positive,30,35,2,0,0.000000,0
4,positive,30,36,2,0,0.000000,0
4,positive,30,37,2,0,0.000000,0
4,positive,30,38,2,0,0.000000,0
4,positive,30,39,2,0,0.000000,0
4,positive,30,40,2,0,0.000000,0
4,positive,30,41,2,0,0.000000,0
4,positive,30,42,2,0,0.000000,0
4,positive,30,43,2,0,0.000000,0
4,positive,30,44,2,0,0.000000,0
4,positive,30,45,2,0,0.000000,0
4,positive,30,46,2,0,0.000000,0
4,positive,30,47,2,0,0.000000,0
4,positive,30,48,0,0,0.000000,0
4,positive,30,49,2,0,0.000000,0
4,positive,31,0,2,0,0.000000,0
4,positive,31,1,2,0,0.000000,0
4,positive,31,2,0,0,0.000000,0
4,positive,31,3,2,0,0.000000,0
4,positive,31,4,2,0,0.000000,0
4,positive,31,5,2,0,0.000000,0
4,positive,31,6,2,0,0.000000,0
4,positive,31,7,2,0,0.000000,0
4,positive,31,8,2,0,0.000000,0
4,positive,31,9,2,0,0.000000,0
4,positive,31,10,2,0,0.000000,0
4,positive,31,11,2,0,0.000000,0
4,positive,31,12,2,0,0.000000,0
4,positive,31,13,2,0,0.000000,0
4,positive,31,14,2,0,0.000000,0
4,positive,31,15,2,0,0.000000,0
4,positive,31,16,2,0,0.000000,0
4,positive,31,17,2,0,0.000000,0
4,positive,31,18,2,0,0.000000,0
4,positive,31,19,2,0,0.000000,0
4,positive,31,20,2,0,0.000000,0
4,positive,31,21,2,0,0.000000,0
4,positive,31,22,2,0,0.000000,0
4,positive,31,23,2,0,0.000000,0
4,positive,31,24,2,0,0.000000,0
4,positive,31,25,2,0,0.000000,0
4,positive,31,26,2,0,0.000000,0
4,positive,31,27,2,0,0.000000,0
4,positive,31,28,2,0,0.000000,0
4,positive,31,29,2,0,0.000000,0
4,positive,31,30,2,0,0.000000,0
4,positive,31,31,0,0,0.000000,0
4,positive,31,32,2,0,0.000000,0
4,positive,31,33,2,0,0.000000,0
4,positive,31,34,2,0,0.000000,0
4,positive,31,35,2,0,0.000000,0
4,positive,31,36,2,0,0.000000,0
4,positive,31,37,2,0,0.000000,0
4,positive,31,38,2,0,0.000000,0
4,positive,31,39,2,0,0.000000,0
4,positive,31,40,2,0,0.000000,0
4,positive,31,41,2,0,0.000000,0
4,positive,31,42,2,0,0.000000,0
4,positive,31,43,2,0,0.000000,0
4,positive,31,44,2,0,0.000000,0
4,positive,31,45,2,0,0.000000,0
4,positive,31,46,2,0,0.000000,0
4,positive,31,47,2,0,0.000000,0
4,positive,31,48,2,0,0.000000,0
4,positive,31,49,2,0,0.000000,0
4,positive,32,0,2,0,0.000000,0
4,positive,32,1,2,0,0.000000,0
4,positive,32,2,2,0,0.000000,0
4,positive,32,3,2,0,0.000000,0
4,positive,32,4,2,0,0.000000,0
4,positive,32,5,0,0,0.000000,0
4,positive,32,6,2,0,0.000000,0
4,positive,32,7,0,0,0.000000,0
4,positive,32,8,2,0,0.000000,0
4,positive,32,9,2,0,0.000000,0
4,positive,32,10,2,0,0.000000,0
4,positive,32,11,2,0,0.000000,0
4,positive,32,12,2,0,0.000000,0
4,positive,32,13,2,0,0.000000,0
4,positive,32,14,0,0,0.000000,0
4,positive,32,15,2,0,0.000000,0
4,positive,32,16,0,0,0.000000,0
4,positive,32,17,2,0,0.000000,0
4,positive,32,18,2,0,0.000000,0
4,positive,32,19,2,0,0.000000,0
4,positive,32,20,2,0,0.000000,0
4,positive,32,21,2,0,0.000000,0
4,positive,32,22,2,0,0.000000,0
4,positive,32,23,0,0,0.000000,0
4,positive,32,24,2,0,0.000000,0
4,positive,32,25,2,0,0.000000,0
4,positive,32,26,2,0,0.000000,0
4,positive,32,27,2,0,0.000000,0
4,positive,32,28,2,0,0.000000,0
4,positive,32,29,0,0,0.000000,0
4,positive,32,30,2,0,0.000000,0
4,positive,32,31,0,0,0.000000,0
4,positive,32,32,0,0,0.000000,0
4,positive,32,33,2,0,0.000000,0
4,positive,32,34,2,0,0.000000,0
4,positive,32,35,2,0,0.000000,0
4,positive,32,36,2,0,0.000000,0
4,positive,32,37,2,0,0.000000,0
4,positive,32,38,2,0,0.000000,0
4,positive,32,39,2,0,0.000000,0
4,positive,32,40,2,0,0.000000,0
4,positive,32,41,2,0,0.000000,0
4,positive,32,42,2,0,0.000000,0
4,positive,32,43,2,0,0.000000,0
4,positive,32,44,2,0,0.000000,0
4,positive,32,45,2,0,0.000000,0
4,positive,32,46,0,0,0.000000,0
4,positive,32,47,2,0,0.000000,0
4,positive,32,48,2,0,0.000000,0
4,positive,32,49,2,0,0.000000,0
4,positive,33,0,2,0,0.000000,0
4,positive,33,1,0,0,0.000000,0
4,positive,33,2,2,0,0.000000,0
4,positive,33,3,2,0,0.000000,0
4,positive,33,4,0,0,0.000000,0
4,positive,33,5,2,0,0.000000,0
4,positive,33,6,2,0,0.000000,0
4,positive,33,7,2,0,0.000000,0
4,positive,33,8,2,0,0.000000,0
4,positive,33,9,2,0,0.000000,0
4,positive,33,10,2,0,0.000000,0
4,positive,33,11,2,0,0.000000,0
4,positive,33,12,2,0,0.000000,0
4,positive,33,13,2,0,0.000000,0
4,positive,33,14,2,0,0.000000,0
4,positive,33,15,2,0,0.000000,0
4,positive,33,16,2,0,0.000000,0
4,positive,33,17,2,0,0.000000,0
4,positive,33,18,0,0,0.000000,0
4,positive,33,19,2,0,0.000000,0
4,positive,33,20,2,0,0.000000,0
4,positive,33,21,0,0,0.000000,0
4,positive,33,22,2,0,0.000000,0
4,positive,33,23,2,0,0.000000,0
4,positive,33,24,2,0,0.000000,0
4,positive,33,25,2,0,0.000000,0
4,positive,33,26,2,0,0.000000,0
4,positive,33,27,2,0,0.000000,0
4,positive,33,28,0,0,0.000000,0
4,positive,33,29,2,0,0.000000,0
4,positive,33,30,2,0,0.000000,0
4,positive,33,31,2,0,0.000000,0
4,positive,33,32,2,0,0.000000,0
4,positive,33,33,2,0,0.000000,0
4,positive,33,34,2,0,0.000000,0
4,positive,33,35,2,0,0.000000,0
4,positive,33,36,2,0,0.000000,0
4,positive,33,37,2,0,0.000000,0
4,positive,33,38,2,0,0.000000,0
4,positive,33,39,2,0,0.000000,0
4,positive,33,40,2,0,0.000000,0
4,positive,33,41,0,0,0.000000,0
4,positive,33,42,2,0,0.000000,0
4,positive,33,43,2,0,0.000000,0
4,positive,33,44,2,0,0.000000,0
4,positive,33,45,2,0,0.000000,0
4,positive,33,46,0,0,0.000000,0
4,positive,33,47,2,0,0.000000,0
4,positive,33,48,2,0,0.000000,0
4,positive,33,49,2,0,0.000000,0
4,positive,34,0,2,0,0.000000,0
4,positive,34,1,2,0,0.000000,0
4,positive,34,2,2,0,0.000000,0
4,positive,34,3,0,0,0.000000,0
4,positive,34,4,2,0,0.000000,0
4,positive,34,5,2,0,0.000000,0
4,positive,34,6,2,0,0.000000,0
4,positive,34,7,2,0,0.000000,0
4,positive,34,8,2,0,0.000000,0
4,positive,34,9,2,0,0.000000,0
4,positive,34,10,0,0,0.000000,0
4,positive,34,11,0,0,0.000000,0
4,positive,34,12,2,0,0.000000,0
4,positive,34,13,2,0,0.000000,0
4,positive,34,14,2,0,0.000000,0
4,positive,34,15,2,0,0.000000,0
4,positive,34,16,2,0,0.000000,0
4,positive,34,17,0,0,0.000000,0
4,positive,34,18,2,0,0.000000,0
4,positive,34,19,2,0,0.000000,0
4,positive,34,20,2,0,0.000000,0
4,positive,34,21,2,0,0.000000,0
4,positive,34,22,2,0,0.000000,0
4,positive,34,23,2,0,0.000000,0
4,positive,34,24,2,0,0.000000,0
4,positive,34,25,2,0,0.000000,0
4,positive,34,26,2,0,0.000000,0
4,positive,34,27,2,0,0.000000,0
4,positive,34,28,2,0,0.000000,0
4,positive,34,29,0,0,0.000000,0
4,positive,34,30,2,0,0.000000,0
4,positive,34,31,2,0,0.000000,0
4,positive,34,32,2,0,0.000000,0
4,positive,34,33,2,0,0.000000,0
4,positive,34,34,2,0,0.000000,0
4,positive,34,35,2,0,0.000000,0
4,positive,34,36,0,0,0.000000,0
4,positive,34,37,2,0,0.000000,0
4,positive,34,38,2,0,0.000000,0
4,positive,34,39,2,0,0.000000,0
4,positive,34,40,2,0,0.000000,0
4,positive,34,41,2,0,0.000000,0
4,positive,34,42,0,0,0.000000,0
4,positive,34,43,2,0,0.000000,0
4,positive,34,44,2,0,0.000000,0
4,positive,34,45,2,0,0.000000,0
4,positive,34,46,2,0,0.000000,0
4,positive,34,47,0,0,0.000000,0
4,positive,34,48,0,0,0.000000,0
4,positive,34,49,2,0,0.000000,0
4,positive,35,0,2,0,0.000000,0
4,positive,35,1,2,0,0.000000,0
4,positive,35,2,0,0,0.000000,0
4,positive,35,3,2,0,0.000000,0
4,positive,35,4,0,0,0.000000,0
4,positive,35,5,2,0,0.000000,0
4,positive,35,6,2,0,0.000000,0
4,positive,35,7,2,0,0.000000,0
4,positive,35,8,2,0,0.000000,0
4,positive,35,9,2,0,0.000000,0
4,positive,35,10,2,0,0.000000,0
4,positive,35,11,2,0,0.000000,0
4,positive,35,12,0,0,0.000000,0
4,positive,35,13,2,0,0.000000,0
4,positive,35,14,2,0,0.000000,0
4,positive,35,15,2,0,0.000000,0
4,positive,35,16,2,0,0.000000,0
4,positive,35,17,2,0,0.000000,0
4,positive,35,18,2,0,0.000000,0
4,positive,35,19,2,0,0.000000,0
4,positive,35,20,0,0,0.000000,0
4,positive,35,21,2,0,0.000000,0
4,positive,35,22,0,0,0.000000,0
4,positive,35,23,2,0,0.000000,0
4,positive,35,24,0,0,0.000000,0
4,positive,35,25,0,0,0.000000,0
4,positive,35,26,2,0,0.000000,0
4,positive,35,27,2,0,0.000000,0
4,positive,35,28,2,0,0.000000,0
4,positive,35,29,2,0,0.000000,0
4,positive,35,30,2,0,0.000000,0
4,positive,35,31,2,0,0.000000,0
4,positive,35,32,2,0,0.000000,0
4,positive,35,33,2,0,0.000000,0
4,positive,35,34,2,0,0.000000,0
4,positive,35,35,2,0,0.000000,0
4,positive,35,36,2,0,0.000000,0
4,positive,35,37,2,0,0.000000,0
4,positive,35,38,2,0,0.000000,0
4,positive,35,39,2,0,0.000000,0
4,positive,35,40,2,0,0.000000,0
4,positive,35,41,2,0,0.000000,0
4,positive,35,42,2,0,0.000000,0
4,positive,35,43,2,0,0.000000,0
4,positive,35,44,2,0,0.000000,0
4,positive,35,45,2,0,0.000000,0
4,positive,35,46,2,0,0.000000,0
4,positive,35,47,2,0,0.000000,0
4,positive,35,48,2,0,0.000000,0
4,positive,35,49,2,0,0.000000,0
4,positive,36,0,2,0,0.000000,0
4,positive,36,1,2,0,0.000000,0
4,positive,36,2,2,0,0.000000,0
4,positive,36,3,2,0,0.000000,0
4,positive,36,4,2,0,0.000000,0
4,positive,36,5,2,0,0.000000,0
4,positive,36,6,2,0,0.000000,0
4,positive,36,7,2,0,0.000000,0
4,positive,36,8,2,0,0.000000,0
4,positive,36,9,2,0,0.000000,0
4,positive,36,10,2,0,0.000000,0
4,positive,36,11,2,0,0.000000,0
4,positive,36,12,2,0,0.000000,0
4,positive,36,13,2,0,0.000000,0
4,positive,36,14,2,0,0.000000,0
4,positive,36,15,2,0,0.000000,0
4,positive,36,16,2,0,0.000000,0
4,positive,36,17,2,0,0.000000,0
4,positive,36,18,2,0,0.000000,0
4,positive,36,19,2,0,0.000000,0
4,positive,36,20,2,0,0.000000,0
4,positive,36,21,2,0,0.000000,0
4,positive,36,22,2,0,0.000000,0
4,positive,36,23,2,0,0.000000,0
4,positive,36,24,2,0,0.000000,0
4,positive,36,25,2,0,0.000000,0
4,positive,36,26,2,0,0.000000,0
4,positive,36,27,2,0,0.000000,0
4,positive,36,28,2,0,0.000000,0
4,positive,36,29,2,0,0.000000,0
4,positive,36,30,2,0,0.000000,0
4,positive,36,31,2,0,0.000000,0
4,positive,36,32,2,0,0.000000,0
4,positive,36,33,2,0,0.000000,0
4,positive,36,34,2,0,0.000000,0
4,positive,36,35,2,0,0.000000,0
4,positive,36,36,2,0,0.000000,0
4,positive,36,37,2,0,0.000000,0
4,positive,36,38,2,0,0.000000,0
4,positive,36,39,2,0,0.000000,0
4,positive,36,40,2,0,0.000000,0
4,positive,36,41,2,0,0.000000,0
4,positive,36,42,2,0,0.000000,0
4,positive,36,43,2,0,0.000000,0
4,positive,36,44,2,0,0.000000,0
4,positive,36,45,2,0,0.000000,0
4,positive,36,46,2,0,0.000000,0
4,positive,36,47,0,0,0.000000,0
4,positive,36,48,2,0,0.000000,0
4,positive,36,49,0,0,0.000000,0
4,positive,37,0,2,0,0.000000,0
4,positive,37,1,2,0,0.000000,0
4,positive,37,2,2,0,0.000000,0
4,positive,37,3,2,0,0.000000,0
4,positive,37,4,2,0,0.000000,0
4,positive,37,5,2,0,0.000000,0
4,positive,37,6,2,0,0.000000,0
4,positive,37,7,2,0,0.000000,0
4,positive,37,8,2,0,0.000000,0
4,positive,37,9,2,0,0.000000,0
4,positive,37,10,2,0,0.000000,0
4,positive,37,11,2,0,0.000000,0
4,positive,37,12,2,0,0.000000,0
4,positive,37,13,2,0,0.000000,0
4,positive,37,14,2,0,0.000000,0
4,positive,37,15,2,0,0.000000,0
4,positive,37,16,2,0,0.000000,0
4,positive,37,17,2,0,0.000000,0
4,positive,37,18,2,0,0.000000,0
4,positive,37,19,2,0,0.000000,0
4,positive,37,20,0,0,0.000000,0
4,positive,37,21,2,0,0.000000,0
4,positive,37,22,2,0,0.000000,0
4,positive,37,23,2,0,0.000000,0
4,positive,37,24,0,0,0.000000,0
4,positive,37,25,0,0,0.000000,0
4,positive,37,26,0,0,0.000000,0
4,positive,37,27,0,0,0.000000,0
4,positive,37,28,2,0,0.000000,0
4,positive,37,29,2,0,0.000000,0
4,positive,37,30,2,0,0.000000,0
4,positive,37,31,2,0,0.000000,0
4,positive,37,32,2,0,0.000000,0
4,positive,37,33,2,0,0.000000,0
4,positive,37,34,0,0,0.000000,0
4,positive,37,35,2,0,0.000000,0
4,positive,37,36,0,0,0.000000,0
4,positive,37,37,2,0,0.000000,0
4,positive,37,38,2,0,0.000000,0
4,positive,37,39,2,0,0.000000,0
4,positive,37,40,2,0,0.000000,0
4,positive,37,41,0,0,0.000000,0
4,positive,37,42,2,0,0.000000,0
4,positive,37,43,2,0,0.000000,0
4,positive,37,44,2,0,0.000000,0
4,positive,37,45,2,0,0.000000,0
4,positive,37,46,2,0,0.000000,0
4,positive,37,47,2,0,0.000000,0
4,positive,37,48,2,0,0.000000,0
4,positive,37,49,2,0,0.000000,0
4,positive,38,0,2,0,0.000000,0
4,positive,38,1,2,0,0.000000,0
4,positive,38,2,2,0,0.000000,0
4,positive,38,3,2,0,0.000000,0
4,positive,38,4,2,0,0.000000,0
4,positive,38,5,2,0,0.000000,0
4,positive,38,6,2,0,0.000000,0
4,positive,38,7,2,0,0.000000,0
4,positive,38,8,2,0,0.000000,0
4,positive,38,9,2,0,0.000000,0
4,positive,38,10,2,0,0.000000,0
4,positive,38,11,2,0,0.000000,0
4,positive,38,12,2,0,0.000000,0
4,positive,38,13,2,0,0.000000,0
4,positive,38,14,2,0,0.000000,0
4,positive,38,15,2,0,0.000000,0
4,positive,38,16,2,0,0.000000,0
4,positive,38,17,2,0,0.000000,0
4,positive,38,18,2,0,0.000000,0
4,positive,38,19,2,0,0.000000,0
4,positive,38,20,2,0,0.000000,0
4,positive,38,21,2,0,0.000000,0
4,positive,38,22,2,0,0.000000,0
4,positive,38,23,2,0,0.000000,0
4,positive,38,24,2,0,0.000000,0
4,positive,38,25,0,0,0.000000,0
4,positive,38,26,2,0,0.000000,0
4,positive,38,27,2,0,0.000000,0
4,positive,38,28,2,0,0.000000,0
4,positive,38,29,2,0,0.000000,0
4,positive,38,30,2,0,0.000000,0
4,positive,38,31,0,0,0.000000,0
4,positive,38,32,2,0,0.000000,0
4,positive,38,33,2,0,0.000000,0
4,positive,38,34,2,0,0.000000,0
4,positive,38,35,2,0,0.000000,0
4,positive,38,36,2,0,0.000000,0
4,positive,38,37,2,0,0.000000,0
4,positive,38,38,2,0,0.000000,0
4,positive,38,39,2,0,0.000000,0
4,positive,38,40,2,0,0.000000,0
4,positive,38,41,2,0,0.000000,0
4,positive,38,42,2,0,0.000000,0
4,positive,38,43,2,0,0.000000,0
4,positive,38,44,0,0,0.000000,0
4,positive,38,45,2,0,0.000000,0
4,positive,38,46,2,0,0.000000,0
4,positive,38,47,2,0,0.000000,0
4,positive,38,48,0,0,0.000000,0
4,positive,38,49,2,0,0.000000,0
4,positive,39,0,2,0,0.000000,0
4,positive,39,1,2,0,0.000000,0
4,positive,39,2,2,0,0.000000,0
4,positive,39,3,2,0,0.000000,0
4,positive,39,4,2,0,0.000000,0
4,positive,39,5,2,0,0.000000,0
4,positive,39,6,2,0,0.000000,0
4,positive,39,7,2,0,0.000000,0
4,positive,39,8,0,0,0.000000,0
4,positive,39,9,2,0,0.000000,0
4,positive,39,10,2,0,0.000000,0
4,positive,39,11,2,0,0.000000,0
4,positive,39,12,2,0,0.000000,0
4,positive,39,13,2,0,0.000000,0
4,positive,39,14,2,0,0.000000,0
4,positive,39,15,2,0,0.000000,0
4,positive,39,16,2,0,0.000000,0
4,positive,39,17,2,0,0.000000,0
4,positive,39,18,2,0,0.000000,0
4,positive,39,19,2,0,0.000000,0
4,positive,39,20,2,0,0.000000,0
4,positive,39,21,2,0,0.000000,0
4,positive,39,22,0,0,0.000000,0
4,positive,39,23,2,0,0.000000,0
4,positive,39,24,2,0,0.000000,0
4,positive,39,25,2,0,0.000000,0
4,positive,39,26,2,0,0.000000,0
4,positive,39,27,2,0,0.000000,0
4,positive,39,28,2,0,0.000000,0
4,positive,39,29,2,0,0.000000,0
4,positive,39,30,2,0,0.000000,0
4,positive,39,31,2,0,0.000000,0
4,positive,39,32,2,0,0.000000,0
4,positive,39,33,2,0,0.000000,0
4,positive,39,34,0,0,0.000000,0
4,positive,39,35,2,0,0.000000,0
4,positive,39,36,2,0,0.000000,0
4,positive,39,37,2,0,0.000000,0
4,positive,39,38,0,0,0.000000,0
4,positive,39,39,2,0,0.000000,0
4,positive,39,40,2,0,0.000000,0
4,positive,39,41,2,0,0.000000,0
4,positive,39,42,2,0,0.000000,0
4,positive,39,43,2,0,0.000000,0
4,positive,39,44,2,0,0.000000,0
4,positive,39,45,0,0,0.000000,0
4,positive,39,46,2,0,0.000000,0
4,positive,39,47,2,0,0.000000,0
4,positive,39,48,2,0,0.000000,0
4,positive,39,49,2,0,0.000000,0
4,positive,40,0,2,0,0.000000,0
4,positive,40,1,2,0,0.000000,0
4,positive,40,2,2,0,0.000000,0
4,positive,40,3,2,0,0.000000,0
4,positive,40,4,0,0,0.000000,0
4,positive,40,5,2,0,0.000000,0
4,positive,40,6,2,0,0.000000,0
4,positive,40,7,2,0,0.000000,0
4,positive,40,8,2,0,0.000000,0
4,positive,40,9,2,0,0.000000,0
4,positive,40,10,2,0,0.000000,0
4,positive,40,11,2,0,0.000000,0
4,positive,40,12,2,0,0.000000,0
4,positive,40,13,2,0,0.000000,0
4,positive,40,14,2,0,0.000000,0
4,positive,40,15,2,0,0.000000,0
4,positive,40,16,2,0,0.000000,0
4,positive,40,17,2,0,0.000000,0
4,positive,40,18,2,0,0.000000,0
4,positive,40,19,2,0,0.000000,0
4,positive,40,20,2,0,0.000000,0
4,positive,40,21,2,0,0.000000,0
4,positive,40,22,2,0,0.000000,0
4,positive,40,23,2,0,0.000000,0
4,positive,40,24,2,0,0.000000,0
4,positive,40,25,2,0,0.000000,0
4,positive,40,26,2,0,0.000000,0
4,positive,40,27,2,0,0.000000,0
4,positive,40,28,2,0,0.000000,0
4,positive,40,29,2,0,0.000000,0
4,positive,40,30,2,0,0.000000,0
4,positive,40,31,2,0,0.000000,0
4,positive,40,32,2,0,0.000000,0
4,positive,40,33,2,0,0.000000,0
4,positive,40,34,2,0,0.000000,0
4,positive,40,35,2,0,0.000000,0
4,positive,40,36,0,0,0.000000,0
4,positive,40,37,0,0,0.000000,0
4,positive,40,38,2,0,0.000000,0
4,positive,40,39,2,0,0.000000,0
4,positive,40,40,0,0,0.000000,0
4,positive,40,41,2,0,0.000000,0
4,positive,40,42,2,0,0.000000,0
4,positive,40,43,2,0,0.000000,0
4,positive,40,44,2,0,0.000000,0
4,positive,40,45,2,0,0.000000,0
4,positive,40,46,2,0,0.000000,0
4,positive,40,47,2,0,0.000000,0
4,positive,40,48,2,0,0.000000,0
4,positive,40,49,0,0,0.000000,0
4,positive,41,0,2,0,0.000000,0
4,positive,41,1,2,0,0.000000,0
4,positive,41,2,2,0,0.000000,0
4,positive,41,3,2,0,0.000000,0
4,positive,41,4,2,0,0.000000,0
4,positive,41,5,2,0,0.000000,0
4,positive,41,6,2,0,0.000000,0
4,positive,41,7,2,0,0.000000,0
4,positive,41,8,2,0,0.000000,0
4,positive,41,9,2,0,0.000000,0
4,positive,41,10,0,0,0.000000,0
4,positive,41,11,2,0,0.000000,0
4,positive,41,12,2,0,0.000000,0
4,positive,41,13,2,0,0.000000,0
4,positive,41,14,2,0,0.000000,0
4,positive,41,15,2,0,0.000000,0
4,positive,41,16,2,1,1.000000,1
4,positive,41,17,2,1,1.000000,1
4,positive,41,18,2,1,1.000000,1
4,positive,41,19,2,1,1.000000,1
4,positive,41,20,2,1,1.000000,1
4,positive,41,21,2,1,1.000000,1
4,positive,41,22,2,0,0.000000,0
4,positive,41,23,2,0,0.000000,0
4,positive,41,24,2,0,0.000000,0
4,positive,41,25,2,0,0.000000,0
4,positive,41,26,2,0,0.000000,0
4,positive,41,27,2,0,0.000000,0
4,positive,41,28,2,0,0.000000,0
4,positive,41,29,2,0,0.000000,0
4,positive,41,30,0,0,0.000000,0
4,positive,41,31,2,0,0.000000,0
4,positive,41,32,2,0,0.000000,0
4,positive,41,33,2,0,0.000000,0
4,positive,41,34,2,0,0.000000,0
4,positive,41,35,2,0,0.000000,0
4,positive,41,36,0,0,0.000000,0
4,positive,41,37,2,0,0.000000,0
4,positive,41,38,2,0,0.000000,0
4,positive,41,39,2,0,0.000000,0
4,positive,41,40,2,0,0.000000,0
4,positive,41,41,2,0,0.000000,0
4,positive,41,42,2,0,0.000000,0
4,positive,41,43,2,0,0.000000,0
4,positive,41,44,2,0,0.000000,0
4,positive,41,45,2,0,0.000000,0
4,positive,41,46,2,0,0.000000,0
4,positive,41,47,2,0,0.000000,0
4,positive,41,48,2,0,0.000000,0
4,positive,41,49,2,0,0.000000,0
4,positive,42,0,0,0,0.000000,0
4,positive,42,1,2,0,0.000000,0
4,positive,42,2,2,0,0.000000,0
4,positive,42,3,2,0,0.000000,0
4,positive,42,4,2,0,0.000000,0
4,positive,42,5,2,0,0.000000,0
4,positive,42,6,2,0,0.000000,0
4,positive,42,7,2,0,0.000000,0
4,positive,42,8,0,0,0.000000,0
4,positive,42,9,2,0,0.000000,0
4,positive,42,10,2,0,0.000000,0
4,positive,42,11,2,0,0.000000,0
4,positive,42,12,2,0,0.000000,0
4,positive,42,13,2,0,0.000000,0
4,positive,42,14,0,0,0.000000,0
4,positive,42,15,2,0,0.000000,0
4,positive,42,16,0,0,0.000000,0
4,positive,42,17,2,0,0.000000,0
4,positive,42,18,2,0,0.000000,0
4,positive,42,19,2,0,0.000000,0
4,positive,42,20,2,0,0.000000,0
4,positive,42,21,2,0,0.000000,0
4,positive,42,22,2,0,0.000000,0
4,positive,42,23,2,0,0.000000,0
4,positive,42,24,0,0,0.000000,0
4,positive,42,25,2,0,0.000000,0
4,positive,42,26,2,0,0.000000,0
4,positive,42,27,2,0,0.000000,0
4,positive,42,28,2,0,0.000000,0
4,positive,42,29,2,0,0.000000,0
4,positive,42,30,2,0,0.000000,0
4,positive,42,31,2,0,0.000000,0
4,positive,42,32,2,0,0.000000,0
4,positive,42,33,2,0,0.000000,0
4,positive,42,34,2,0,0.000000,0
4,positive,42,35,2,0,0.000000,0
4,positive,42,36,2,0,0.000000,0
4,positive,42,37,2,0,0.000000,0
4,positive,42,38,2,0,0.000000,0
4,positive,42,39,2,0,0.000000,0
4,positive,42,40,2,0,0.000000,0
4,positive,42,41,2,0,0.000000,0
4,positive,42,42,2,0,0.000000,0
4,positive,42,43,2,0,0.000000,0
4,positive,42,44,0,0,0.000000,0
4,positive,42,45,0,0,0.000000,0
4,positive,42,46,2,0,0.000000,0
4,positive,42,47,2,0,0.000000,0
4,positive,42,48,0,0,0.000000,0
4,positive,42,49,2,0,0.000000,0
4,positive,43,0,2,0,0.000000,0
4,positive,43,1,2,0,0.000000,0
4,positive,43,2,2,0,0.000000,0
4,positive,43,3,2,0,0.000000,0
4,positive,43,4,2,0,0.000000,0
4,positive,43,5,0,0,0.000000,0
4,positive,43,6,2,0,0.000000,0
4,positive,43,7,2,0,0.000000,0
4,positive,43,8,2,0,0.000000,0
4,positive,43,9,2,0,0.000000,0
4,positive,43,10,2,0,0.000000,0
4,positive,43,11,0,0,0.000000,0
4,positive,43,12,2,0,0.000000,0
4,positive,43,13,2,0,0.000000,0
4,positive,43,14,2,0,0.000000,0
4,positive,43,15,2,0,0.000000,0
4,positive,43,16,0,0,0.000000,0
4,positive,43,17,2,0,0.000000,0
4,positive,43,18,2,0,0.000000,0
4,positive,43,19,2,0,0.000000,0
4,positive,43,20,2,0,0.000000,0
4,positive,43,21,2,0,0.000000,0
4,positive,43,22,2,0,0.000000,0
4,positive,43,23,2,0,0.000000,0
4,positive,43,24,2,0,0.000000,0
4,positive,43,25,2,0,0.000000,0
4,positive,43,26,2,0,0.000000,0
4,positive,43,27,2,0,0.000000,0
4,positive,43,28,2,0,0.000000,0
4,positive,43,29,2,0,0.000000,0
4,positive,43,30,2,0,0.000000,0
4,positive,43,31,0,0,0.000000,0
4,positive,43,32,2,0,0.000000,0
4,positive,43,33,2,0,0.000000,0
4,positive,43,34,2,0,0.000000,0
4,positive,43,35,2,0,0.000000,0
4,positive,43,36,2,0,0.000000,0
4,positive,43,37,2,0,0.000000,0
4,positive,43,38,2,0,0.000000,0
4,positive,43,39,2,0,0.000000,0
4,positive,43,40,2,0,0.000000,0
4,positive,43,41,2,0,0.000000,0
4,positive,43,42,0,0,0.000000,0
4,positive,43,43,2,0,0.000000,0
4,positive,43,44,2,0,0.000000,0
4,positive,43,45,2,0,0.000000,0
4,positive,43,46,0,0,0.000000,0
4,positive,43,47,2,0,0.000000,0
4,positive,43,48,2,0,0.000000,0
4,positive,43,49,2,0,0.000000,0
4,positive,44,0,0,0,0.000000,0
4,positive,44,1,0,0,0.000000,0
4,positive,44,2,0,0,0.000000,0
4,positive,44,3,2,0,0.000000,0
4,positive,44,4,2,0,0.000000,0
4,positive,44,5,2,0,0.000000,0
4,positive,44,6,0,0,0.000000,0
4,positive,44,7,2,0,0.000000,0
4,positive,44,8,2,0,0.000000,0
4,positive,44,9,2,0,0.000000,0
4,positive,44,10,0,0,0.000000,0
4,positive,44,11,2,0,0.000000,0
4,positive,44,12,2,0,0.000000,0
4,positive,44,13,2,0,0.000000,0
4,positive,44,14,0,0,0.000000,0
4,positive,44,15,2,0,0.000000,0
4,positive,44,16,2,0,0.000000,0
4,positive,44,17,0,0,0.000000,0
4,positive,44,18,0,0,0.000000,0
4,positive,44,19,2,0,0.000000,0
4,positive,44,20,2,0,0.000000,0
4,positive,44,21,2,0,0.000000,0
4,positive,44,22,2,0,0.000000,0
4,positive,44,23,2,0,0.000000,0
4,positive,44,24,2,0,0.000000,0
4,positive,44,25,2,0,0.000000,0
4,positive,44,26,2,0,0.000000,0
4,positive,44,27,2,0,0.000000,0
4,positive,44,28,2,0,0.000000,0
4,positive,44,29,0,0,0.000000,0
4,positive,44,30,2,0,0.000000,0
4,positive,44,31,2,0,0.000000,0
4,positive,44,32,0,0,0.000000,0
4,positive,44,33,0,0,0.000000,0
4,positive,44,34,2,0,0.000000,0
4,positive,44,35,2,0,0.000000,0
4,positive,44,36,2,0,0.000000,0
4,positive,44,37,2,0,0.000000,0
4,positive,44,38,2,0,0.000000,0
4,positive,44,39,2,0,0.000000,0
4,positive,44,40,2,0,0.000000,0
4,positive,44,41,2,0,0.000000,0
4,positive,44,42,0,0,0.000000,0
4,positive,44,43,2,0,0.000000,0
4,positive,44,44,2,0,0.000000,0
4,positive,44,45,2,0,0.000000,0
4,positive,44,46,2,0,0.000000,0
4,positive,44,47,2,0,0.000000,0
4,positive,44,48,2,0,0.000000,0
4,positive,44,49,2,0,0.000000,0
4,positive,45,0,2,0,0.000000,0
4,positive,45,1,2,0,0.000000,0
4,positive,45,2,2,0,0.000000,0
4,positive,45,3,2,0,0.000000,0
4,positive,45,4,2,0,0.000000,0
4,positive,45,5,2,0,0.000000,0
4,positive,45,6,2,0,0.000000,0
4,positive,45,7,2,0,0.000000,0
4,positive,45,8,2,0,0.000000,0
4,positive,45,9,2,0,0.000000,0
4,positive,45,10,2,0,0.000000,0
4,positive,45,11,2,0,0.000000,0
4,positive,45,12,2,0,0.000000,0
4,positive,45,13,0,0,0.000000,0
4,positive,45,14,2,0,0.000000,0
4,positive,45,15,2,0,0.000000,0
4,positive,45,16,2,0,0.000000,0
4,positive,45,17,2,0,0.000000,0
4,positive,45,18,2,0,0.000000,0
4,positive,45,19,2,0,0.000000,0
4,positive,45,20,2,0,0.000000,0
4,positive,45,21,2,0,0.000000,0
4,positive,45,22,2,0,0.000000,0
4,positive,45,23,2,0,0.000000,0
4,positive,45,24,2,0,0.000000,0
4,positive,45,25,2,0,0.000000,0
4,positive,45,26,2,0,0.000000,0
4,positive,45,27,2,0,0.000000,0
4,positive,45,28,2,0,0.000000,0
4,positive,45,29,2,0,0.000000,0
4,positive,45,30,0,0,0.000000,0
4,positive,45,31,0,0,0.000000,0
4,positive,45,32,2,0,0.000000,0
4,positive,45,33,2,0,0.000000,0
4,positive,45,34,2,0,0.000000,0
4,positive,45,35,2,0,0.000000,0
4,positive,45,36,0,0,0.000000,0
4,positive,45,37,2,0,0.000000,0
4,positive,45,38,2,0,0.000000,0
4,positive,45,39,2,0,0.000000,0
4,positive,45,40,2,0,0.000000,0
4,positive,45,41,2,0,0.000000,0
4,positive,45,42,2,0,0.000000,0
4,positive,45,43,2,0,0.000000,0
4,positive,45,44,2,0,0.000000,0
4,positive,45,45,2,0,0.000000,0
4,positive,45,46,2,0,0.000000,0
4,positive,45,47,2,0,0.000000,0
4,positive,45,48,2,0,0.000000,0
4,positive,45,49,2,0,0.000000,0
4,positive,46,0,2,0,0.000000,0
4,positive,46,1,2,0,0.000000,0
4,positive,46,2,2,0,0.000000,0
4,positive,46,3,2,0,0.000000,0
4,positive,46,4,2,0,0.000000,0
4,positive,46,5,2,0,0.000000,0
4,positive,46,6,2,0,0.000000,0
4,positive,46,7,0,0,0.000000,0
4,positive,46,8,2,0,0.000000,0
4,positive,46,9,2,0,0.000000,0
4,positive,46,10,2,0,0.000000,0
4,positive,46,11,2,0,0.000000,0
4,positive,46,12,2,0,0.000000,0
4,positive,46,13,2,0,0.000000,0
4,positive,46,14,2,0,0.000000,0
4,positive,46,15,2,0,0.000000,0
4,positive,46,16,2,0,0.000000,0
4,positive,46,17,2,0,0.000000,0
4,positive,46,18,2,0,0.000000,0
4,positive,46,19,2,0,0.000000,0
4,positive,46,20,2,0,0.000000,0
4,positive,46,21,2,0,0.000000,0
4,positive,46,22,2,0,0.000000,0
4,positive,46,23,2,0,0.000000,0
4,positive,46,24,0,0,0.000000,0
4,positive,46,25,2,0,0.000000,0
4,positive,46,26,2,0,0.000000,0
4,positive,46,27,2,0,0.000000,0
4,positive,46,28,2,0,0.000000,0
4,positive,46,29,2,0,0.000000,0
4,positive,46,30,2,0,0.000000,0
4,positive,46,31,2,0,0.000000,0
4,positive,46,32,2,0,0.000000,0
4,positive,46,33,2,0,0.000000,0
4,positive,46,34,2,0,0.000000,0
4,positive,46,35,2,0,0.000000,0
4,positive,46,36,0,0,0.000000,0
4,positive,46,37,2,0,0.000000,0
4,positive,46,38,2,0,0.000000,0
4,positive,46,39,2,0,0.000000,0
4,positive,46,40,2,0,0.000000,0
4,positive,46,41,2,0,0.000000,0
4,positive,46,42,2,0,0.000000,0
4,positive,46,43,2,0,0.000000,0
4,positive,46,44,2,0,0.000000,0
4,positive,46,45,2,0,0.000000,0
4,positive,46,46,0,0,0.000000,0
4,positive,46,47,2,0,0.000000,0
4,positive,46,48,2,0,0.000000,0
4,positive,46,49,2,0,0.000000,0
4,positive,47,0,2,0,0.000000,0
4,positive,47,1,2,0,0.000000,0
4,positive,47,2,2,0,0.000000,0
4,positive,47,3,2,0,0.000000,0
4,positive,47,4,2,0,0.000000,0
4,positive,47,5,2,0,0.000000,0
4,positive,47,6,2,0,0.000000,0
4,positive,47,7,0,0,0.000000,0
4,positive,47,8,0,0,0.000000,0
4,positive,47,9,2,0,0.000000,0
4,positive,47,10,2,0,0.000000,0
4,positive,47,11,2,0,0.000000,0
4,positive,47,12,2,0,0.000000,0
4,positive,47,13,2,0,0.000000,0
4,positive,47,14,2,0,0.000000,0
4,positive,47,15,2,0,0.000000,0
4,positive,47,16,2,0,0.000000,0
4,positive,47,17,2,0,0.000000,0
4,positive,47,18,2,0,0.000000,0
4,positive,47,19,2,0,0.000000,0
4,positive,47,20,2,0,0.000000,0
4,positive,47,21,2,0,0.000000,0
4,positive,47,22,2,0,0.000000,0
4,positive,47,23,2,0,0.000000,0
4,positive,47,24,2,0,0.000000,0
4,positive,47,25,2,0,0.000000,0
4,positive,47,26,2,0,0.000000,0
4,positive,47,27,2,0,0.000000,0
4,positive,47,28,2,0,0.000000,0
4,positive,47,29,2,0,0.000000,0
4,positive,47,30,2,0,0.000000,0
4,positive,47,31,2,0,0.000000,0
4,positive,47,32,2,0,0.000000,0
4,positive,47,33,2,0,0.000000,0
4,positive,47,34,2,0,0.000000,0
4,positive,47,35,2,0,0.000000,0
4,positive,47,36,2,0,0.000000,0
4,positive,47,37,2,0,0.000000,0
4,positive,47,38,2,0,0.000000,0
4,positive,47,39,2,0,0.000000,0
4,positive,47,40,0,0,0.000000,0
4,positive,47,41,2,0,0.000000,0
4,positive,47,42,2,0,0.000000,0
4,positive,47,43,2,0,0.000000,0
4,positive,47,44,2,0,0.000000,0
4,positive,47,45,2,0,0.000000,0
4,positive,47,46,2,0,0.000000,0
4,positive,47,47,2,0,0.000000,0
4,positive,47,48,2,0,0.000000,0
4,positive,47,49,2,0,0.000000,0
4,positive,48,0,2,0,0.000000,0
4,positive,48,1,2,0,0.000000,0
4,positive,48,2,2,0,0.000000,0
4,positive,48,3,2,0,0.000000,0
4,positive,48,4,2,0,0.000000,0
4,positive,48,5,2,0,0.000000,0
4,positive,48,6,0,0,0.000000,0
4,positive,48,7,2,0,0.000000,0
4,positive,48,8,2,0,0.000000,0
4,positive,48,9,2,0,0.000000,0
4,positive,48,10,2,0,0.000000,0
4,positive,48,11,2,0,0.000000,0
4,positive,48,12,2,0,0.000000,0
4,positive,48,13,2,0,0.000000,0
4,positive,48,14,2,0,0.000000,0
4,positive,48,15,2,0,0.000000,0
4,positive,48,16,2,0,0.000000,0
4,positive,48,17,2,0,0.000000,0
4,positive,48,18,2,0,0.000000,0
4,positive,48,19,2,0,0.000000,0
4,positive,48,20,2,0,0.000000,0
4,positive,48,21,2,0,0.000000,0
4,positive,48,22,2,0,0.000000,0
4,positive,48,23,2,0,0.000000,0
4,positive,48,24,2,0,0.000000,0
4,positive,48,25,2,0,0.000000,0
4,positive,48,26,2,0,0.000000,0
4,positive,48,27,2,0,0.000000,0
4,positive,48,28,2,0,0.000000,0
4,positive,48,29,2,0,0.000000,0
4,positive,48,30,2,0,0.000000,0
4,positive,48,31,2,0,0.000000,0
4,positive,48,32,2,0,0.000000,0
4,positive,48,33,2,0,0.000000,0
4,positive,48,34,0,0,0.000000,0
4,positive,48,35,2,0,0.000000,0
4,positive,48,36,2,0,0.000000,0
4,positive,48,37,2,0,0.000000,0
4,positive,48,38,2,0,0.000000,0
4,positive,48,39,2,0,0.000000,0
4,positive,48,40,0,0,0.000000,0
4,positive,48,41,2,0,0.000000,0
4,positive,48,42,2,0,0.000000,0
4,positive,48,43,2,0,0.000000,0
4,positive,48,44,2,0,0.000000,0
4,positive,48,45,2,0,0.000000,0
4,positive,48,46,2,0,0.000000,0
4,positive,48,47,2,0,0.000000,0
4,positive,48,48,2,0,0.000000,0
4,positive,48,49,2,0,0.000000,0
4,positive,49,0,2,0,0.000000,0
4,positive,49,1,2,0,0.000000,0
4,positive,49,2,2,0,0.000000,0
4,positive,49,3,2,0,0.000000,0
4,positive,49,4,2,0,0.000000,0
4,positive,49,5,2,0,0.000000,0
4,positive,49,6,2,0,0.000000,0
4,positive,49,7,2,0,0.000000,0
4,positive,49,8,2,0,0.000000,0
4,positive,49,9,2,0,0.000000,0
4,positive,49,10,2,0,0.000000,0
4,positive,49,11,2,0,0.000000,0
4,positive,49,12,2,0,0.000000,0
4,positive,49,13,2,0,0.000000,0
4,positive,49,14,2,0,0.000000,0
4,positive,49,15,2,0,0.000000,0
4,positive,49,16,2,0,0.000000,0
4,positive,49,17,0,0,0.000000,0
4,positive,49,18,2,0,0.000000,0
4,positive,49,19,2,0,0.000000,0
4,positive,49,20,2,0,0.000000,0
4,positive,49,21,2,0,0.000000,0
4,positive,49,22,2,0,0.000000,0
4,positive,49,23,2,0,0.000000,0
4,positive,49,24,0,0,0.000000,0
4,positive,49,25,2,0,0.000000,0
4,positive,49,26,2,0,0.000000,0
4,positive,49,27,2,0,0.000000,0
4,positive,49,28,2,0,0.000000,0
4,positive,49,29,2,0,0.000000,0
4,positive,49,30,2,0,0.000000,0
4,positive,49,31,0,0,0.000000,0
4,positive,49,32,2,0,0.000000,0
4,positive,49,33,2,0,0.000000,0
4,positive,49,34,2,0,0.000000,0
4,positive,49,35,0,0,0.000000,0
4,positive,49,36,2,0,0.000000,0
4,positive,49,37,0,0,0.000000,0
4,positive,49,38,2,0,0.000000,0
4,positive,49,39,0,0,0.000000,0
4,positive,49,40,2,0,0.000000,0
4,positive,49,41,0,0,0.000000,0
4,positive,49,42,2,0,0.000000,0
4,positive,49,43,2,0,0.000000,0
4,positive,49,44,2,0,0.000000,0
4,positive,49,45,2,0,0.000000,0
4,positive,49,46,0,0,0.000000,0
4,positive,49,47,2,0,0.000000,0
4,positive,49,48,2,0,0.000000,0
4,positive,49,49,2,0,0.000000,0
5,positive,0,0,0,0,0.000000,0
5,positive,0,1,2,0,0.000000,0
5,positive,0,2,2,0,0.000000,0
5,positive,0,3,0,0,0.000000,0
5,positive,0,4,2,0,0.000000,0
5,positive,0,5,2,0,0.000000,0
5,positive,0,6,2,0,0.000000,0
5,positive,0,7,2,0,0.000000,0
5,positive,0,8,0,0,0.000000,0
5,positive,0,9,2,0,0.000000,0
5,positive,0,10,2,0,0.000000,0
5,positive,0,11,2,0,0.000000,0
5,positive,0,12,2,0,0.000000,0
5,positive,0,13,2,0,0.000000,0
5,positive,0,14,2,0,0.000000,0
5,positive,0,15,2,0,0.000000,0
5,positive,0,16,2,0,0.000000,0
5,positive,0,17,2,0,0.000000,0
5,positive,0,18,2,0,0.000000,0
5,positive,0,19,0,0,0.000000,0
5,positive,0,20,0,0,0.000000,0
5,positive,0,21,2,0,0.000000,0
5,positive,0,22,2,0,0.000000,0
5,positive,0,23,2,0,0.000000,0
5,positive,0,24,2,0,0.000000,0
5,positive,0,25,2,0,0.000000,0
5,positive,0,26,2,0,0.000000,0
5,positive,0,27,2,0,0.000000,0
5,positive,0,28,2,0,0.000000,0
5,positive,0,29,2,0,0.000000,0
5,positive,0,30,2,0,0.000000,0
5,positive,0,31,2,0,0.000000,0
5,positive,0,32,2,0,0.000000,0
5,positive,0,33,2,0,0.000000,0
5,positive,0,34,2,0,0.000000,0
5,positive,0,35,2,0,0.000000,0
5,positive,0,36,2,0,0.000000,0
5,positive,0,37,2,0,0.000000,0
5,positive,0,38,2,0,0.000000,0
5,positive,0,39,2,0,0.000000,0
5,positive,0,40,2,0,0.000000,0
5,positive,0,41,2,0,0.000000,0
5,positive,0,42,2,0,0.000000,0
5,positive,0,43,2,0,0.000000,0
5,positive,0,44,0,0,0.000000,0
5,positive,0,45,2,0,0.000000,0
5,positive,0,46,2,0,0.000000,0
5,positive,0,47,0,0,0.000000,0
5,positive,0,48,2,0,0.000000,0
5,positive,0,49,2,0,0.000000,0
5,positive,1,0,2,0,0.000000,0
5,positive,1,1,2,0,0.000000,0
5,positive,1,2,0,0,0.000000,0
5,positive,1,3,2,0,0.000000,0
5,positive,1,4,2,0,0.000000,0
5,positive,1,5,0,0,0.000000,0
5,positive,1,6,2,0,0.000000,0
5,positive,1,7,2,0,0.000000,0
5,positive,1,8,2,0,0.000000,0
5,positive,1,9,0,0,0.000000,0
5,positive,1,10,2,0,0.000000,0
5,positive,1,11,0,0,0.000000,0
5,positive,1,12,2,0,0.000000,0
5,positive,1,13,2,0,0.000000,0
5,positive,1,14,0,0,0.000000,0
5,positive,1,15,2,0,0.000000,0
5,positive,1,16,2,0,0.000000,0
5,positive,1,17,2,0,0.000000,0
5,positive,1,18,2,0,0.000000,0
5,positive,1,19,2,0,0.000000,0
5,positive,1,20,2,0,0.000000,0
5,positive,1,21,2,0,0.000000,0
5,positive,1,22,2,0,0.000000,0
5,positive,1,23,2,0,0.000000,0
5,positive,1,24,2,0,0.000000,0
5,positive,1,25,2,0,0.000000,0
5,positive,1,26,2,0,0.000000,0
5,positive,1,27,2,0,0.000000,0
5,positive,1,28,2,0,0.000000,0
5,positive,1,29,2,0,0.000000,0
5,positive,1,30,2,0,0.000000,0
5,positive,1,31,0,0,0.000000,0
5,positive,1,32,0,0,0.000000,0
5,positive,1,33,2,0,0.000000,0
5,positive,1,34,2,0,0.000000,0
5,positive,1,35,0,0,0.000000,0
5,positive,1,36,2,0,0.000000,0
5,positive,1,37,2,0,0.000000,0
5,positive,1,38,2,0,0.000000,0
5,positive,1,39,0,0,0.000000,0
5,positive,1,40,2,0,0.000000,0
5,positive,1,41,2,0,0.000000,0
5,positive,1,42,0,0,0.000000,0
5,positive,1,43,2,0,0.000000,0
5,positive,1,44,2,0,0.000000,0
5,positive,1,45,2,0,0.000000,0
5,positive,1,46,2,0,0.000000,0
5,positive,1,47,2,0,0.000000,0
5,positive,1,48,2,0,0.000000,0
5,positive,1,49,2,0,0.000000,0
5,positive,2,0,2,0,0.000000,0
5,positive,2,1,2,0,0.000000,0
5,positive,2,2,2,0,0.000000,0
5,positive,2,3,2,0,0.000000,0
5,positive,2,4,2,0,0.000000,0
5,positive,2,5,2,0,0.000000,0
5,positive,2,6,2,0,0.000000,0
5,positive,2,7,0,0,0.000000,0
5,positive,2,8,2,0,0.000000,0
5,positive,2,9,2,0,0.000000,0
5,positive,2,10,2,0,0.000000,0
5,positive,2,11,2,0,0.000000,0
5,positive,2,12,0,0,0.000000,0
5,positive,2,13,2,0,0.000000,0
5,positive,2,14,0,0,0.000000,0
5,positive,2,15,2,0,0.000000,0
5,positive,2,16,2,0,0.000000,0
5,positive,2,17,2,0,0.000000,0
5,positive,2,18,2,0,0.000000,0
5,positive,2,19,2,0,0.000000,0
5,positive,2,20,0,0,0.000000,0
5,positive,2,21,2,0,0.000000,0
5,positive,2,22,0,0,0.000000,0
5,positive,2,23,2,0,0.000000,0
5,positive,2,24,2,0,0.000000,0
5,positive,2,25,2,0,0.000000,0
5,positive,2,26,0,0,0.000000,0
5,positive,2,27,0,0,0.000000,0
5,positive,2,28,2,0,0.000000,0
5,positive,2,29,2,0,0.000000,0
5,positive,2,30,2,0,0.000000,0
5,positive,2,31,2,0,0.000000,0
5,positive,2,32,0,0,0.000000,0
5,positive,2,33,2,0,0.000000,0
5,positive,2,34,0,0,0.000000,0
5,positive,2,35,2,0,0.000000,0
5,positive,2,36,2,0,0.000000,0
5,positive,2,37,0,0,0.000000,0
5,positive,2,38,2,0,0.000000,0
5,positive,2,39,2,0,0.000000,0
5,positive,2,40,2,0,0.000000,0
5,positive,2,41,0,0,0.000000,0
5,positive,2,42,0,0,0.000000,0
5,positive,2,43,2,0,0.000000,0
5,positive,2,44,2,0,0.000000,0
5,positive,2,45,2,0,0.000000,0
5,positive,2,46,2,0,0.000000,0
5,positive,2,47,2,0,0.000000,0
5,positive,2,48,2,0,0.000000,0
5,positive,2,49,2,0,0.000000,0
5,positive,3,0,2,0,0.000000,0
5,positive,3,1,2,0,0.000000,0
5,positive,3,2,2,0,0.000000,0
5,positive,3,3,0,0,0.000000,0
5,positive,3,4,0,0,0.000000,0
5,positive,3,5,2,0,0.000000,0
5,positive,3,6,2,0,0.000000,0
5,positive,3,7,2,0,0.000000,0
5,positive,3,8,2,0,0.000000,0
5,positive,3,9,2,0,0.000000,0
5,positive,3,10,2,0,0.000000,0
5,positive,3,11,2,0,0.000000,0
5,positive,3,12,2,0,0.000000,0
5,positive,3,13,2,0,0.000000,0
5,positive,3,14,2,0,0.000000,0
5,positive,3,15,0,0,0.000000,0
5,positive,3,16,2,0,0.000000,0
5,positive,3,17,2,0,0.000000,0
5,positive,3,18,2,0,0.000000,0
5,positive,3,19,0,0,0.000000,0
5,positive,3,20,2,0,0.000000,0
5,positive,3,21,2,0,0.000000,0
5,positive,3,22,2,0,0.000000,0
5,positive,3,23,0,0,0.000000,0
5,positive,3,24,0,0,0.000000,0
5,positive,3,25,0,0,0.000000,0
5,positive,3,26,2,0,0.000000,0
5,positive,3,27,0,0,0.000000,0
5,positive,3,28,2,0,0.000000,0
5,positive,3,29,2,0,0.000000,0
5,positive,3,30,2,0,0.000000,0
5,positive,3,31,2,0,0.000000,0
5,positive,3,32,0,0,0.000000,0
5,positive,3,33,0,0,0.000000,0
5,positive,3,34,2,0,0.000000,0
5,positive,3,35,2,0,0.000000,0
5,positive,3,36,2,0,0.000000,0
5,positive,3,37,2,0,0.000000,0
5,positive,3,38,0,0,0.000000,0
5,positive,3,39,0,0,0.000000,0
5,positive,3,40,2,0,0.000000,0
5,positive,3,41,2,0,0.000000,0
5,positive,3,42,2,0,0.000000,0
5,positive,3,43,2,0,0.000000,0
5,positive,3,44,2,0,0.000000,0
5,positive,3,45,2,0,0.000000,0
5,positive,3,46,2,0,0.000000,0
5,positive,3,47,2,0,0.000000,0
5,positive,3,48,2,0,0.000000,0
5,positive,3,49,2,0,0.000000,0
5,positive,4,0,2,0,0.000000,0
5,positive,4,1,2,0,0.000000,0
5,positive,4,2,2,0,0.000000,0
5,positive,4,3,2,0,0.000000,0
5,positive,4,4,2,0,0.000000,0
5,positive,4,5,2,0,0.000000,0
5,positive,4,6,2,0,0.000000,0
5,positive,4,7,2,0,0.000000,0
5,positive,4,8,2,0,0.000000,0
5,positive,4,9,2,0,0.000000,0
5,positive,4,10,2,0,0.000000,0
5,positive,4,11,0,0,0.000000,0
5,positive,4,12,2,0,0.000000,0
5,positive,4,13,0,0,0.000000,0
5,positive,4,14,2,0,0.000000,0
5,positive,4,15,0,0,0.000000,0
5,positive,4,16,2,0,0.000000,0
5,positive,4,17,0,0,0.000000,0
5,positive,4,18,2,0,0.000000,0
5,positive,4,19,2,0,0.000000,0
5,positive,4,20,2,0,0.000000,0
5,positive,4,21,0,0,0.000000,0
5,positive,4,22,2,0,0.000000,0
5,positive,4,23,2,0,0.000000,0
5,positive,4,24,2,0,0.000000,0
5,positive,4,25,2,0,0.000000,0
5,positive,4,26,0,0,0.000000,0
5,positive,4,27,2,0,0.000000,0
5,positive,4,28,2,0,0.000000,0
5,positive,4,29,2,0,0.000000,0
5,positive,4,30,2,0,0.000000,0
5,positive,4,31,2,0,0.000000,0
5,positive,4,32,2,0,0.000000,0
5,positive,4,33,2,0,0.000000,0
5,positive,4,34,2,0,0.000000,0
5,positive,4,35,2,0,0.000000,0
5,positive,4,36,2,0,0.000000,0
5,positive,4,37,2,0,0.000000,0
5,positive,4,38,2,0,0.000000,0
5,positive,4,39,2,0,0.000000,0
5,positive,4,40,2,0,0.000000,0
5,positive,4,41,2,0,0.000000,0
5,positive,4,42,2,0,0.000000,0
5,positive,4,43,2,0,0.000000,0
5,positive,4,44,2,0,0.000000,0
5,positive,4,45,2,0,0.000000,0
5,positive,4,46,0,0,0.000000,0
5,positive,4,47,2,0,0.000000,0
5,positive,4,48,2,0,0.000000,0
5,positive,4,49,2,0,0.000000,0
5,positive,5,0,2,0,0.000000,0
5,positive,5,1,2,0,0.000000,0
5,positive,5,2,2,0,0.000000,0
5,positive,5,3,2,0,0.000000,0
5,positive,5,4,2,0,0.000000,0
5,positive,5,5,2,0,0.000000,0
5,positive,5,6,0,0,0.000000,0
5,positive,5,7,2,0,0.000000,0
5,positive,5,8,2,0,0.000000,0
5,positive,5,9,0,0,0.000000,0
5,positive,5,10,2,0,0.000000,0
5,positive,5,11,2,0,0.000000,0
5,positive,5,12,2,0,0.000000,0
5,positive,5,13,2,0,0.000000,0
5,positive,5,14,2,0,0.000000,0
5,positive,5,15,2,0,0.000000,0
5,positive,5,16,2,0,0.000000,0
5,positive,5,17,0,0,0.000000,0
5,positive,5,18,2,0,0.000000,0
5,positive,5,19,2,0,0.000000,0
5,positive,5,20,0,0,0.000000,0
5,positive,5,21,2,0,0.000000,0
5,positive,5,22,2,0,0.000000,0
5,positive,5,23,0,0,0.000000,0
5,positive,5,24,2,0,0.000000,0
5,positive,5,25,0,0,0.000000,0
5,positive,5,26,2,0,0.000000,0
5,positive,5,27,2,0,0.000000,0
5,positive,5,28,2,0,0.000000,0
5,positive,5,29,2,0,0.000000,0
5,positive,5,30,0,0,0.000000,0
5,positive,5,31,2,0,0.000000,0
5,positive,5,32,0,0,0.000000,0
5,positive,5,33,2,0,0.000000,0
5,positive,5,34,0,0,0.000000,0
5,positive,5,35,0,0,0.000000,0
5,positive,5,36,2,0,0.000000,0
5,positive,5,37,2,0,0.000000,0
5,positive,5,38,2,0,0.000000,0
5,positive,5,39,0,0,0.000000,0
5,positive,5,40,2,0,0.000000,0
5,positive,5,41,2,0,0.000000,0
5,positive,5,42,2,0,0.000000,0
5,positive,5,43,2,0,0.000000,0
5,positive,5,44,2,0,0.000000,0
5,positive,5,45,2,0,0.000000,0
5,positive,5,46,2,0,0.000000,0
5,positive,5,47,2,0,0.000000,0
5,positive,5,48,2,0,0.000000,0
5,positive,5,49,2,0,0.000000,0
5,positive,6,0,2,0,0.000000,0
5,positive,6,1,2,0,0.000000,0
5,positive,6,2,0,0,0.000000,0
5,positive,6,3,2,0,0.000000,0
5,positive,6,4,2,0,0.000000,0
5,positive,6,5,2,0,0.000000,0
5,positive,6,6,2,0,0.000000,0
5,positive,6,7,0,0,0.000000,0
5,positive,6,8,2,0,0.000000,0
5,positive,6,9,0,0,0.000000,0
5,positive,6,10,2,0,0.000000,0
5,positive,6,11,2,0,0.000000,0
5,positive,6,12,0,0,0.000000,0
5,positive,6,13,2,0,0.000000,0
5,positive,6,14,2,0,0.000000,0
5,positive,6,15,2,0,0.000000,0
5,positive,6,16,2,0,0.000000,0
5,positive,6,17,2,0,0.000000,0
5,positive,6,18,2,0,0.000000,0
5,positive,6,19,2,0,0.000000,0
5,positive,6,20,2,0,0.000000,0
5,positive,6,21,2,0,0.000000,0
5,positive,6,22,2,0,0.000000,0
5,positive,6,23,2,0,0.000000,0
5,positive,6,24,0,0,0.000000,0
5,positive,6,25,2,0,0.000000,0
5,positive,6,26,2,0,0.000000,0
5,positive,6,27,2,0,0.000000,0
5,positive,6,28,2,0,0.000000,0
5,positive,6,29,2,0,0.000000,0
5,positive,6,30,2,0,0.000000,0
5,positive,6,31,2,0,0.000000,0
5,positive,6,32,2,0,0.000000,0
5,positive,6,33,2,0,0.000000,0
5,positive,6,34,2,0,0.000000,0
5,positive,6,35,2,0,0.000000,0
5,positive,6,36,2,0,0.000000,0
5,positive,6,37,2,0,0.000000,0
5,positive,6,38,2,0,0.000000,0
5,positive,6,39,2,0,0.000000,0
5,positive,6,40,2,0,0.000000,0
5,positive,6,41,2,0,0.000000,0
5,positive,6,42,2,0,0.000000,0
5,positive,6,43,2,0,0.000000,0
5,positive,6,44,2,0,0.000000,0
5,positive,6,45,2,0,0.000000,0
5,positive,6,46,2,0,0.000000,0
5,positive,6,47,2,0,0.000000,0
5,positive,6,48,2,0,0.000000,0
5,positive,6,49,2,0,0.000000,0
5,positive,7,0,2,0,0.000000,0
5,positive,7,1,2,0,0.000000,0
5,positive,7,2,2,0,0.000000,0
5,positive,7,3,0,0,0.000000,0
5,positive,7,4,2,0,0.000000,0
5,positive,7,5,2,0,0.000000,0
5,positive,7,6,2,0,0.000000,0
5,positive,7,7,2,0,0.000000,0
5,positive,7,8,0,0,0.000000,0
5,positive,7,9,2,0,0.000000,0
5,positive,7,10,2,0,0.000000,0
5,positive,7,11,2,0,0.000000,0
5,positive,7,12,2,0,0.000000,0
5,positive,7,13,2,0,0.000000,0
5,positive,7,14,2,0,0.000000,0
5,positive,7,15,2,0,0.000000,0
5,positive,7,16,2,0,0.000000,0
5,positive,7,17,0,0,0.000000,0
5,positive,7,18,2,0,0.000000,0
5,positive,7,19,2,0,0.000000,0
5,positive,7,20,2,0,0.000000,0
5,positive,7,21,2,0,0.000000,0
5,positive,7,22,2,0,0.000000,0
5,positive,7,23,2,0,0.000000,0
5,positive,7,24,0,0,0.000000,0
5,positive,7,25,2,0,0.000000,0
5,positive,7,26,2,0,0.000000,0
5,positive,7,27,0,0,0.000000,0
5,positive,7,28,2,0,0.000000,0
5,positive,7,29,2,0,0.000000,0
5,positive,7,30,2,0,0.000000,0
5,positive,7,31,0,0,0.000000,0
5,positive,7,32,2,0,0.000000,0
5,positive,7,33,2,0,0.000000,0
5,positive,7,34,2,0,0.000000,0
5,positive,7,35,2,0,0.000000,0
5,positive,7,36,2,0,0.000000,0
5,positive,7,37,0,0,0.000000,0
5,positive,7,38,2,0,0.000000,0
5,positive,7,39,2,0,0.000000,0
5,positive,7,40,2,0,0.000000,0
5,positive,7,41,2,0,0.000000,0
5,positive,7,42,2,0,0.000000,0
5,positive,7,43,2,0,0.000000,0
5,positive,7,44,2,0,0.000000,0
5,positive,7,45,2,0,0.000000,0
5,positive,7,46,2,0,0.000000,0
5,positive,7,47,2,0,0.000000,0
5,positive,7,48,2,0,0.000000,0
5,positive,7,49,2,0,0.000000,0
5,positive,8,0,2,0,0.000000,0
5,positive,8,1,2,0,0.000000,0
5,positive,8,2,2,0,0.000000,0
5,positive,8,3,2,0,0.000000,0
5,positive,8,4,2,0,0.000000,0
5,positive,8,5,2,0,0.000000,0
5,positive,8,6,2,0,0.000000,0
5,positive,8,7,2,0,0.000000,0
5,positive,8,8,2,0,0.000000,0
5,positive,8,9,2,0,0.000000,0
5,positive,8,10,0,0,0.000000,0
5,positive,8,11,2,0,0.000000,0
5,positive,8,12,2,0,0.000000,0
5,positive,8,13,2,0,0.000000,0
5,positive,8,14,2,0,0.000000,0
5,positive,8,15,2,0,0.000000,0
5,positive,8,16,2,0,0.000000,0
5,positive,8,17,2,0,0.000000,0
5,positive,8,18,2,0,0.000000,0
5,positive,8,19,2,0,0.000000,0
5,positive,8,20,2,0,0.000000,0
5,positive,8,21,2,0,0.000000,0
5,positive,8,22,2,0,0.000000,0
5,positive,8,23,2,0,0.000000,0
5,positive,8,24,2,0,0.000000,0
5,positive,8,25,2,0,0.000000,0
5,positive,8,26,2,0,0.000000,0
5,positive,8,27,2,0,0.000000,0
5,positive,8,28,2,0,0.000000,0
5,positive,8,29,2,0,0.000000,0
5,positive,8,30,2,0,0.000000,0
5,positive,8,31,2,0,0.000000,0
5,positive,8,32,2,0,0.000000,0
5,positive,8,33,2,0,0.000000,0
5,positive,8,34,2,0,0.000000,0
5,positive,8,35,2,0,0.000000,0
5,positive,8,36,2,0,0.000000,0
5,positive,8,37,2,0,0.000000,0
5,positive,8,38,2,0,0.000000,0
5,positive,8,39,0,0,0.000000,0
5,positive,8,40,2,0,0.000000,0
5,positive,8,41,2,0,0.000000,0
5,positive,8,42,2,0,0.000000,0
5,positive,8,43,2,0,0.000000,0
5,positive,8,44,2,0,0.000000,0
5,positive,8,45,2,0,0.000000,0
5,positive,8,46,2,0,0.000000,0
5,positive,8,47,2,0,0.000000,0
5,positive,8,48,2,0,0.000000,0
5,positive,8,49,2,0,0.000000,0
5,positive,9,0,2,0,0.000000,0
5,positive,9,1,2,0,0.000000,0
5,positive,9,2,2,0,0.000000,0
5,positive,9,3,2,0,0.000000,0
5,positive,9,4,2,0,0.000000,0
5,positive,9,5,2,0,0.000000,0
5,positive,9,6,2,0,0.000000,0
5,positive,9,7,0,0,0.000000,0
5,positive,9,8,0,0,0.000000,0
5,positive,9,9,2,0,0.000000,0
5,positive,9,10,2,0,0.000000,0
5,positive,9,11,2,0,0.000000,0
5,positive,9,12,2,0,0.000000,0
5,positive,9,13,2,0,0.000000,0
5,positive,9,14,0,0,0.000000,0
5,positive,9,15,2,0,0.000000,0
5,positive,9,16,2,0,0.000000,0
5,positive,9,17,2,0,0.000000,0
5,positive,9,18,2,0,0.000000,0
5,positive,9,19,2,0,0.000000,0
5,positive,9,20,2,0,0.000000,0
5,positive,9,21,2,0,0.000000,0
5,positive,9,22,2,0,0.000000,0
5,positive,9,23,2,0,0.000000,0
5,positive,9,24,2,0,0.000000,0
5,positive,9,25,2,0,0.000000,0
5,positive,9,26,2,0,0.000000,0
5,positive,9,27,2,0,0.000000,0
5,positive,9,28,0,0,0.000000,0
5,positive,9,29,2,0,0.000000,0
5,positive,9,30,2,0,0.000000,0
5,positive,9,31,2,0,0.000000,0
5,positive,9,32,2,0,0.000000,0
5,positive,9,33,2,0,0.000000,0
5,positive,9,34,2,0,0.000000,0
5,positive,9,35,2,0,0.000000,0
5,positive,9,36,2,0,0.000000,0
5,positive,9,37,2,0,0.000000,0
5,positive,9,38,2,0,0.000000,0
5,positive,9,39,2,0,0.000000,0
5,positive,9,40,2,0,0.000000,0
5,positive,9,41,2,0,0.000000,0
5,positive,9,42,2,0,0.000000,0
5,positive,9,43,2,0,0.000000,0
5,positive,9,44,2,0,0.000000,0
5,positive,9,45,2,0,0.000000,0
5,positive,9,46,2,0,0.000000,0
5,positive,9,47,2,0,0.000000,0
5,positive,9,48,2,0,0.000000,0
5,positive,9,49,2,0,0.000000,0
5,positive,10,0,0,0,0.000000,0
5,positive,10,1,2,0,0.000000,0
5,positive,10,2,2,0,0.000000,0
5,positive,10,3,2,0,0.000000,0
5,positive,10,4,2,0,0.000000,0
5,positive,10,5,2,0,0.000000,0
5,positive,10,6,2,0,0.000000,0
5,positive,10,7,2,0,0.000000,0
5,positive,10,8,2,0,0.000000,0
5,positive,10,9,2,0,0.000000,0
5,positive,10,10,2,0,0.000000,0
5,positive,10,11,2,0,0.000000,0
5,positive,10,12,2,0,0.000000,0
5,positive,10,13,2,0,0.000000,0
5,positive,10,14,2,0,0.000000,0
5,positive,10,15,2,0,0.000000,0
5,positive,10,16,2,0,0.000000,0
5,positive,10,17,2,0,0.000000,0
5,positive,10,18,2,0,0.000000,0
5,positive,10,19,2,0,0.000000,0
5,positive,10,20,2,0,0.000000,0
5,positive,10,21,2,0,0.000000,0
5,positive,10,22,2,0,0.000000,0
5,positive,10,23,2,0,0.000000,0
5,positive,10,24,2,0,0.000000,0
5,positive,10,25,2,0,0.000000,0
5,positive,10,26,2,0,0.000000,0
5,positive,10,27,0,0,0.000000,0
5,positive,10,28,0,0,0.000000,0
5,positive,10,29,2,0,0.000000,0
5,positive,10,30,2,0,0.000000,0
5,positive,10,31,2,0,0.000000,0
5,positive,10,32,2,0,0.000000,0
5,positive,10,33,2,0,0.000000,0
5,positive,10,34,2,0,0.000000,0
5,positive,10,35,2,0,0.000000,0
5,positive,10,36,2,0,0.000000,0
5,positive,10,37,2,0,0.000000,0
5,positive,10,38,2,0,0.000000,0
5,positive,10,39,2,0,0.000000,0
5,positive,10,40,0,0,0.000000,0
5,positive,10,41,2,0,0.000000,0
5,positive,10,42,2,0,0.000000,0
5,positive,10,43,2,0,0.000000,0
5,positive,10,44,0,0,0.000000,0
5,positive,10,45,2,0,0.000000,0
5,positive,10,46,2,0,0.000000,0
5,positive,10,47,2,0,0.000000,0
5,positive,10,48,2,0,0.000000,0
5,positive,10,49,2,0,0.000000,0
5,positive,11,0,2,0,0.000000,0
5,positive,11,1,2,0,0.000000,0
5,positive,11,2,2,0,0.000000,0
5,positive,11,3,2,0,0.000000,0
5,positive,11,4,2,0,0.000000,0
5,positive,11,5,2,0,0.000000,0
5,positive,11,6,2,0,0.000000,0
5,positive,11,7,2,0,0.000000,0
5,positive,11,8,0,0,0.000000,0
5,positive,11,9,2,0,0.000000,0
5,positive,11,10,2,0,0.000000,0
5,positive,11,11,2,0,0.000000,0
5,positive,11,12,2,0,0.000000,0
5,positive,11,13,2,0,0.000000,0
5,positive,11,14,2,0,0.000000,0
5,positive,11,15,2,0,0.000000,0
5,positive,11,16,0,0,0.000000,0
5,positive,11,17,0,0,0.000000,0
5,positive,11,18,2,0,0.000000,0
5,positive,11,19,2,0,0.000000,0
5,positive,11,20,2,0,0.000000,0
5,positive,11,21,2,0,0.000000,0
5,positive,11,22,2,0,0.000000,0
5,positive,11,23,2,0,0.000000,0
5,positive,11,24,2,0,0.000000,0
5,positive,11,25,2,0,0.000000,0
5,positive,11,26,2,0,0.000000,0
5,positive,11,27,2,0,0.000000,0
5,positive,11,28,2,0,0.000000,0
5,positive,11,29,0,0,0.000000,0
5,positive,11,30,2,0,0.000000,0
5,positive,11,31,2,0,0.000000,0
5,positive,11,32,2,0,0.000000,0
5,positive,11,33,2,0,0.000000,0
5,positive,11,34,2,0,0.000000,0
5,positive,11,35,2,0,0.000000,0
5,positive,11,36,0,0,0.000000,0
5,positive,11,37,2,0,0.000000,0
5,positive,11,38,2,0,0.000000,0
5,positive,11,39,2,0,0.000000,0
5,positive,11,40,2,0,0.000000,0
5,positive,11,41,2,0,0.000000,0
5,positive,11,42,0,0,0.000000,0
5,positive,11,43,2,0,0.000000,0
5,positive,11,44,2,0,0.000000,0
5,positive,11,45,2,0,0.000000,0
5,positive,11,46,2,0,0.000000,0
5,positive,11,47,2,0,0.000000,0
5,positive,11,48,2,0,0.000000,0
5,positive,11,49,0,0,0.000000,0
5,positive,12,0,0,0,0.000000,0
5,positive,12,1,2,0,0.000000,0
5,positive,12,2,2,0,0.000000,0
5,positive,12,3,2,0,0.000000,0
5,positive,12,4,2,0,0.000000,0
5,positive,12,5,2,0,0.000000,0
5,positive,12,6,2,0,0.000000,0
5,positive,12,7,2,0,0.000000,0
5,positive,12,8,2,0,0.000000,0
5,positive,12,9,2,0,0.000000,0
5,positive,12,10,2,0,0.000000,0
5,positive,12,11,0,0,0.000000,0
5,positive,12,12,2,0,0.000000,0
5,positive,12,13,2,0,0.000000,0
5,positive,12,14,2,0,0.000000,0
5,positive,12,15,2,0,0.000000,0
5,positive,12,16,2,0,0.000000,0
5,positive,12,17,2,0,0.000000,0
5,positive,12,18,2,0,0.000000,0
5,positive,12,19,2,0,0.000000,0
5,positive,12,20,2,0,0.000000,0
5,positive,12,21,2,0,0.000000,0
5,positive,12,22,2,0,0.000000,0
5,positive,12,23,2,0,0.000000,0
5,positive,12,24,2,0,0.000000,0
5,positive,12,25,2,0,0.000000,0
5,positive,12,26,2,0,0.000000,0
5,positive,12,27,2,0,0.000000,0
5,positive,12,28,0,0,0.000000,0
5,positive,12,29,2,0,0.000000,0
5,positive,12,30,2,0,0.000000,0
5,positive,12,31,0,0,0.000000,0
5,positive,12,32,2,0,0.000000,0
5,positive,12,33,2,0,0.000000,0
5,positive,12,34,2,0,0.000000,0
5,positive,12,35,2,0,0.000000,0
5,positive,12,36,2,0,0.000000,0
5,positive,12,37,2,0,0.000000,0
5,positive,12,38,2,0,0.000000,0
5,positive,12,39,2,0,0.000000,0
5,positive,12,40,2,0,0.000000,0
5,positive,12,41,2,0,0.000000,0
5,positive,12,42,2,0,0.000000,0
5,positive,12,43,2,0,0.000000,0
5,positive,12,44,2,0,0.000000,0
5,positive,12,45,2,0,0.000000,0
5,positive,12,46,2,0,0.000000,0
5,positive,12,47,2,0,0.000000,0
5,positive,12,48,2,0,0.000000,0
5,positive,12,49,2,0,0.000000,0
5,positive,13,0,2,0,0.000000,0
5,positive,13,1,2,0,0.000000,0
5,positive,13,2,2,0,0.000000,0
5,positive,13,3,2,0,0.000000,0
5,positive,13,4,2,0,0.000000,0
5,positive,13,5,2,0,0.000000,0
5,positive,13,6,0,0,0.000000,0
5,positive,13,7,2,0,0.000000,0
5,positive,13,8,2,0,0.000000,0
5,positive,13,9,2,0,0.000000,0
5,positive,13,10,2,0,0.000000,0
5,positive,13,11,2,0,0.000000,0
5,positive,13,12,2,0,0.000000,0
5,positive,13,13,2,0,0.000000,0
5,positive,13,14,2,0,0.000000,0
5,positive,13,15,2,0,0.000000,0
5,positive,13,16,2,0,0.000000,0
5,positive,13,17,2,0,0.000000,0
5,positive,13,18,2,0,0.000000,0
5,positive,13,19,2,0,0.000000,0
5,positive,13,20,2,0,0.000000,0
5,positive,13,21,2,0,0.000000,0
5,positive,13,22,2,0,0.000000,0
5,positive,13,23,2,0,0.000000,0
5,positive,13,24,2,0,0.000000,0
5,positive,13,25,0,0,0.000000,0
5,positive,13,26,2,0,0.000000,0
5,positive,13,27,2,0,0.000000,0
5,positive,13,28,2,0,0.000000,0
5,positive,13,29,2,0,0.000000,0
5,positive,13,30,2,0,0.000000,0
5,positive,13,31,2,0,0.000000,0
5,positive,13,32,2,0,0.000000,0
5,positive,13,33,2,0,0.000000,0
5,positive,13,34,2,0,0.000000,0
5,positive,13,35,2,0,0.000000,0
5,positive,13,36,2,0,0.000000,0
5,positive,13,37,2,0,0.000000,0
5,positive,13,38,0,0,0.000000,0
5,positive,13,39,2,0,0.000000,0
5,positive,13,40,2,0,0.000000,0
5,positive,13,41,2,0,0.000000,0
5,positive,13,42,2,0,0.000000,0
5,positive,13,43,0,0,0.000000,0
5,positive,13,44,2,0,0.000000,0
5,positive,13,45,2,0,0.000000,0
5,positive,13,46,2,0,0.000000,0
5,positive,13,47,2,0,0.000000,0
5,positive,13,48,2,0,0.000000,0
5,positive,13,49,2,0,0.000000,0
5,positive,14,0,2,0,0.000000,0
5,positive,14,1,2,0,0.000000,0
5,positive,14,2,2,0,0.000000,0
5,positive,14,3,2,0,0.000000,0
5,positive,14,4,2,0,0.000000,0
5,positive,14,5,2,0,0.000000,0
5,positive,14,6,2,0,0.000000,0
5,positive,14,7,2,0,0.000000,0
5,positive,14,8,0,0,0.000000,0
5,positive,14,9,2,0,0.000000,0
5,positive,14,10,2,0,0.000000,0
5,positive,14,11,0,0,0.000000,0
5,positive,14,12,2,0,0.000000,0
5,positive,14,13,2,0,0.000000,0
5,positive,14,14,2,0,0.000000,0
5,positive,14,15,2,0,0.000000,0
5,positive,14,16,2,0,0.000000,0
5,positive,14,17,2,0,0.000000,0
5,positive,14,18,2,0,0.000000,0
5,positive,14,19,2,0,0.000000,0
5,positive,14,20,2,0,0.000000,0
5,positive,14,21,0,0,0.000000,0
5,positive,14,22,0,0,0.000000,0
5,positive,14,23,2,0,0.000000,0
5,positive,14,24,2,0,0.000000,0
5,positive,14,25,0,0,0.000000,0
5,positive,14,26,2,0,0.000000,0
5,positive,14,27,2,0,0.000000,0
5,positive,14,28,2,0,0.000000,0
5,positive,14,29,2,0,0.000000,0
5,positive,14,30,2,0,0.000000,0
5,positive,14,31,2,0,0.000000,0
5,positive,14,32,2,0,0.000000,0
5,positive,14,33,2,0,0.000000,0
5,positive,14,34,2,0,0.000000,0
5,positive,14,35,2,0,0.000000,0
5,positive,14,36,0,0,0.000000,0
5,positive,14,37,2,0,0.000000,0
5,positive,14,38,0,0,0.000000,0
5,positive,14,39,0,0,0.000000,0
5,positive,14,40,2,0,0.000000,0
5,positive,14,41,2,0,0.000000,0
5,positive,14,42,0,0,0.000000,0
5,positive,14,43,2,0,0.000000,0
5,positive,14,44,2,0,0.000000,0
5,positive,14,45,2,0,0.000000,0
5,positive,14,46,2,0,0.000000,0
5,positive,14,47,2,0,0.000000,0
5,positive,14,48,2,0,0.000000,0
5,positive,14,49,2,0,0.000000,0
5,positive,15,0,2,0,0.000000,0
5,positive,15,1,2,0,0.000000,0
5,positive,15,2,2,0,0.000000,0
5,positive,15,3,2,0,0.000000,0
5,positive,15,4,2,0,0.000000,0
5,positive,15,5,2,0,0.000000,0
5,positive,15,6,2,0,0.000000,0
5,positive,15,7,2,0,0.000000,0
5,positive,15,8,2,0,0.000000,0
5,positive,15,9,0,0,0.000000,0
5,positive,15,10,2,0,0.000000,0
5,positive,15,11,2,0,0.000000,0
5,positive,15,12,2,0,0.000000,0
5,positive,15,13,2,0,0.000000,0
5,positive,15,14,2,0,0.000000,0
5,positive,15,15,2,0,0.000000,0
5,positive,15,16,2,0,0.000000,0
5,positive,15,17,2,0,0.000000,0
5,positive,15,18,0,0,0.000000,0
5,positive,15,19,0,0,0.000000,0
5,positive,15,20,2,0,0.000000,0
5,positive,15,21,2,0,0.000000,0
5,positive,15,22,2,0,0.000000,0
5,positive,15,23,0,0,0.000000,0
5,positive,15,24,2,0,0.000000,0
5,positive,15,25,2,0,0.000000,0
5,positive,15,26,2,0,0.000000,0
5,positive,15,27,2,0,0.000000,0
5,positive,15,28,2,0,0.000000,0
5,positive,15,29,2,0,0.000000,0
5,positive,15,30,2,0,0.000000,0
5,positive,15,31,2,0,0.000000,0
5,positive,15,32,2,0,0.000000,0
5,positive,15,33,2,0,0.000000,0
5,positive,15,34,2,0,0.000000,0
5,positive,15,35,2,0,0.000000,0
5,positive,15,36,2,0,0.000000,0
5,positive,15,37,2,0,0.000000,0
5,positive,15,38,0,0,0.000000,0
5,positive,15,39,2,0,0.000000,0
5,positive,15,40,2,0,0.000000,0
5,positive,15,41,2,0,0.000000,0
5,positive,15,42,2,0,0.000000,0
5,positive,15,43,2,0,0.000000,0
5,positive,15,44,2,0,0.000000,0
5,positive,15,45,2,0,0.000000,0
5,positive,15,46,2,0,0.000000,0
5,positive,15,47,2,0,0.000000,0
5,positive,15,48,2,0,0.000000,0
5,positive,15,49,2,0,0.000000,0
5,positive,16,0,2,0,0.000000,0
5,positive,16,1,2,0,0.000000,0
5,positive,16,2,2,0,0.000000,0
5,positive,16,3,2,0,0.000000,0
5,positive,16,4,2,0,0.000000,0
5,positive,16,5,2,0,0.000000,0
5,positive,16,6,2,0,0.000000,0
5,positive,16,7,2,0,0.000000,0
5,positive,16,8,2,0,0.000000,0
5,positive,16,9,2,0,0.000000,0
5,positive,16,10,2,0,0.000000,0
5,positive,16,11,0,0,0.000000,0
5,positive,16,12,2,0,0.000000,0
5,positive,16,13,2,0,0.000000,0
5,positive,16,14,2,0,0.000000,0
5,positive,16,15,2,0,0.000000,0
5,positive,16,16,2,0,0.000000,0
5,positive,16,17,2,0,0.000000,0
5,positive,16,18,2,0,0.000000,0
5,positive,16,19,2,0,0.000000,0
5,positive,16,20,0,0,0.000000,0
5,positive,16,21,0,0,0.000000,0
5,positive,16,22,0,0,0.000000,0
5,positive,16,23,0,0,0.000000,0
5,positive,16,24,2,0,0.000000,0
5,positive,16,25,2,0,0.000000,0
5,positive,16,26,2,0,0.000000,0
5,positive,16,27,2,0,0.000000,0
5,positive,16,28,0,0,0.000000,0
5,positive,16,29,2,0,0.000000,0
5,positive,16,30,2,0,0.000000,0
5,positive,16,31,2,0,0.000000,0
5,positive,16,32,2,0,0.000000,0
5,positive,16,33,2,0,0.000000,0
5,positive,16,34,0,0,0.000000,0
5,positive,16,35,2,0,0.000000,0
5,positive,16,36,2,0,0.000000,0
5,positive,16,37,2,0,0.000000,0
5,positive,16,38,2,0,0.000000,0
5,positive,16,39,2,0,0.000000,0
5,positive,16,40,2,0,0.000000,0
5,positive,16,41,0,0,0.000000,0
5,positive,16,42,2,0,0.000000,0
5,positive,16,43,2,0,0.000000,0
5,positive,16,44,2,0,0.000000,0
5,positive,16,45,2,0,0.000000,0
5,positive,16,46,2,0,0.000000,0
5,positive,16,47,2,0,0.000000,0
5,positive,16,48,2,0,0.000000,0
5,positive,16,49,2,0,0.000000,0
5,positive,17,0,2,0,0.000000,0
5,positive,17,1,2,0,0.000000,0
5,positive,17,2,2,0,0.000000,0
5,positive,17,3,2,0,0.000000,0
5,positive,17,4,2,0,0.000000,0
5,positive,17,5,2,0,0.000000,0
5,positive,17,6,2,0,0.000000,0
5,positive,17,7,2,0,0.000000,0
5,positive,17,8,2,0,0.000000,0
5,positive,17,9,2,0,0.000000,0
5,positive,17,10,0,0,0.000000,0
5,positive,17,11,2,0,0.000000,0
5,positive,17,12,2,0,0.000000,0
5,positive,17,13,2,0,0.000000,0
5,positive,17,14,2,0,0.000000,0
5,positive,17,15,2,0,0.000000,0
5,positive,17,16,2,0,0.000000,0
5,positive,17,17,2,0,0.000000,0
5,positive,17,18,2,0,0.000000,0
5,positive,17,19,2,0,0.000000,0
5,positive,17,20,2,0,0.000000,0
5,positive,17,21,2,0,0.000000,0
5,positive,17,22,2,0,0.000000,0
5,positive,17,23,2,0,0.000000,0
5,positive,17,24,2,0,0.000000,0
5,positive,17,25,0,0,0.000000,0
5,positive,17,26,2,0,0.000000,0
5,positive,17,27,2,0,0.000000,0
5,positive,17,28,2,0,0.000000,0
5,positive,17,29,2,0,0.000000,0
5,positive,17,30,2,0,0.000000,0
5,positive,17,31,0,0,0.000000,0
5,positive,17,32,2,0,0.000000,0
5,positive,17,33,2,0,0.000000,0
5,positive,17,34,2,0,0.000000,0
5,positive,17,35,2,0,0.000000,0
5,positive,17,36,2,0,0.000000,0
5,positive,17,37,0,0,0.000000,0
5,positive,17,38,2,0,0.000000,0
5,positive,17,39,0,0,0.000000,0
5,positive,17,40,2,0,0.000000,0
5,positive,17,41,2,0,0.000000,0
5,positive,17,42,2,0,0.000000,0
5,positive,17,43,2,0,0.000000,0
5,positive,17,44,2,0,0.000000,0
5,positive,17,45,2,0,0.000000,0
5,positive,17,46,2,0,0.000000,0
5,positive,17,47,2,0,0.000000,0
5,positive,17,48,0,0,0.000000,0
5,positive,17,49,2,0,0.000000,0
5,positive,18,0,2,0,0.000000,0
5,positive,18,1,0,0,0.000000,0
5,positive,18,2,2,0,0.000000,0
5,positive,18,3,0,0,0.000000,0
5,positive,18,4,2,0,0.000000,0
5,positive,18,5,2,0,0.000000,0
5,positive,18,6,2,0,0.000000,0
5,positive,18,7,2,0,0.000000,0
5,positive,18,8,2,0,0.000000,0
5,positive,18,9,0,0,0.000000,0
5,positive,18,10,2,0,0.000000,0
5,positive,18,11,0,0,0.000000,0
5,positive,18,12,2,0,0.000000,0
5,positive,18,13,2,0,0.000000,0
5,positive,18,14,2,0,0.000000,0
5,positive,18,15,2,0,0.000000,0
5,positive,18,16,2,0,0.000000,0
5,positive,18,17,2,0,0.000000,0
5,positive,18,18,2,0,0.000000,0
5,positive,18,19,0,0,0.000000,0
5,positive,18,20,2,0,0.000000,0
5,positive,18,21,2,0,0.000000,0
5,positive,18,22,2,0,0.000000,0
5,positive,18,23,0,0,0.000000,0
5,positive,18,24,2,0,0.000000,0
5,positive,18,25,2,0,0.000000,0
5,positive,18,26,2,0,0.000000,0
5,positive,18,27,2,0,0.000000,0
5,positive,18,28,2,0,0.000000,0
5,positive,18,29,2,0,0.000000,0
5,positive,18,30,2,0,0.000000,0
5,positive,18,31,2,0,0.000000,0
5,positive,18,32,2,0,0.000000,0
5,positive,18,33,2,0,0.000000,0
5,positive,18,34,2,0,0.000000,0
5,positive,18,35,2,0,0.000000,0
5,positive,18,36,2,0,0.000000,0
5,positive,18,37,2,0,0.000000,0
5,positive,18,38,2,0,0.000000,0
5,positive,18,39,2,0,0.000000,0
5,positive,18,40,2,0,0.000000,0
5,positive,18,41,2,0,0.000000,0
5,positive,18,42,2,0,0.000000,0
5,positive,18,43,2,0,0.000000,0
5,positive,18,44,2,0,0.000000,0
5,positive,18,45,2,0,0.000000,0
5,positive,18,46,2,0,0.000000,0
5,positive,18,47,2,0,0.000000,0
5,positive,18,48,0,0,0.000000,0
5,positive,18,49,2,0,0.000000,0
5,positive,19,0,2,0,0.000000,0
5,positive,19,1,2,0,0.000000,0
5,positive,19,2,0,0,0.000000,0
5,positive,19,3,0,0,0.000000,0
5,positive,19,4,2,0,0.000000,0
5,positive,19,5,2,0,0.000000,0
5,positive,19,6,2,0,0.000000,0
5,positive,19,7,2,0,0.000000,0
5,positive,19,8,2,0,0.000000,0
5,positive,19,9,2,0,0.000000,0
5,positive,19,10,2,0,0.000000,0
5,positive,19,11,2,0,0.000000,0
5,positive,19,12,0,0,0.000000,0
5,positive,19,13,2,0,0.000000,0
5,positive,19,14,2,0,0.000000,0
5,positive,19,15,2,0,0.000000,0
5,positive,19,16,2,0,0.000000,0
5,positive,19,17,2,0,0.000000,0
5,positive,19,18,2,0,0.000000,0
5,positive,19,19,2,0,0.000000,0
5,positive,19,20,2,0,0.000000,0
5,positive,19,21,2,0,0.000000,0
5,positive,19,22,2,0,0.000000,0
5,positive,19,23,2,0,0.000000,0
5,positive,19,24,2,0,0.000000,0
5,positive,19,25,2,0,0.000000,0
5,positive,19,26,0,0,0.000000,0
5,positive,19,27,2,0,0.000000,0
5,positive,19,28,2,0,0.000000,0
5,positive,19,29,2,0,0.000000,0
5,positive,19,30,2,0,0.000000,0
5,positive,19,31,0,0,0.000000,0
5,positive,19,32,2,0,0.000000,0
5,positive,19,33,2,0,0.000000,0
5,positive,19,34,0,0,0.000000,0
5,positive,19,35,2,0,0.000000,0
5,positive,19,36,2,0,0.000000,0
5,positive,19,37,2,0,0.000000,0
5,positive,19,38,2,0,0.000000,0
5,positive,19,39,0,0,0.000000,0
5,positive,19,40,2,0,0.000000,0
5,positive,19,41,0,0,0.000000,0
5,positive,19,42,0,0,0.000000,0
5,positive,19,43,2,0,0.000000,0
5,positive,19,44,2,0,0.000000,0
5,positive,19,45,2,0,0.000000,0
5,positive,19,46,0,0,0.000000,0
5,positive,19,47,2,0,0.000000,0
5,positive,19,48,2,0,0.000000,0
5,positive,19,49,2,0,0.000000,0
5,positive,20,0,2,0,0.000000,0
5,positive,20,1,2,0,0.000000,0
5,positive,20,2,2,0,0.000000,0
5,positive,20,3,0,0,0.000000,0
5,positive,20,4,2,0,0.000000,0
5,positive,20,5,0,0,0.000000,0
5,positive,20,6,0,0,0.000000,0
5,positive,20,7,2,0,0.000000,0
5,positive,20,8,2,0,0.000000,0
5,positive,20,9,2,0,0.000000,0
5,positive,20,10,2,0,0.000000,0
5,positive,20,11,2,0,0.000000,0
5,positive,20,12,0,0,0.000000,0
5,positive,20,13,2,0,0.000000,0
5,positive,20,14,2,0,0.000000,0
5,positive,20,15,2,0,0.000000,0
5,positive,20,16,2,0,0.000000,0
5,positive,20,17,0,0,0.000000,0
5,positive,20,18,2,0,0.000000,0
5,positive,20,19,2,0,0.000000,0
5,positive,20,20,2,0,0.000000,0
5,positive,20,21,2,0,0.000000,0
5,positive,20,22,2,0,0.000000,0
5,positive,20,23,2,0,0.000000,0
5,positive,20,24,2,0,0.000000,0
5,positive,20,25,2,0,0.000000,0
5,positive,20,26,2,0,0.000000,0
5,positive,20,27,2,0,0.000000,0
5,positive,20,28,2,0,0.000000,0
5,positive,20,29,0,0,0.000000,0
5,positive,20,30,2,0,0.000000,0
5,positive,20,31,2,0,0.000000,0
5,positive,20,32,2,0,0.000000,0
5,positive,20,33,0,0,0.000000,0
5,positive,20,34,2,0,0.000000,0
5,positive,20,35,2,0,0.000000,0
5,positive,20,36,2,0,0.000000,0
5,positive,20,37,2,0,0.000000,0
5,positive,20,38,0,0,0.000000,0
5,positive,20,39,2,0,0.000000,0
5,positive,20,40,2,0,0.000000,0
5,positive,20,41,2,0,0.000000,0
5,positive,20,42,2,0,0.000000,0
5,positive,20,43,2,0,0.000000,0
5,positive,20,44,2,0,0.000000,0
5,positive,20,45,2,0,0.000000,0
5,positive,20,46,2,0,0.000000,0
5,positive,20,47,2,0,0.000000,0
5,positive,20,48,0,0,0.000000,0
5,positive,20,49,0,0,0.000000,0
5,positive,21,0,2,0,0.000000,0
5,positive,21,1,2,0,0.000000,0
5,positive,21,2,2,0,0.000000,0
5,positive,21,3,2,0,0.000000,0
5,positive,21,4,2,0,0.000000,0
5,positive,21,5,2,0,0.000000,0
5,positive,21,6,2,0,0.000000,0
5,positive,21,7,0,0,0.000000,0
5,positive,21,8,2,0,0.000000,0
5,positive,21,9,0,0,0.000000,0
5,positive,21,10,2,0,0.000000,0
5,positive,21,11,2,0,0.000000,0
5,positive,21,12,0,0,0.000000,0
5,positive,21,13,2,0,0.000000,0
5,positive,21,14,2,0,0.000000,0
5,positive,21,15,2,0,0.000000,0
5,positive,21,16,2,0,0.000000,0
5,positive,21,17,2,0,0.000000,0
5,positive,21,18,2,0,0.000000,0
5,positive,21,19,2,0,0.000000,0
5,positive,21,20,2,0,0.000000,0
5,positive,21,21,2,0,0.000000,0
5,positive,21,22,2,0,0.000000,0
5,positive,21,23,2,0,0.000000,0
5,positive,21,24,2,0,0.000000,0
5,positive,21,25,2,0,0.000000,0
5,positive,21,26,2,0,0.000000,0
5,positive,21,27,0,0,0.000000,0
5,positive,21,28,2,0,0.000000,0
5,positive,21,29,2,0,0.000000,0
5,positive,21,30,2,0,0.000000,0
5,positive,21,31,2,0,0.000000,0
5,positive,21,32,2,0,0.000000,0
5,positive,21,33,2,0,0.000000,0
5,positive,21,34,2,0,0.000000,0
5,positive,21,35,0,0,0.000000,0
5,positive,21,36,2,0,0.000000,0
5,positive,21,37,2,0,0.000000,0
5,positive,21,38,2,0,0.000000,0
5,positive,21,39,0,0,0.000000,0
5,positive,21,40,2,0,0.000000,0
5,positive,21,41,2,0,0.000000,0
5,positive,21,42,2,0,0.000000,0
5,positive,21,43,0,0,0.000000,0
5,positive,21,44,0,0,0.000000,0
5,positive,21,45,2,0,0.000000,0
5,positive,21,46,2,0,0.000000,0
5,positive,21,47,0,0,0.000000,0
5,positive,21,48,2,0,0.000000,0
5,positive,21,49,0,0,0.000000,0
5,positive,22,0,2,0,0.000000,0
5,positive,22,1,2,0,0.000000,0
5,positive,22,2,2,0,0.000000,0
5,positive,22,3,2,0,0.000000,0
5,positive,22,4,2,0,0.000000,0
5,positive,22,5,2,0,0.000000,0
5,positive,22,6,2,0,0.000000,0
5,positive,22,7,2,0,0.000000,0
5,positive,22,8,0,0,0.000000,0
5,positive,22,9,0,0,0.000000,0
5,positive,22,10,2,0,0.000000,0
5,positive,22,11,2,0,0.000000,0
5,positive,22,12,2,0,0.000000,0
5,positive,22,13,2,0,0.000000,0
5,positive,22,14,2,0,0.000000,0
5,positive,22,15,2,0,0.000000,0
5,positive,22,16,2,0,0.000000,0
5,positive,22,17,2,0,0.000000,0
5,positive,22,18,2,0,0.000000,0
5,positive,22,19,0,0,0.000000,0
5,positive,22,20,2,0,0.000000,0
5,positive,22,21,2,0,0.000000,0
5,positive,22,22,0,0,0.000000,0
5,positive,22,23,0,0,0.000000,0
5,positive,22,24,2,0,0.000000,0
5,positive,22,25,2,0,0.000000,0
5,positive,22,26,2,1,1.000000,1
5,positive,22,27,2,0,0.000000,0
5,positive,22,28,0,0,0.000000,0
5,positive,22,29,2,0,0.000000,0
5,positive,22,30,2,0,0.000000,0
5,positive,22,31,2,0,0.000000,0
5,positive,22,32,2,0,0.000000,0
5,positive,22,33,2,0,0.000000,0
5,positive,22,34,2,0,0.000000,0
5,positive,22,35,2,0,0.000000,0
5,positive,22,36,2,0,0.000000,0
5,positive,22,37,2,0,0.000000,0
5,positive,22,38,2,0,0.000000,0
5,positive,22,39,2,0,0.000000,0
5,positive,22,40,2,0,0.000000,0
5,positive,22,41,2,0,0.000000,0
5,positive,22,42,2,0,0.000000,0
5,positive,22,43,2,0,0.000000,0
5,positive,22,44,2,0,0.000000,0
5,positive,22,45,2,0,0.000000,0
5,positive,22,46,2,0,0.000000,0
5,positive,22,47,2,0,0.000000,0
5,positive,22,48,2,0,0.000000,0
5,positive,22,49,2,0,0.000000,0
5,positive,23,0,2,0,0.000000,0
5,positive,23,1,2,0,0.000000,0
5,positive,23,2,2,0,0.000000,0
5,positive,23,3,2,0,0.000000,0
5,positive,23,4,2,0,0.000000,0
5,positive,23,5,2,0,0.000000,0
5,positive,23,6,0,0,0.000000,0
5,positive,23,7,2,0,0.000000,0
5,positive,23,8,2,0,0.000000,0
5,positive,23,9,2,0,0.000000,0
5,positive,23,10,2,0,0.000000,0
5,positive,23,11,2,0,0.000000,0
5,positive,23,12,2,0,0.000000,0
5,positive,23,13,0,0,0.000000,0
5,positive,23,14,2,0,0.000000,0
5,positive,23,15,2,0,0.000000,0
5,positive,23,16,2,0,0.000000,0
5,positive,23,17,2,0,0.000000,0
5,positive,23,18,2,0,0.000000,0
5,positive,23,19,2,0,0.000000,0
5,positive,23,20,2,0,0.000000,0
5,positive,23,21,2,0,0.000000,0
5,positive,23,22,2,0,0.000000,0
5,positive,23,23,2,0,0.000000,0
5,positive,23,24,2,0,0.000000,0
5,positive,23,25,2,0,0.000000,0
5,positive,23,26,2,1,1.000000,1
5,positive,23,27,2,0,0.000000,0
5,positive,23,28,0,0,0.000000,0
5,positive,23,29,2,0,0.000000,0
5,positive,23,30,2,0,0.000000,0
5,positive,23,31,2,0,0.000000,0
5,positive,23,32,2,0,0.000000,0
5,positive,23,33,2,0,0.000000,0
5,positive,23,34,2,0,0.000000,0
5,positive,23,35,2,0,0.000000,0
5,positive,23,36,0,0,0.000000,0
5,positive,23,37,2,0,0.000000,0
5,positive,23,38,0,0,0.000000,0
5,positive,23,39,0,0,0.000000,0
5,positive,23,40,0,0,0.000000,0
5,positive,23,41,2,0,0.000000,0
5,positive,23,42,2,0,0.000000,0
5,positive,23,43,2,0,0.000000,0
5,positive,23,44,2,0,0.000000,0
5,positive,23,45,2,0,0.000000,0
5,positive,23,46,2,0,0.000000,0
5,positive,23,47,2,0,0.000000,0
5,positive,23,48,2,0,0.000000,0
5,positive,23,49,2,0,0.000000,0
5,positive,24,0,0,0,0.000000,0
5,positive,24,1,2,0,0.000000,0
5,positive,24,2,2,0,0.000000,0
5,positive,24,3,2,0,0.000000,0
5,positive,24,4,2,0,0.000000,0
5,positive,24,5,2,0,0.000000,0
5,positive,24,6,2,0,0.000000,0
5,positive,24,7,0,0,0.000000,0
5,positive,24,8,2,0,0.000000,0
5,positive,24,9,0,0,0.000000,0
5,positive,24,10,2,0,0.000000,0
5,positive,24,11,2,0,0.000000,0
5,positive,24,12,2,0,0.000000,0
5,positive,24,13,2,0,0.000000,0
5,positive,24,14,2,0,0.000000,0
5,positive,24,15,0,0,0.000000,0
5,positive,24,16,2,0,0.000000,0
5,positive,24,17,2,0,0.000000,0
5,positive,24,18,2,0,0.000000,0
5,positive,24,19,2,0,0.000000,0
5,positive,24,20,2,0,0.000000,0
5,positive,24,21,2,0,0.000000,0
5,positive,24,22,2,0,0.000000,0
5,positive,24,23,2,0,0.000000,0
5,positive,24,24,2,0,0.000000,0
5,positive,24,25,2,0,0.000000,0
5,positive,24,26,2,1,1.000000,1
5,positive,24,27,2,0,0.000000,0
5,positive,24,28,2,0,0.000000,0
5,positive,24,29,2,0,0.000000,0
5,positive,24,30,2,0,0.000000,0
5,positive,24,31,2,0,0.000000,0
5,positive,24,32,2,0,0.000000,0
5,positive,24,33,2,0,0.000000,0
5,positive,24,34,2,0,0.000000,0
5,positive,24,35,2,0,0.000000,0
5,positive,24,36,2,0,0.000000,0
5,positive,24,37,2,0,0.000000,0
5,positive,24,38,0,0,0.000000,0
5,positive,24,39,2,0,0.000000,0
5,positive,24,40,2,0,0.000000,0
5,positive,24,41,0,0,0.000000,0
5,positive,24,42,2,0,0.000000,0
5,positive,24,43,2,0,0.000000,0
5,positive,24,44,2,0,0.000000,0
5,positive,24,45,2,0,0.000000,0
5,positive,24,46,2,0,0.000000,0
5,positive,24,47,0,0,0.000000,0
5,positive,24,48,2,0,0.000000,0
5,positive,24,49,2,0,0.000000,0
5,positive,25,0,2,0,0.000000,0
5,positive,25,1,2,0,0.000000,0
5,positive,25,2,2,0,0.000000,0
5,positive,25,3,2,0,0.000000,0
5,positive,25,4,2,0,0.000000,0
5,positive,25,5,0,0,0.000000,0
5,positive,25,6,2,0,0.000000,0
5,positive,25,7,2,0,0.000000,0
5,positive,25,8,2,0,0.000000,0
5,positive,25,9,2,0,0.000000,0
5,positive,25,10,0,0,0.000000,0
5,positive,25,11,2,0,0.000000,0
5,positive,25,12,2,0,0.000000,0
5,positive,25,13,2,0,0.000000,0
5,positive,25,14,2,0,0.000000,0
5,positive,25,15,2,0,0.000000,0
5,positive,25,16,2,0,0.000000,0
5,positive,25,17,2,0,0.000000,0
5,positive,25,18,2,0,0.000000,0
5,positive,25,19,2,0,0.000000,0
5,positive,25,20,2,0,0.000000,0
5,positive,25,21,2,0,0.000000,0
5,positive,25,22,2,0,0.000000,0
5,positive,25,23,0,0,0.000000,0
5,positive,25,24,2,0,0.000000,0
5,positive,25,25,2,0,0.000000,0
5,positive,25,26,2,1,1.000000,1
5,positive,25,27,2,0,0.000000,0
5,positive,25,28,2,0,0.000000,0
5,positive,25,29,2,0,0.000000,0
5,positive,25,30,2,0,0.000000,0
5,positive,25,31,2,0,0.000000,0
5,positive,25,32,2,0,0.000000,0
5,positive,25,33,2,0,0.000000,0
5,positive,25,34,2,0,0.000000,0
5,positive,25,35,2,0,0.000000,0
5,positive,25,36,2,0,0.000000,0
5,positive,25,37,0,0,0.000000,0
5,positive,25,38,2,0,0.000000,0
5,positive,25,39,2,0,0.000000,0
5,positive,25,40,2,0,0.000000,0
5,positive,25,41,0,0,0.000000,0
5,positive,25,42,2,0,0.000000,0
5,positive,25,43,2,0,0.000000,0
5,positive,25,44,2,0,0.000000,0
5,positive,25,45,2,0,0.000000,0
5,positive,25,46,2,0,0.000000,0
5,positive,25,47,2,0,0.000000,0
5,positive,25,48,2,0,0.000000,0
5,positive,25,49,2,0,0.000000,0
5,positive,26,0,2,0,0.000000,0
5,positive,26,1,2,0,0.000000,0
5,positive,26,2,2,0,0.000000,0
5,positive,26,3,2,0,0.000000,0
5,positive,26,4,2,0,0.000000,0
5,positive,26,5,2,0,0.000000,0
5,positive,26,6,2,0,0.000000,0
5,positive,26,7,2,0,0.000000,0
5,positive,26,8,2,0,0.000000,0
5,positive,26,9,0,0,0.000000,0
5,positive,26,10,2,0,0.000000,0
5,positive,26,11,2,0,0.000000,0
5,positive,26,12,2,0,0.000000,0
5,positive,26,13,2,0,0.000000,0
5,positive,26,14,2,0,0.000000,0
5,positive,26,15,2,0,0.000000,0
5,positive,26,16,2,0,0.000000,0
5,positive,26,17,2,0,0.000000,0
5,positive,26,18,2,0,0.000000,0
5,positive,26,19,2,0,0.000000,0
5,positive,26,20,2,0,0.000000,0
5,positive,26,21,2,0,0.000000,0
5,positive,26,22,2,0,0.000000,0
5,positive,26,23,2,0,0.000000,0
5,positive,26,24,2,0,0.000000,0
5,positive,26,25,2,0,0.000000,0
5,positive,26,26,2,1,1.000000,1
5,positive,26,27,2,0,0.000000,0
5,positive,26,28,2,0,0.000000,0
5,positive,26,29,2,0,0.000000,0
5,positive,26,30,0,0,0.000000,0
5,positive,26,31,2,0,0.000000,0
5,positive,26,32,2,0,0.000000,0
5,positive,26,33,2,0,0.000000,0
5,positive,26,34,2,0,0.000000,0
5,positive,26,35,2,0,0.000000,0
5,positive,26,36,0,0,0.000000,0
5,positive,26,37,2,0,0.000000,0
5,positive,26,38,2,0,0.000000,0
5,positive,26,39,0,0,0.000000,0
5,positive,26,40,2,0,0.000000,0
5,positive,26,41,0,0,0.000000,0
5,positive,26,42,2,0,0.000000,0
5,positive,26,43,2,0,0.000000,0
5,positive,26,44,2,0,0.000000,0
5,positive,26,45,2,0,0.000000,0
5,positive,26,46,2,0,0.000000,0
5,positive,26,47,2,0,0.000000,0
5,positive,26,48,2,0,0.000000,0
5,positive,26,49,2,0,0.000000,0
5,positive,27,0,2,0,0.000000,0
5,positive,27,1,2,0,0.000000,0
5,positive,27,2,0,0,0.000000,0
5,positive,27,3,2,0,0.000000,0
5,positive,27,4,2,0,0.000000,0
5,positive,27,5,0,0,0.000000,0
5,positive,27,6,2,0,0.000000,0
5,positive,27,7,2,0,0.000000,0
5,positive,27,8,2,0,0.000000,0
5,positive,27,9,2,0,0.000000,0
5,positive,27,10,2,0,0.000000,0
5,positive,27,11,2,0,0.000000,0
5,positive,27,12,2,0,0.000000,0
5,positive,27,13,0,0,0.000000,0
5,positive,27,14,0,0,0.000000,0
5,positive,27,15,2,0,0.000000,0
5,positive,27,16,2,0,0.000000,0
5,positive,27,17,2,0,0.000000,0
5,positive,27,18,2,0,0.000000,0
5,positive,27,19,2,0,0.000000,0
5,positive,27,20,2,0,0.000000,0
5,positive,27,21,2,0,0.000000,0
5,positive,27,22,2,0,0.000000,0
5,positive,27,23,2,0,0.000000,0
5,positive,27,24,2,0,0.000000,0
5,positive,27,25,2,0,0.000000,0
5,positive,27,26,2,1,1.000000,1
5,positive,27,27,2,0,0.000000,0
5,positive,27,28,2,0,0.000000,0
5,positive,27,29,2,0,0.000000,0
5,positive,27,30,2,0,0.000000,0
5,positive,27,31,2,0,0.000000,0
5,positive,27,32,2,0,0.000000,0
5,positive,27,33,2,0,0.000000,0
5,positive,27,34,2,0,0.000000,0
5,positive,27,35,2,0,0.000000,0
5,positive,27,36,2,0,0.000000,0
5,positive,27,37,2,0,0.000000,0
5,positive,27,38,2,0,0.000000,0
5,positive,27,39,2,0,0.000000,0
5,positive,27,40,0,0,0.000000,0
5,positive,27,41,2,0,0.000000,0
5,positive,27,42,2,0,0.000000,0
5,positive,27,43,2,0,0.000000,0
5,positive,27,44,0,0,0.000000,0
5,positive,27,45,2,0,0.000000,0
5,positive,27,46,2,0,0.000000,0
5,positive,27,47,0,0,0.000000,0
5,positive,27,48,2,0,0.000000,0
5,positive,27,49,2,0,0.000000,0
5,positive,28,0,2,0,0.000000,0
5,positive,28,1,0,0,0.000000,0
5,positive,28,2,2,0,0.000000,0
5,positive,28,3,2,0,0.000000,0
5,positive,28,4,2,0,0.000000,0
5,positive,28,5,2,0,0.000000,0
5,positive,28,6,2,0,0.000000,0
5,positive,28,7,2,0,0.000000,0
5,positive,28,8,2,0,0.000000,0
5,positive,28,9,2,0,0.000000,0
5,positive,28,10,0,0,0.000000,0
5,positive,28,11,0,0,0.000000,0
5,positive,28,12,2,0,0.000000,0
5,positive,28,13,2,0,0.000000,0
5,positive,28,14,2,0,0.000000,0
5,positive,28,15,2,0,0.000000,0
5,positive,28,16,2,0,0.000000,0
5,positive,28,17,2,0,0.000000,0
5,positive,28,18,2,0,0.000000,0
5,positive,28,19,2,0,0.000000,0
5,positive,28,20,2,0,0.000000,0
5,positive,28,21,2,0,0.000000,0
5,positive,28,22,2,0,0.000000,0
5,positive,28,23,0,0,0.000000,0
5,positive,28,24,2,0,0.000000,0
5,positive,28,25,2,0,0.000000,0
5,positive,28,26,2,0,0.000000,0
5,positive,28,27,2,0,0.000000,0
5,positive,28,28,0,0,0.000000,0
5,positive,28,29,2,0,0.000000,0
5,positive,28,30,2,0,0.000000,0
5,positive,28,31,2,0,0.000000,0
5,positive,28,32,0,0,0.000000,0
5,positive,28,33,2,0,0.000000,0
5,positive,28,34,2,0,0.000000,0
5,positive,28,35,0,0,0.000000,0
5,positive,28,36,2,0,0.000000,0
5,positive,28,37,2,0,0.000000,0
5,positive,28,38,2,0,0.000000,0
5,positive,28,39,0,0,0.000000,0
5,positive,28,40,0,0,0.000000,0
5,positive,28,41,2,0,0.000000,0
5,positive,28,42,2,0,0.000000,0
5,positive,28,43,2,0,0.000000,0
5,positive,28,44,2,0,0.000000,0
5,positive,28,45,2,0,0.000000,0
5,positive,28,46,2,0,0.000000,0
5,positive,28,47,2,0,0.000000,0
5,positive,28,48,2,0,0.000000,0
5,positive,28,49,2,0,0.000000,0
5,positive,29,0,2,0,0.000000,0
5,positive,29,1,2,0,0.000000,0
5,positive,29,2,2,0,0.000000,0
5,positive,29,3,2,0,0.000000,0
5,positive,29,4,2,0,0.000000,0
5,positive,29,5,2,0,0.000000,0
5,positive,29,6,2,0,0.000000,0
5,positive,29,7,2,0,0.000000,0
5,positive,29,8,2,0,0.000000,0
5,positive,29,9,2,0,0.000000,0
5,positive,29,10,2,0,0.000000,0
5,positive,29,11,2,0,0.000000,0
5,positive,29,12,2,0,0.000000,0
5,positive,29,13,0,0,0.000000,0
5,positive,29,14,2,0,0.000000,0
5,positive,29,15,0,0,0.000000,0
5,positive,29,16,2,0,0.000000,0
5,positive,29,17,2,0,0.000000,0
5,positive,29,18,2,0,0.000000,0
5,positive,29,19,0,0,0.000000,0
5,positive,29,20,2,0,0.000000,0
5,positive,29,21,2,0,0.000000,0
5,positive,29,22,2,0,0.000000,0
5,positive,29,23,2,0,0.000000,0
5,positive,29,24,2,0,0.000000,0
5,positive,29,25,0,0,0.000000,0
5,positive,29,26,2,0,0.000000,0
5,positive,29,27,2,0,0.000000,0
5,positive,29,28,2,0,0.000000,0
5,positive,29,29,2,0,0.000000,0
5,positive,29,30,2,0,0.000000,0
5,positive,29,31,2,0,0.000000,0
5,positive,29,32,2,0,0.000000,0
5,positive,29,33,2,0,0.000000,0
5,positive,29,34,2,0,0.000000,0
5,positive,29,35,2,0,0.000000,0
5,positive,29,36,2,0,0.000000,0
5,positive,29,37,2,0,0.000000,0
5,positive,29,38,2,0,0.000000,0
5,positive,29,39,0,0,0.000000,0
5,positive,29,40,2,0,0.000000,0
5,positive,29,41,2,0,0.000000,0
5,positive,29,42,0,0,0.000000,0
5,positive,29,43,2,0,0.000000,0
5,positive,29,44,2,0,0.000000,0
5,positive,29,45,2,0,0.000000,0
5,positive,29,46,2,0,0.000000,0
5,positive,29,47,2,0,0.000000,0
5,positive,29,48,2,0,0.000000,0
5,positive,29,49,2,0,0.000000,0
5,positive,30,0,2,0,0.000000,0
5,positive,30,1,2,0,0.000000,0
5,positive,30,2,2,0,0.000000,0
5,positive,30,3,0,0,0.000000,0
5,positive,30,4,0,0,0.000000,0
5,positive,30,5,2,0,0.000000,0
5,positive,30,6,2,0,0.000000,0
5,positive,30,7,2,0,0.000000,0
5,positive,30,8,2,0,0.000000,0
5,positive,30,9,2,0,0.000000,0
5,positive,30,10,2,0,0.000000,0
5,positive,30,11,0,0,0.000000,0
5,positive,30,12,0,0,0.000000,0
5,positive,30,13,0,0,0.000000,0
5,positive,30,14,2,0,0.000000,0
5,positive,30,15,2,0,0.000000,0
5,positive,30,16,2,0,0.000000,0
5,positive,30,17,2,0,0.000000,0
5,positive,30,18,0,0,0.000000,0
5,positive,30,19,2,0,0.000000,0
5,positive,30,20,2,0,0.000000,0
5,positive,30,21,2,0,0.000000,0
5,positive,30,22,0,0,0.000000,0
5,positive,30,23,2,0,0.000000,0
5,positive,30,24,2,0,0.000000,0
5,positive,30,25,2,0,0.000000,0
5,positive,30,26,2,0,0.000000,0
5,positive,30,27,2,0,0.000000,0
5,positive,30,28,2,0,0.000000,0
5,positive,30,29,2,0,0.000000,0
5,positive,30,30,2,0,0.000000,0
5,positive,30,31,0,0,0.000000,0
5,positive,30,32,2,0,0.000000,0
5,positive,30,33,0,0,0.000000,0
5,positive,30,34,0,0,0.000000,0
5,positive,30,35,2,0,0.000000,0
5,positive,30,36,2,0,0.000000,0
5,positive,30,37,2,0,0.000000,0
5,positive,30,38,2,0,0.000000,0
5,positive,30,39,2,0,0.000000,0
5,positive,30,40,2,0,0.000000,0
5,positive,30,41,2,0,0.000000,0
5,positive,30,42,0,0,0.000000,0
5,positive,30,43,0,0,0.000000,0
5,positive,30,44,2,0,0.000000,0
5,positive,30,45,0,0,0.000000,0
5,positive,30,46,2,0,0.000000,0
5,positive,30,47,2,0,0.000000,0
5,positive,30,48,2,0,0.000000,0
5,positive,30,49,2,0,0.000000,0
5,positive,31,0,0,0,0.000000,0
5,positive,31,1,2,0,0.000000,0
5,positive,31,2,2,0,0.000000,0
5,positive,31,3,2,0,0.000000,0
5,positive,31,4,2,0,0.000000,0
5,positive,31,5,2,0,0.000000,0
5,positive,31,6,2,0,0.000000,0
5,positive,31,7,0,0,0.000000,0
5,positive,31,8,2,0,0.000000,0
5,positive,31,9,2,0,0.000000,0
5,positive,31,10,2,0,0.000000,0
5,positive,31,11,2,0,0.000000,0
5,positive,31,12,2,0,0.000000,0
5,positive,31,13,2,0,0.000000,0
5,positive,31,14,2,0,0.000000,0
5,positive,31,15,2,0,0.000000,0
5,positive,31,16,2,0,0.000000,0
5,positive,31,17,2,0,0.000000,0
5,positive,31,18,2,0,0.000000,0
5,positive,31,19,0,0,0.000000,0
5,positive,31,20,0,0,0.000000,0
5,positive,31,21,2,0,0.000000,0
5,positive,31,22,2,0,0.000000,0
5,positive,31,23,2,0,0.000000,0
5,positive,31,24,0,0,0.000000,0
5,positive,31,25,2,0,0.000000,0
5,positive,31,26,2,0,0.000000,0
5,positive,31,27,2,0,0.000000,0
5,positive,31,28,2,0,0.000000,0
5,positive,31,29,2,0,0.000000,0
5,positive,31,30,2,0,0.000000,0
5,positive,31,31,2,0,0.000000,0
5,positive,31,32,0,0,0.000000,0
5,positive,31,33,2,0,0.000000,0
5,positive,31,34,2,0,0.000000,0
5,positive,31,35,0,0,0.000000,0
5,positive,31,36,2,0,0.000000,0
5,positive,31,37,2,0,0.000000,0
5,positive,31,38,2,0,0.000000,0
5,positive,31,39,2,0,0.000000,0
5,positive,31,40,2,0,0.000000,0
5,positive,31,41,0,0,0.000000,0
5,positive,31,42,2,0,0.000000,0
5,positive,31,43,2,0,0.000000,0
5,positive,31,44,2,0,0.000000,0
5,positive,31,45,2,0,0.000000,0
5,positive,31,46,0,0,0.000000,0
5,positive,31,47,2,0,0.000000,0
5,positive,31,48,0,0,0.000000,0
5,positive,31,49,2,0,0.000000,0
5,positive,32,0,2,0,0.000000,0
5,positive,32,1,2,0,0.000000,0
5,positive,32,2,2,0,0.000000,0
5,positive,32,3,2,0,0.000000,0
5,positive,32,4,2,0,0.000000,0
5,positive,32,5,2,0,0.000000,0
5,positive,32,6,0,0,0.000000,0
5,positive,32,7,2,0,0.000000,0
5,positive,32,8,2,0,0.000000,0
5,positive,32,9,2,0,0.000000,0
5,positive,32,10,2,0,0.000000,0
5,positive,32,11,2,0,0.000000,0
5,positive,32,12,2,0,0.000000,0
5,positive,32,13,2,0,0.000000,0
5,positive,32,14,2,0,0.000000,0
5,positive,32,15,2,0,0.000000,0
5,positive,32,16,2,0,0.000000,0
5,positive,32,17,2,0,0.000000,0
5,positive,32,18,2,0,0.000000,0
5,positive,32,19,0,0,0.000000,0
5,positive,32,20,2,0,0.000000,0
5,positive,32,21,2,0,0.000000,0
5,positive,32,22,2,0,0.000000,0
5,positive,32,23,2,0,0.000000,0
5,positive,32,24,2,0,0.000000,0
5,positive,32,25,0,0,0.000000,0
5,positive,32,26,2,0,0.000000,0
5,positive,32,27,2,0,0.000000,0
5,positive,32,28,0,0,0.000000,0
5,positive,32,29,2,0,0.000000,0
5,positive,32,30,2,0,0.000000,0
5,positive,32,31,2,0,0.000000,0
5,positive,32,32,2,0,0.000000,0
5,positive,32,33,2,0,0.000000,0
5,positive,32,34,0,0,0.000000,0
5,positive,32,35,2,0,0.000000,0
5,positive,32,36,2,0,0.000000,0
5,positive,32,37,2,0,0.000000,0
5,positive,32,38,2,0,0.000000,0
5,positive,32,39,0,0,0.000000,0
5,positive,32,40,2,0,0.000000,0
5,positive,32,41,2,0,0.000000,0
5,positive,32,42,0,0,0.000000,0
5,positive,32,43,2,0,0.000000,0
5,positive,32,44,2,0,0.000000,0
5,positive,32,45,2,0,0.000000,0
5,positive,32,46,0,0,0.000000,0
5,positive,32,47,2,0,0.000000,0
5,positive,32,48,2,0,0.000000,0
5,positive,32,49,2,0,0.000000,0
5,positive,33,0,2,0,0.000000,0
5,positive,33,1,2,0,0.000000,0
5,positive,33,2,0,0,0.000000,0
5,positive,33,3,2,0,0.000000,0
5,positive,33,4,2,0,0.000000,0
5,positive,33,5,2,0,0.000000,0
5,positive,33,6,2,0,0.000000,0
5,positive,33,7,2,0,0.000000,0
5,positive,33,8,2,0,0.000000,0
5,positive,33,9,2,0,0.000000,0
5,positive,33,10,2,0,0.000000,0
5,positive,33,11,2,0,0.000000,0
5,positive,33,12,2,0,0.000000,0
5,positive,33,13,2,0,0.000000,0
5,positive,33,14,2,0,0.000000,0
5,positive,33,15,2,0,0.000000,0
5,positive,33,16,2,0,0.000000,0
5,positive,33,17,2,0,0.000000,0
5,positive,33,18,0,0,0.000000,0
5,positive,33,19,2,0,0.000000,0
5,positive,33,20,2,0,0.000000,0
5,positive,33,21,0,0,0.000000,0
5,positive,33,22,2,0,0.000000,0
5,positive,33,23,0,0,0.000000,0
5,positive,33,24,2,0,0.000000,0
5,positive,33,25,0,0,0.000000,0
5,positive,33,26,2,0,0.000000,0
5,positive,33,27,2,0,0.000000,0
5,positive,33,28,2,0,0.000000,0
5,positive,33,29,2,0,0.000000,0
5,positive,33,30,2,0,0.000000,0
5,positive,33,31,2,0,0.000000,0
5,positive,33,32,0,0,0.000000,0
5,positive,33,33,2,0,0.000000,0
5,positive,33,34,0,0,0.000000,0
5,positive,33,35,0,0,0.000000,0
5,positive,33,36,2,0,0.000000,0
5,positive,33,37,0,0,0.000000,0
5,positive,33,38,2,0,0.000000,0
5,positive,33,39,2,0,0.000000,0
5,positive,33,40,2,0,0.000000,0
5,positive,33,41,0,0,0.000000,0
5,positive,33,42,2,0,0.000000,0
5,positive,33,43,2,0,0.000000,0
5,positive,33,44,0,0,0.000000,0
5,positive,33,45,2,0,0.000000,0
5,positive,33,46,2,0,0.000000,0
5,positive,33,47,2,0,0.000000,0
5,positive,33,48,2,0,0.000000,0
5,positive,33,49,2,0,0.000000,0
5,positive,34,0,2,0,0.000000,0
5,positive,34,1,2,0,0.000000,0
5,positive,34,2,2,0,0.000000,0
5,positive,34,3,0,0,0.000000,0
5,positive,34,4,2,0,0.000000,0
5,positive,34,5,2,0,0.000000,0
5,positive,34,6,2,0,0.000000,0
5,positive,34,7,2,0,0.000000,0
5,positive,34,8,2,0,0.000000,0
5,positive,34,9,2,0,0.000000,0
5,positive,34,10,2,0,0.000000,0
5,positive,34,11,2,0,0.000000,0
5,positive,34,12,2,0,0.000000,0
5,positive,34,13,2,0,0.000000,0
5,positive,34,14,2,0,0.000000,0
5,positive,34,15,2,0,0.000000,0
5,positive,34,16,2,0,0.000000,0
5,positive,34,17,0,0,0.000000,0
5,positive,34,18,2,0,0.000000,0
5,positive,34,19,2,0,0.000000,0
5,positive,34,20,2,0,0.000000,0
5,positive,34,21,2,0,0.000000,0
5,positive,34,22,2,0,0.000000,0
5,positive,34,23,2,0,0.000000,0
5,positive,34,24,2,0,0.000000,0
5,positive,34,25,2,0,0.000000,0
5,positive,34,26,2,0,0.000000,0
5,positive,34,27,2,0,0.000000,0
5,positive,34,28,2,0,0.000000,0
5,positive,34,29,2,0,0.000000,0
5,positive,34,30,0,0,0.000000,0
5,positive,34,31,2,0,0.000000,0
5,positive,34,32,2,0,0.000000,0
5,positive,34,33,2,0,0.000000,0
5,positive,34,34,2,0,0.000000,0
5,positive,34,35,2,0,0.000000,0
5,positive,34,36,2,0,0.000000,0
5,positive,34,37,2,0,0.000000,0
5,positive,34,38,0,0,0.000000,0
5,positive,34,39,2,0,0.000000,0
5,positive,34,40,2,0,0.000000,0
5,positive,34,41,2,0,0.000000,0
5,positive,34,42,2,0,0.000000,0
5,positive,34,43,2,0,0.000000,0
5,positive,34,44,0,0,0.000000,0
5,positive,34,45,2,0,0.000000,0
5,positive,34,46,0,0,0.000000,0
5,positive,34,47,0,0,0.000000,0
5,positive,34,48,2,0,0.000000,0
5,positive,34,49,2,0,0.000000,0
5,positive,35,0,2,0,0.000000,0
5,positive,35,1,2,0,0.000000,0
5,positive,35,2,2,0,0.000000,0
5,positive,35,3,2,0,0.000000,0
5,positive,35,4,2,0,0.000000,0
5,positive,35,5,2,0,0.000000,0
5,positive,35,6,2,0,0.000000,0
5,positive,35,7,2,0,0.000000,0
5,positive,35,8,2,0,0.000000,0
5,positive,35,9,0,0,0.000000,0
5,positive,35,10,2,0,0.000000,0
5,positive,35,11,2,0,0.000000,0
5,positive,35,12,2,0,0.000000,0
5,positive,35,13,2,0,0.000000,0
5,positive,35,14,2,0,0.000000,0
5,positive,35,15,2,0,0.000000,0
5,positive,35,16,2,0,0.000000,0
5,positive,35,17,2,0,0.000000,0
5,positive,35,18,0,0,0.000000,0
5,positive,35,19,0,0,0.000000,0
5,positive,35,20,2,0,0.000000,0
5,positive,35,21,2,0,0.000000,0
5,positive,35,22,2,0,0.000000,0
5,positive,35,23,2,0,0.000000,0
5,positive,35,24,2,0,0.000000,0
5,positive,35,25,2,0,0.000000,0
5,positive,35,26,2,0,0.000000,0
5,positive,35,27,2,0,0.000000,0
5,positive,35,28,2,0,0.000000,0
5,positive,35,29,2,0,0.000000,0
5,positive,35,30,2,0,0.000000,0
5,positive,35,31,2,0,0.000000,0
5,positive,35,32,2,0,0.000000,0
5,positive,35,33,2,0,0.000000,0
5,positive,35,34,2,0,0.000000,0
5,positive,35,35,2,0,0.000000,0
5,positive,35,36,2,0,0.000000,0
5,positive,35,37,2,0,0.000000,0
5,positive,35,38,2,0,0.000000,0
5,positive,35,39,0,0,0.000000,0
5,positive,35,40,2,0,0.000000,0
5,positive,35,41,2,0,0.000000,0
5,positive,35,42,2,0,0.000000,0
5,positive,35,43,2,0,0.000000,0
5,positive,35,44,0,0,0.000000,0
5,positive,35,45,0,0,0.000000,0
5,positive,35,46,2,0,0.000000,0
5,positive,35,47,2,0,0.000000,0
5,positive,35,48,2,0,0.000000,0
5,positive,35,49,2,0,0.000000,0
5,positive,36,0,2,0,0.000000,0
5,positive,36,1,2,0,0.000000,0
5,positive,36,2,2,0,0.000000,0
5,positive,36,3,0,0,0.000000,0
5,positive,36,4,2,0,0.000000,0
5,positive,36,5,2,0,0.000000,0
5,positive,36,6,2,0,0.000000,0
5,positive,36,7,0,0,0.000000,0
5,positive,36,8,2,0,0.000000,0
5,positive,36,9,2,0,0.000000,0
5,positive,36,10,2,0,0.000000,0
5,positive,36,11,2,0,0.000000,0
5,positive,36,12,2,0,0.000000,0
5,positive,36,13,2,0,0.000000,0
5,positive,36,14,2,0,0.000000,0
5,positive,36,15,2,0,0.000000,0
5,positive,36,16,0,0,0.000000,0
5,positive,36,17,2,0,0.000000,0
5,positive,36,18,0,0,0.000000,0
5,positive,36,19,2,0,0.000000,0
5,positive,36,20,2,0,0.000000,0
5,positive,36,21,2,0,0.000000,0
5,positive,36,22,2,0,0.000000,0
5,positive,36,23,2,0,0.000000,0
5,positive,36,24,2,0,0.000000,0
5,positive,36,25,2,0,0.000000,0
5,positive,36,26,0,0,0.000000,0
5,positive,36,27,2,0,0.000000,0
5,positive,36,28,2,0,0.000000,0
5,positive,36,29,2,0,0.000000,0
5,positive,36,30,2,0,0.000000,0
5,positive,36,31,2,0,0.000000,0
5,positive,36,32,0,0,0.000000,0
5,positive,36,33,2,0,0.000000,0
5,positive,36,34,2,0,0.000000,0
5,positive,36,35,2,0,0.000000,0
5,positive,36,36,2,0,0.000000,0
5,positive,36,37,2,0,0.000000,0
5,positive,36,38,2,0,0.000000,0
5,positive,36,39,2,0,0.000000,0
5,positive,36,40,2,0,0.000000,0
5,positive,36,41,0,0,0.000000,0
5,positive,36,42,2,0,0.000000,0
5,positive,36,43,2,0,0.000000,0
5,positive,36,44,0,0,0.000000,0
5,positive,36,45,2,0,0.000000,0
5,positive,36,46,2,0,0.000000,0
5,positive,36,47,2,0,0.000000,0
5,positive,36,48,2,0,0.000000,0
5,positive,36,49,2,0,0.000000,0
5,positive,37,0,2,0,0.000000,0
5,positive,37,1,0,0,0.000000,0
5,positive,37,2,2,0,0.000000,0
5,positive,37,3,0,0,0.000000,0
5,positive,37,4,2,0,0.000000,0
5,positive,37,5,2,0,0.000000,0
5,positive,37,6,2,0,0.000000,0
5,positive,37,7,2,0,0.000000,0
5,positive,37,8,2,0,0.000000,0
5,positive,37,9,2,0,0.000000,0
5,positive,37,10,2,0,0.000000,0
5,positive,37,11,0,0,0.000000,0
5,positive,37,12,2,0,0.000000,0
5,positive,37,13,2,0,0.000000,0
5,positive,37,14,0,0,0.000000,0
5,positive,37,15,2,0,0.000000,0
5,positive,37,16,2,0,0.000000,0
5,positive,37,17,2,0,0.000000,0
5,positive,37,18,2,0,0.000000,0
5,positive,37,19,2,0,0.000000,0
5,positive,37,20,2,0,0.000000,0
5,positive,37,21,2,0,0.000000,0
5,positive,37,22,2,0,0.000000,0
5,positive,37,23,2,0,0.000000,0
5,positive,37,24,2,0,0.000000,0
5,positive,37,25,2,0,0.000000,0
5,positive,37,26,2,0,0.000000,0
5,positive,37,27,2,0,0.000000,0
5,positive,37,28,2,0,0.000000,0
5,positive,37,29,0,0,0.000000,0
5,positive,37,30,2,0,0.000000,0
5,positive,37,31,2,0,0.000000,0
5,positive,37,32,0,0,0.000000,0
5,positive,37,33,2,0,0.000000,0
5,positive,37,34,2,0,0.000000,0
5,positive,37,35,2,0,0.000000,0
5,positive,37,36,2,0,0.000000,0
5,positive,37,37,2,0,0.000000,0
5,positive,37,38,2,0,0.000000,0
5,positive,37,39,2,0,0.000000,0
5,positive,37,40,2,0,0.000000,0
5,positive,37,41,2,0,0.000000,0
5,positive,37,42,2,0,0.000000,0
5,positive,37,43,2,0,0.000000,0
5,positive,37,44,2,0,0.000000,0
5,positive,37,45,2,0,0.000000,0
5,positive,37,46,2,0,0.000000,0
5,positive,37,47,2,0,0.000000,0
5,positive,37,48,2,0,0.000000,0
5,positive,37,49,2,0,0.000000,0
5,positive,38,0,2,0,0.000000,0
5,positive,38,1,0,0,0.000000,0
5,positive,38,2,2,0,0.000000,0
5,positive,38,3,2,0,0.000000,0
5,positive,38,4,0,0,0.000000,0
5,positive,38,5,2,0,0.000000,0
5,positive,38,6,2,0,0.000000,0
5,positive,38,7,2,0,0.000000,0
5,positive,38,8,2,0,0.000000,0
5,positive,38,9,2,0,0.000000,0
5,positive,38,10,2,0,0.000000,0
5,positive,38,11,2,0,0.000000,0
5,positive,38,12,2,0,0.000000,0
5,positive,38,13,2,0,0.000000,0
5,positive,38,14,0,0,0.000000,0
5,positive,38,15,2,0,0.000000,0
5,positive,38,16,2,0,0.000000,0
5,positive,38,17,2,0,0.000000,0
5,positive,38,18,2,0,0.000000,0
5,positive,38,19,0,0,0.000000,0
5,positive,38,20,2,0,0.000000,0
5,positive,38,21,2,0,0.000000,0
5,positive,38,22,2,0,0.000000,0
5,positive,38,23,2,0,0.000000,0
5,positive,38,24,2,0,0.000000,0
5,positive,38,25,2,0,0.000000,0
5,positive,38,26,0,0,0.000000,0
5,positive,38,27,2,0,0.000000,0
5,positive,38,28,2,0,0.000000,0
5,positive,38,29,2,0,0.000000,0
5,positive,38,30,2,0,0.000000,0
5,positive,38,31,2,0,0.000000,0
5,positive,38,32,2,0,0.000000,0
5,positive,38,33,0,0,0.000000,0
5,positive,38,34,2,0,0.000000,0
5,positive,38,35,2,0,0.000000,0
5,positive,38,36,2,0,0.000000,0
5,positive,38,37,2,0,0.000000,0
5,positive,38,38,2,0,0.000000,0
5,positive,38,39,2,0,0.000000,0
5,positive,38,40,2,0,0.000000,0
5,positive,38,41,2,0,0.000000,0
5,positive,38,42,2,0,0.000000,0
5,positive,38,43,2,0,0.000000,0
5,positive,38,44,2,0,0.000000,0
5,positive,38,45,2,0,0.000000,0
5,positive,38,46,2,0,0.000000,0
5,positive,38,47,0,0,0.000000,0
5,positive,38,48,2,0,0.000000,0
5,positive,38,49,2,0,0.000000,0
5,positive,39,0,2,0,0.000000,0
5,positive,39,1,2,0,0.000000,0
5,positive,39,2,2,0,0.000000,0
5,positive,39,3,2,0,0.000000,0
5,positive,39,4,2,0,0.000000,0
5,positive,39,5,2,0,0.000000,0
5,positive,39,6,0,0,0.000000,0
5,positive,39,7,2,0,0.000000,0
5,positive,39,8,2,0,0.000000,0
5,positive,39,9,2,0,0.000000,0
5,positive,39,10,0,0,0.000000,0
5,positive,39,11,2,0,0.000000,0
5,positive,39,12,2,0,0.000000,0
5,positive,39,13,0,0,0.000000,0
5,positive,39,14,2,0,0.000000,0
5,positive,39,15,2,0,0.000000,0
5,positive,39,16,0,0,0.000000,0
5,positive,39,17,2,0,0.000000,0
5,positive,39,18,2,0,0.000000,0
5,positive,39,19,2,0,0.000000,0
5,positive,39,20,2,0,0.000000,0
5,positive,39,21,0,0,0.000000,0
5,positive,39,22,2,0,0.000000,0
5,positive,39,23,2,0,0.000000,0
5,positive,39,24,2,0,0.000000,0
5,positive,39,25,2,0,0.000000,0
5,positive,39,26,2,0,0.000000,0
5,positive,39,27,2,0,0.000000,0
5,positive,39,28,0,0,0.000000,0
5,positive,39,29,0,0,0.000000,0
5,positive,39,30,2,0,0.000000,0
5,positive,39,31,2,0,0.000000,0
5,positive,39,32,0,0,0.000000,0
5,positive,39,33,2,0,0.000000,0
5,positive,39,34,2,0,0.000000,0
5,positive,39,35,2,0,0.000000,0
5,positive,39,36,2,0,0.000000,0
5,positive,39,37,2,0,0.000000,0
5,positive,39,38,2,0,0.000000,0
5,positive,39,39,2,0,0.000000,0
5,positive,39,40,2,0,0.000000,0
5,positive,39,41,0,0,0.000000,0
5,positive,39,42,2,0,0.000000,0
5,positive,39,43,2,0,0.000000,0
5,positive,39,44,2,0,0.000000,0
5,positive,39,45,2,0,0.000000,0
5,positive,39,46,2,0,0.000000,0
5,positive,39,47,2,0,0.000000,0
5,positive,39,48,2,0,0.000000,0
5,positive,39,49,2,0,0.000000,0
5,positive,40,0,2,0,0.000000,0
5,positive,40,1,2,0,0.000000,0
5,positive,40,2,2,0,0.000000,0
5,positive,40,3,2,0,0.000000,0
5,positive,40,4,2,0,0.000000,0
5,positive,40,5,2,0,0.000000,0
5,positive,40,6,2,0,0.000000,0
5,positive,40,7,2,0,0.000000,0
5,positive,40,8,2,0,0.000000,0
5,positive,40,9,2,0,0.000000,0
5,positive,40,10,2,0,0.000000,0
5,positive,40,11,2,0,0.000000,0
5,positive,40,12,2,0,0.000000,0
5,positive,40,13,0,0,0.000000,0
5,positive,40,14,2,0,0.000000,0
5,positive,40,15,2,0,0.000000,0
5,positive,40,16,2,0,0.000000,0
5,positive,40,17,2,0,0.000000,0
5,positive,40,18,0,0,0.000000,0
5,positive,40,19,0,0,0.000000,0
5,positive,40,20,2,0,0.000000,0
5,positive,40,21,2,0,0.000000,0
5,positive,40,22,2,0,0.000000,0
5,positive,40,23,2,0,0.000000,0
5,positive,40,24,2,0,0.000000,0
5,positive,40,25,2,0,0.000000,0
5,positive,40,26,2,0,0.000000,0
5,positive,40,27,2,0,0.000000,0
5,positive,40,28,2,0,0.000000,0
5,positive,40,29,2,0,0.000000,0
5,positive,40,30,2,0,0.000000,0
5,positive,40,31,2,0,0.000000,0
5,positive,40,32,2,0,0.000000,0
5,positive,40,33,2,0,0.000000,0
5,positive,40,34,2,0,0.000000,0
5,positive,40,35,2,0,0.000000,0
5,positive,40,36,2,0,0.000000,0
5,positive,40,37,0,0,0.000000,0
5,positive,40,38,2,0,0.000000,0
5,positive,40,39,2,0,0.000000,0
5,positive,40,40,2,0,0.000000,0
5,positive,40,41,2,0,0.000000,0
5,positive,40,42,2,0,0.000000,0
5,positive,40,43,2,0,0.000000,0
5,positive,40,44,2,0,0.000000,0
5,positive,40,45,2,0,0.000000,0
5,positive,40,46,2,0,0.000000,0
5,positive,40,47,2,0,0.000000,0
5,positive,40,48,2,0,0.000000,0
5,positive,40,49,0,0,0.000000,0
5,positive,41,0,2,0,0.000000,0
5,positive,41,1,2,0,0.000000,0
5,positive,41,2,2,0,0.000000,0
5,positive,41,3,0,0,0.000000,0
5,positive,41,4,0,0,0.000000,0
5,positive,41,5,0,0,0.000000,0
5,positive,41,6,2,0,0.000000,0
5,positive,41,7,2,0,0.000000,0
5,positive,41,8,2,0,0.000000,0
5,positive,41,9,2,0,0.000000,0
5,positive,41,10,0,0,0.000000,0
5,positive,41,11,2,0,0.000000,0
5,positive,41,12,2,0,0.000000,0
5,positive,41,13,2,0,0.000000,0
5,positive,41,14,0,0,0.000000,0
5,positive,41,15,2,0,0.000000,0
5,positive,41,16,2,0,0.000000,0
5,positive,41,17,2,0,0.000000,0
5,positive,41,18,2,0,0.000000,0
5,positive,41,19,0,0,0.000000,0
5,positive,41,20,2,0,0.000000,0
5,positive,41,21,2,0,0.000000,0
5,positive,41,22,0,0,0.000000,0
5,positive,41,23,2,0,0.000000,0
5,positive,41,24,2,0,0.000000,0
5,positive,41,25,2,0,0.000000,0
5,positive,41,26,2,0,0.000000,0
5,positive,41,27,2,0,0.000000,0
5,positive,41,28,2,0,0.000000,0
5,positive,41,29,2,0,0.000000,0
5,positive,41,30,2,0,0.000000,0
5,positive,41,31,2,0,0.000000,0
5,positive,41,32,2,0,0.000000,0
5,positive,41,33,2,0,0.000000,0
5,positive,41,34,2,0,0.000000,0
5,positive,41,35,2,0,0.000000,0
5,positive,41,36,0,0,0.000000,0
5,positive,41,37,2,0,0.000000,0
5,positive,41,38,2,0,0.000000,0
5,positive,41,39,0,0,0.000000,0
5,positive,41,40,0,0,0.000000,0
5,positive,41,41,2,0,0.000000,0
5,positive,41,42,2,0,0.000000,0
5,positive,41,43,2,0,0.000000,0
5,positive,41,44,2,0,0.000000,0
5,positive,41,45,2,0,0.000000,0
5,positive,41,46,2,0,0.000000,0
5,positive,41,47,2,0,0.000000,0
5,positive,41,48,0,0,0.000000,0
5,positive,41,49,0,0,0.000000,0
5,positive,42,0,2,0,0.000000,0
5,positive,42,1,2,0,0.000000,0
5,positive,42,2,2,0,0.000000,0
5,positive,42,3,2,0,0.000000,0
5,positive,42,4,2,0,0.000000,0
5,positive,42,5,2,0,0.000000,0
5,positive,42,6,2,0,0.000000,0
5,positive,42,7,2,0,0.000000,0
5,positive,42,8,0,0,0.000000,0
5,positive,42,9,2,0,0.000000,0
5,positive,42,10,2,0,0.000000,0
5,positive,42,11,2,0,0.000000,0
5,positive,42,12,2,0,0.000000,0
5,positive,42,13,2,0,0.000000,0
5,positive,42,14,2,0,0.000000,0
5,positive,42,15,2,0,0.000000,0
5,positive,42,16,2,0,0.000000,0
5,positive,42,17,2,0,0.000000,0
5,positive,42,18,0,0,0.000000,0
5,positive,42,19,2,0,0.000000,0
5,positive,42,20,2,0,0.000000,0
5,positive,42,21,2,0,0.000000,0
5,positive,42,22,0,0,0.000000,0
5,positive,42,23,2,0,0.000000,0
5,positive,42,24,2,0,0.000000,0
5,positive,42,25,2,0,0.000000,0
5,positive,42,26,2,0,0.000000,0
5,positive,42,27,2,0,0.000000,0
5,positive,42,28,2,0,0.000000,0
5,positive,42,29,2,0,0.000000,0
5,positive,42,30,2,0,0.000000,0
5,positive,42,31,2,0,0.000000,0
5,positive,42,32,2,0,0.000000,0
5,positive,42,33,2,0,0.000000,0
5,positive,42,34,2,0,0.000000,0
5,positive,42,35,0,0,0.000000,0
5,positive,42,36,2,0,0.000000,0
5,positive,42,37,2,0,0.000000,0
5,positive,42,38,2,0,0.000000,0
5,positive,42,39,2,0,0.000000,0
5,positive,42,40,2,0,0.000000,0
5,positive,42,41,2,0,0.000000,0
5,positive,42,42,2,0,0.000000,0
5,positive,42,43,0,0,0.000000,0
5,positive,42,44,2,0,0.000000,0
5,positive,42,45,2,0,0.000000,0
5,positive,42,46,2,0,0.000000,0
5,positive,42,47,2,0,0.000000,0
5,positive,42,48,2,0,0.000000,0
5,positive,42,49,2,0,0.000000,0
5,positive,43,0,2,0,0.000000,0
5,positive,43,1,0,0,0.000000,0
5,positive,43,2,0,0,0.000000,0
5,positive,43,3,2,0,0.000000,0
5,positive,43,4,2,0,0.000000,0
5,positive,43,5,2,0,0.000000,0
5,positive,43,6,2,0,0.000000,0
5,positive,43,7,2,0,0.000000,0
5,positive,43,8,2,0,0.000000,0
5,positive,43,9,2,0,0.000000,0
5,positive,43,10,0,0,0.000000,0
5,positive,43,11,2,0,0.000000,0
5,positive,43,12,2,0,0.000000,0
5,positive,43,13,2,0,0.000000,0
5,positive,43,14,2,0,0.000000,0
5,positive,43,15,2,0,0.000000,0
5,positive,43,16,2,0,0.000000,0
5,positive,43,17,2,0,0.000000,0
5,positive,43,18,2,0,0.000000,0
5,positive,43,19,2,0,0.000000,0
5,positive,43,20,2,0,0.000000,0
5,positive,43,21,2,0,0.000000,0
5,positive,43,22,2,0,0.000000,0
5,positive,43,23,2,0,0.000000,0
5,positive,43,24,2,0,0.000000,0
5,positive,43,25,0,0,0.000000,0
5,positive,43,26,2,0,0.000000,0
5,positive,43,27,2,0,0.000000,0
5,positive,43,28,2,0,0.000000,0
5,positive,43,29,2,0,0.000000,0
5,positive,43,30,2,0,0.000000,0
5,positive,43,31,2,0,0.000000,0
5,positive,43,32,2,0,0.000000,0
5,positive,43,33,0,0,0.000000,0
5,positive,43,34,2,0,0.000000,0
5,positive,43,35,2,0,0.000000,0
5,positive,43,36,2,0,0.000000,0
5,positive,43,37,0,0,0.000000,0
5,positive,43,38,2,0,0.000000,0
5,positive,43,39,2,0,0.000000,0
5,positive,43,40,2,0,0.000000,0
5,positive,43,41,2,0,0.000000,0
5,positive,43,42,2,0,0.000000,0
5,positive,43,43,0,0,0.000000,0
5,positive,43,44,0,0,0.000000,0
5,positive,43,45,2,0,0.000000,0
5,positive,43,46,2,0,0.000000,0
5,positive,43,47,2,0,0.000000,0
5,positive,43,48,2,0,0.000000,0
5,positive,43,49,2,0,0.000000,0
5,positive,44,0,2,0,0.000000,0
5,positive,44,1,2,0,0.000000,0
5,positive,44,2,2,0,0.000000,0
5,positive,44,3,2,0,0.000000,0
5,positive,44,4,2,0,0.000000,0
5,positive,44,5,2,0,0.000000,0
5,positive,44,6,2,0,0.000000,0
5,positive,44,7,2,0,0.000000,0
5,positive,44,8,2,0,0.000000,0
5,positive,44,9,2,0,0.000000,0
5,positive,44,10,2,0,0.000000,0
5,positive,44,11,2,0,0.000000,0
5,positive,44,12,2,0,0.000000,0
5,positive,44,13,0,0,0.000000,0
5,positive,44,14,2,0,0.000000,0
5,positive,44,15,2,0,0.000000,0
5,positive,44,16,2,0,0.000000,0
5,positive,44,17,2,0,0.000000,0
5,positive,44,18,2,0,0.000000,0
5,positive,44,19,2,0,0.000000,0
5,positive,44,20,2,0,0.000000,0
5,positive,44,21,2,0,0.000000,0
5,positive,44,22,0,0,0.000000,0
5,positive,44,23,2,0,0.000000,0
5,positive,44,24,2,0,0.000000,0
5,positive,44,25,2,0,0.000000,0
5,positive,44,26,2,0,0.000000,0
5,positive,44,27,2,0,0.000000,0
5,positive,44,28,2,0,0.000000,0
5,positive,44,29,2,0,0.000000,0
5,positive,44,30,2,0,0.000000,0
5,positive,44,31,2,0,0.000000,0
5,positive,44,32,2,0,0.000000,0
5,positive,44,33,2,0,0.000000,0
5,positive,44,34,0,0,0.000000,0
5,positive,44,35,2,0,0.000000,0
5,positive,44,36,2,0,0.000000,0
5,positive,44,37,2,0,0.000000,0
5,positive,44,38,2,0,0.000000,0
5,positive,44,39,2,0,0.000000,0
5,positive,44,40,2,0,0.000000,0
5,positive,44,41,2,0,0.000000,0
5,positive,44,42,2,0,0.000000,0
5,positive,44,43,2,0,0.000000,0
5,positive,44,44,2,0,0.000000,0
5,positive,44,45,2,0,0.000000,0
5,positive,44,46,2,0,0.000000,0
5,positive,44,47,2,0,0.000000,0
5,positive,44,48,2,0,0.000000,0
5,positive,44,49,2,0,0.000000,0
5,positive,45,0,2,0,0.000000,0
5,positive,45,1,2,0,0.000000,0
5,positive,45,2,2,0,0.000000,0
5,positive,45,3,2,0,0.000000,0
5,positive,45,4,2,0,0.000000,0
5,positive,45,5,2,0,0.000000,0
5,positive,45,6,2,0,0.000000,0
5,positive,45,7,0,0,0.000000,0
5,positive,45,8,2,0,0.000000,0
5,positive,45,9,2,0,0.000000,0
5,positive,45,10,2,0,0.000000,0
5,positive,45,11,2,0,0.000000,0
5,positive,45,12,2,0,0.000000,0
5,positive,45,13,2,0,0.000000,0
5,positive,45,14,2,0,0.000000,0
5,positive,45,15,2,0,0.000000,0
5,positive,45,16,2,0,0.000000,0
5,positive,45,17,2,0,0.000000,0
5,positive,45,18,2,0,0.000000,0
5,positive,45,19,2,0,0.000000,0
5,positive,45,20,2,0,0.000000,0
5,positive,45,21,2,0,0.000000,0
5,positive,45,22,2,0,0.000000,0
5,positive,45,23,0,0,0.000000,0
5,positive,45,24,2,0,0.000000,0
5,positive,45,25,2,0,0.000000,0
5,positive,45,26,2,0,0.000000,0
5,positive,45,27,2,0,0.000000,0
5,positive,45,28,2,0,0.000000,0
5,positive,45,29,2,0,0.000000,0
5,positive,45,30,2,0,0.000000,0
5,positive,45,31,2,0,0.000000,0
5,positive,45,32,2,0,0.000000,0
5,positive,45,33,2,0,0.000000,0
5,positive,45,34,2,0,0.000000,0
5,positive,45,35,2,0,0.000000,0
5,positive,45,36,2,0,0.000000,0
5,positive,45,37,2,0,0.000000,0
5,positive,45,38,2,0,0.000000,0
5,positive,45,39,0,0,0.000000,0
5,positive,45,40,2,0,0.000000,0
5,positive,45,41,2,0,0.000000,0
5,positive,45,42,0,0,0.000000,0
5,positive,45,43,2,0,0.000000,0
5,positive,45,44,2,0,0.000000,0
5,positive,45,45,2,0,0.000000,0
5,positive,45,46,2,0,0.000000,0
5,positive,45,47,2,0,0.000000,0
5,positive,45,48,2,0,0.000000,0
5,positive,45,49,2,0,0.000000,0
5,positive,46,0,0,0,0.000000,0
5,positive,46,1,2,0,0.000000,0
5,positive,46,2,2,0,0.000000,0
5,positive,46,3,2,0,0.000000,0
5,positive,46,4,0,0,0.000000,0
5,positive,46,5,2,0,0.000000,0
5,positive,46,6,0,0,0.000000,0
5,positive,46,7,2,0,0.000000,0
5,positive,46,8,2,0,0.000000,0
5,positive,46,9,2,0,0.000000,0
5,positive,46,10,0,0,0.000000,0
5,positive,46,11,2,0,0.000000,0
5,positive,46,12,2,0,0.000000,0
5,positive,46,13,2,0,0.000000,0
5,positive,46,14,2,0,0.000000,0
5,positive,46,15,2,0,0.000000,0
5,positive,46,16,2,0,0.000000,0
5,positive,46,17,2,0,0.000000,0
5,positive,46,18,2,0,0.000000,0
5,positive,46,19,0,0,0.000000,0
5,positive,46,20,0,0,0.000000,0
5,positive,46,21,2,0,0.000000,0
5,positive,46,22,2,0,0.000000,0
5,positive,46,23,2,0,0.000000,0
5,positive,46,24,2,0,0.000000,0
5,positive,46,25,0,0,0.000000,0
5,positive,46,26,2,0,0.000000,0
5,positive,46,27,2,0,0.000000,0
5,positive,46,28,2,0,0.000000,0
5,positive,46,29,2,0,0.000000,0
5,positive,46,30,2,0,0.000000,0
5,positive,46,31,2,0,0.000000,0
5,positive,46,32,2,0,0.000000,0
5,positive,46,33,2,0,0.000000,0
5,positive,46,34,2,0,0.000000,0
5,positive,46,35,2,0,0.000000,0
5,positive,46,36,2,0,0.000000,0
5,positive,46,37,2,0,0.000000,0
5,positive,46,38,2,0,0.000000,0
5,positive,46,39,2,0,0.000000,0
5,positive,46,40,2,0,0.000000,0
5,positive,46,41,2,0,0.000000,0
5,positive,46,42,0,0,0.000000,0
5,positive,46,43,2,0,0.000000,0
5,positive,46,44,2,0,0.000000,0
5,positive,46,45,2,0,0.000000,0
5,positive,46,46,2,0,0.000000,0
5,positive,46,47,0,0,0.000000,0
5,positive,46,48,2,0,0.000000,0
5,positive,46,49,2,0,0.000000,0
5,positive,47,0,0,0,0.000000,0
5,positive,47,1,2,0,0.000000,0
5,positive,47,2,2,0,0.000000,0
5,positive,47,3,2,0,0.000000,0
5,positive,47,4,2,0,0.000000,0
5,positive,47,5,2,0,0.000000,0
5,positive,47,6,2,0,0.000000,0
5,positive,47,7,2,0,0.000000,0
5,positive,47,8,2,0,0.000000,0
5,positive,47,9,0,0,0.000000,0
5,positive,47,10,2,0,0.000000,0
5,positive,47,11,2,0,0.000000,0
5,positive,47,12,2,0,0.000000,0
5,positive,47,13,2,0,0.000000,0
5,positive,47,14,2,0,0.000000,0
5,positive,47,15,0,0,0.000000,0
5,positive,47,16,2,0,0.000000,0
5,positive,47,17,2,0,0.000000,0
5,positive,47,18,2,0,0.000000,0
5,positive,47,19,2,0,0.000000,0
5,positive,47,20,2,0,0.000000,0
5,positive,47,21,2,0,0.000000,0
5,positive,47,22,2,0,0.000000,0
5,positive,47,23,2,0,0.000000,0
5,positive,47,24,2,0,0.000000,0
5,positive,47,25,2,0,0.000000,0
5,positive,47,26,2,0,0.000000,0
5,positive,47,27,2,0,0.000000,0
5,positive,47,28,2,0,0.000000,0
5,positive,47,29,2,0,0.000000,0
5,positive,47,30,2,0,0.000000,0
5,positive,47,31,2,0,0.000000,0
5,positive,47,32,0,0,0.000000,0
5,positive,47,33,2,0,0.000000,0
5,positive,47,34,2,0,0.000000,0
5,positive,47,35,0,0,0.000000,0
5,positive,47,36,2,0,0.000000,0
5,positive,47,37,2,0,0.000000,0
5,positive,47,38,2,0,0.000000,0
5,positive,47,39,2,0,0.000000,0
5,positive,47,40,2,0,0.000000,0
5,positive,47,41,2,0,0.000000,0
5,positive,47,42,2,0,0.000000,0
5,positive,47,43,2,0,0.000000,0
5,positive,47,44,2,0,0.000000,0
5,positive,47,45,2,0,0.000000,0
5,positive,47,46,2,0,0.000000,0
5,positive,47,47,2,0,0.000000,0
5,positive,47,48,2,0,0.000000,0
5,positive,47,49,2,0,0.000000,0
5,positive,48,0,2,0,0.000000,0
5,positive,48,1,2,0,0.000000,0
5,positive,48,2,2,0,0.000000,0
5,positive,48,3,0,0,0.000000,0
5,positive,48,4,2,0,0.000000,0
5,positive,48,5,0,0,0.000000,0
5,positive,48,6,2,0,0.000000,0
5,positive,48,7,2,0,0.000000,0
5,positive,48,8,2,0,0.000000,0
5,positive,48,9,2,0,0.000000,0
5,positive,48,10,2,0,0.000000,0
5,positive,48,11,2,0,0.000000,0
5,positive,48,12,2,0,0.000000,0
5,positive,48,13,2,0,0.000000,0
5,positive,48,14,2,0,0.000000,0
5,positive,48,15,0,0,0.000000,0
5,positive,48,16,2,0,0.000000,0
5,positive,48,17,2,0,0.000000,0
5,positive,48,18,2,0,0.000000,0
5,positive,48,19,2,0,0.000000,0
5,positive,48,20,0,0,0.000000,0
5,positive,48,21,2,0,0.000000,0
5,positive,48,22,2,0,0.000000,0
5,positive,48,23,2,0,0.000000,0
5,positive,48,24,2,0,0.000000,0
5,positive,48,25,2,0,0.000000,0
5,positive,48,26,2,0,0.000000,0
5,positive,48,27,2,0,0.000000,0
5,positive,48,28,2,0,0.000000,0
5,positive,48,29,0,0,0.000000,0
5,positive,48,30,2,0,0.000000,0
5,positive,48,31,2,0,0.000000,0
5,positive,48,32,2,0,0.000000,0
5,positive,48,33,2,0,0.000000,0
5,positive,48,34,2,0,0.000000,0
5,positive,48,35,2,0,0.000000,0
5,positive,48,36,2,0,0.000000,0
5,positive,48,37,2,0,0.000000,0
5,positive,48,38,2,0,0.000000,0
5,positive,48,39,2,0,0.000000,0
5,positive,48,40,2,0,0.000000,0
5,positive,48,41,2,0,0.000000,0
5,positive,48,42,2,0,0.000000,0
5,positive,48,43,2,0,0.000000,0
5,positive,48,44,2,0,0.000000,0
5,positive,48,45,2,0,0.000000,0
5,positive,48,46,2,0,0.000000,0
5,positive,48,47,2,0,0.000000,0
5,positive,48,48,2,0,0.000000,0
5,positive,48,49,2,0,0.000000,0
5,positive,49,0,2,0,0.000000,0
5,positive,49,1,2,0,0.000000,0
5,positive,49,2,2,0,0.000000,0
5,positive,49,3,0,0,0.000000,0
5,positive,49,4,2,0,0.000000,0
5,positive,49,5,2,0,0.000000,0
5,positive,49,6,2,0,0.000000,0
5,positive,49,7,2,0,0.000000,0
5,positive,49,8,2,0,0.000000,0
5,positive,49,9,2,0,0.000000,0
5,positive,49,10,0,0,0.000000,0
5,positive,49,11,2,0,0.000000,0
5,positive,49,12,0,0,0.000000,0
5,positive,49,13,2,0,0.000000,0
5,positive,49,14,2,0,0.000000,0
5,positive,49,15,2,0,0.000000,0
5,positive,49,16,0,0,0.000000,0
5,positive,49,17,2,0,0.000000,0
5,positive,49,18,2,0,0.000000,0
5,positive,49,19,2,0,0.000000,0
5,positive,49,20,2,0,0.000000,0
5,positive,49,21,2,0,0.000000,0
5,positive,49,22,2,0,0.000000,0
5,positive,49,23,0,0,0.000000,0
5,positive,49,24,2,0,0.000000,0
5,positive,49,25,2,0,0.000000,0
5,positive,49,26,2,0,0.000000,0
5,positive,49,27,0,0,0.000000,0
5,positive,49,28,0,0,0.000000,0
5,positive,49,29,2,0,0.000000,0
5,positive,49,30,2,0,0.000000,0
5,positive,49,31,2,0,0.000000,0
5,positive,49,32,2,0,0.000000,0
5,positive,49,33,2,0,0.000000,0
5,positive,49,34,2,0,0.000000,0
5,positive,49,35,2,0,0.000000,0
5,positive,49,36,2,0,0.000000,0
5,positive,49,37,2,0,0.000000,0
5,positive,49,38,2,0,0.000000,0
5,positive,49,39,2,0,0.000000,0
5,positive,49,40,2,0,0.000000,0
5,positive,49,41,2,0,0.000000,0
5,positive,49,42,2,0,0.000000,0
5,positive,49,43,2,0,0.000000,0
5,positive,49,44,2,0,0.000000,0
5,positive,49,45,2,0,0.000000,0
5,positive,49,46,0,0,0.000000,0
5,positive,49,47,2,0,0.000000,0
5,positive,49,48,2,0,0.000000,0
5,positive,49,49,2,0,0.000000,0
6,positive,0,0,0,0,0.000000,0
6,positive,0,1,0,0,0.000000,0
6,positive,0,2,0,0,0.000000,0
6,positive,0,3,2,0,0.000000,0
6,positive,0,4,2,0,0.000000,0
6,positive,0,5,2,0,0.000000,0
6,positive,0,6,0,0,0.000000,0
6,positive,0,7,2,0,0.000000,0
6,positive,0,8,2,0,0.000000,0
6,positive,0,9,2,0,0.000000,0
6,positive,0,10,2,0,0.000000,0
6,positive,0,11,2,0,0.000000,0
6,positive,0,12,2,0,0.000000,0
6,positive,0,13,2,0,0.000000,0
6,positive,0,14,2,0,0.000000,0
6,positive,0,15,2,0,0.000000,0
6,positive,0,16,2,0,0.000000,0
6,positive,0,17,2,0,0.000000,0
6,positive,0,18,2,0,0.000000,0
6,positive,0,19,2,0,0.000000,0
6,positive,0,20,2,0,0.000000,0
6,positive,0,21,2,0,0.000000,0
6,positive,0,22,2,0,0.000000,0
6,positive,0,23,2,0,0.000000,0
6,positive,0,24,2,0,0.000000,0
6,positive,0,25,2,0,0.000000,0
6,positive,0,26,0,0,0.000000,0
6,positive,0,27,2,0,0.000000,0
6,positive,0,28,2,0,0.000000,0
6,positive,0,29,2,0,0.000000,0
6,positive,0,30,2,0,0.000000,0
6,positive,0,31,2,0,0.000000,0
6,positive,0,32,2,0,0.000000,0
6,positive,0,33,2,0,0.000000,0
6,positive,0,34,2,0,0.000000,0
6,positive,0,35,2,0,0.000000,0
6,positive,0,36,2,0,0.000000,0
6,positive,0,37,2,0,0.000000,0
6,positive,0,38,0,0,0.000000,0
6,positive,0,39,2,0,0.000000,0
6,positive,0,40,2,0,0.000000,0
6,positive,0,41,2,0,0.000000,0
6,positive,0,42,2,0,0.000000,0
6,positive,0,43,2,0,0.000000,0
6,positive,0,44,2,0,0.000000,0
6,positive,0,45,2,0,0.000000,0
6,positive,0,46,2,0,0.000000,0
6,positive,0,47,2,0,0.000000,0
6,positive,0,48,2,0,0.000000,0
6,positive,0,49,2,0,0.000000,0
6,positive,1,0,2,0,0.000000,0
6,positive,1,1,2,0,0.000000,0
6,positive,1,2,2,0,0.000000,0
6,positive,1,3,2,0,0.000000,0
6,positive,1,4,2,0,0.000000,0
6,positive,1,5,2,0,0.000000,0
6,positive,1,6,2,0,0.000000,0
6,positive,1,7,2,0,0.000000,0
6,positive,1,8,2,0,0.000000,0
6,positive,1,9,0,0,0.000000,0
6,positive,1,10,2,0,0.000000,0
6,positive,1,11,0,0,0.000000,0
6,positive,1,12,2,0,0.000000,0
6,positive,1,13,2,0,0.000000,0
6,positive,1,14,2,0,0.000000,0
6,positive,1,15,2,0,0.000000,0
6,positive,1,16,2,0,0.000000,0
6,positive,1,17,2,0,0.000000,0
6,positive,1,18,2,0,0.000000,0
6,positive,1,19,2,0,0.000000,0
6,positive,1,20,2,0,0.000000,0
6,positive,1,21,0,0,0.000000,0
6,positive,1,22,0,0,0.000000,0
6,positive,1,23,2,0,0.000000,0
6,positive,1,24,2,0,0.000000,0
6,positive,1,25,2,0,0.000000,0
6,positive,1,26,2,0,0.000000,0
6,positive,1,27,2,0,0.000000,0
6,positive,1,28,2,0,0.000000,0
6,positive,1,29,0,0,0.000000,0
6,positive,1,30,2,0,0.000000,0
6,positive,1,31,2,0,0.000000,0
6,positive,1,32,2,0,0.000000,0
6,positive,1,33,2,0,0.000000,0
6,positive,1,34,2,0,0.000000,0
6,positive,1,35,2,0,0.000000,0
6,positive,1,36,2,0,0.000000,0
6,positive,1,37,2,0,0.000000,0
6,positive,1,38,2,0,0.000000,0
6,positive,1,39,2,0,0.000000,0
6,positive,1,40,2,0,0.000000,0
6,positive,1,41,2,0,0.000000,0
6,positive,1,42,0,0,0.000000,0
6,positive,1,43,2,0,0.000000,0
6,positive,1,44,2,0,0.000000,0
6,positive,1,45,2,0,0.000000,0
6,positive,1,46,2,0,0.000000,0
6,positive,1,47,2,0,0.000000,0
6,positive,1,48,0,0,0.000000,0
6,positive,1,49,2,0,0.000000,0
6,positive,2,0,2,0,0.000000,0
6,positive,2,1,2,0,0.000000,0
6,positive,2,2,2,0,0.000000,0
6,positive,2,3,2,0,0.000000,0
6,positive,2,4,2,0,0.000000,0
6,positive,2,5,2,0,0.000000,0
6,positive,2,6,2,0,0.000000,0
6,positive,2,7,2,0,0.000000,0
6,positive,2,8,2,0,0.000000,0
6,positive,2,9,2,0,0.000000,0
6,positive,2,10,2,0,0.000000,0
6,positive,2,11,2,0,0.000000,0
6,positive,2,12,0,0,0.000000,0
6,positive,2,13,2,0,0.000000,0
6,positive,2,14,2,0,0.000000,0
6,positive,2,15,2,0,0.000000,0
6,positive,2,16,0,0,0.000000,0
6,positive,2,17,2,0,0.000000,0
6,positive,2,18,2,0,0.000000,0
6,positive,2,19,2,0,0.000000,0
6,positive,2,20,2,0,0.000000,0
6,positive,2,21,2,0,0.000000,0
6,positive,2,22,2,0,0.000000,0
6,positive,2,23,0,0,0.000000,0
6,positive,2,24,2,0,0.000000,0
6,positive,2,25,2,0,0.000000,0
6,positive,2,26,2,0,0.000000,0
6,positive,2,27,2,0,0.000000,0
6,positive,2,28,2,0,0.000000,0
6,positive,2,29,2,0,0.000000,0
6,positive,2,30,2,0,0.000000,0
6,positive,2,31,2,0,0.000000,0
6,positive,2,32,0,0,0.000000,0
6,positive,2,33,2,0,0.000000,0
6,positive,2,34,2,0,0.000000,0
6,positive,2,35,2,0,0.000000,0
6,positive,2,36,2,0,0.000000,0
6,positive,2,37,2,0,0.000000,0
6,positive,2,38,2,0,0.000000,0
6,positive,2,39,2,0,0.000000,0
6,positive,2,40,0,0,0.000000,0
6,positive,2,41,2,0,0.000000,0
6,positive,2,42,0,0,0.000000,0
6,positive,2,43,2,0,0.000000,0
6,positive,2,44,2,0,0.000000,0
6,positive,2,45,2,0,0.000000,0
6,positive,2,46,2,0,0.000000,0
6,positive,2,47,2,0,0.000000,0
6,positive,2,48,2,0,0.000000,0
6,positive,2,49,2,0,0.000000,0
6,positive,3,0,2,0,0.000000,0
6,positive,3,1,2,0,0.000000,0
6,positive,3,2,2,0,0.000000,0
6,positive,3,3,2,0,0.000000,0
6,positive,3,4,0,0,0.000000,0
6,positive,3,5,2,0,0.000000,0
6,positive,3,6,2,0,0.000000,0
6,positive,3,7,2,0,0.000000,0
6,positive,3,8,2,0,0.000000,0
6,positive,3,9,2,0,0.000000,0
6,positive,3,10,2,0,0.000000,0
6,positive,3,11,2,0,0.000000,0
6,positive,3,12,2,0,0.000000,0
6,positive,3,13,2,0,0.000000,0
6,positive,3,14,2,0,0.000000,0
6,positive,3,15,2,0,0.000000,0
6,positive,3,16,2,0,0.000000,0
6,positive,3,17,2,0,0.000000,0
6,positive,3,18,2,0,0.000000,0
6,positive,3,19,2,0,0.000000,0
6,positive,3,20,2,0,0.000000,0
6,positive,3,21,2,0,0.000000,0
6,positive,3,22,2,0,0.000000,0
6,positive,3,23,2,0,0.000000,0
6,positive,3,24,2,0,0.000000,0
6,positive,3,25,2,0,0.000000,0
6,positive,3,26,2,0,0.000000,0
6,positive,3,27,2,0,0.000000,0
6,positive,3,28,2,0,0.000000,0
6,positive,3,29,2,0,0.000000,0
6,positive,3,30,2,0,0.000000,0
6,positive,3,31,2,0,0.000000,0
6,positive,3,32,2,0,0.000000,0
6,positive,3,33,2,0,0.000000,0
6,positive,3,34,2,0,0.000000,0
6,positive,3,35,2,0,0.000000,0
6,positive,3,36,2,0,0.000000,0
6,positive,3,37,2,0,0.000000,0
6,positive,3,38,2,0,0.000000,0
6,positive,3,39,2,0,0.000000,0
6,positive,3,40,2,0,0.000000,0
6,positive,3,41,2,0,0.000000,0
6,positive,3,42,2,0,0.000000,0
6,positive,3,43,2,0,0.000000,0
6,positive,3,44,2,0,0.000000,0
6,positive,3,45,2,0,0.000000,0
6,positive,3,46,2,0,0.000000,0
6,positive,3,47,2,0,0.000000,0
6,positive,3,48,2,0,0.000000,0
6,positive,3,49,2,0,0.000000,0
6,positive,4,0,2,0,0.000000,0
6,positive,4,1,2,0,0.000000,0
6,positive,4,2,2,0,0.000000,0
6,positive,4,3,2,0,0.000000,0
6,positive,4,4,2,0,0.000000,0
6,positive,4,5,2,0,0.000000,0
6,positive,4,6,2,0,0.000000,0
6,positive,4,7,0,0,0.000000,0
6,positive,4,8,2,0,0.000000,0
6,positive,4,9,2,0,0.000000,0
6,positive,4,10,2,0,0.000000,0
6,positive,4,11,2,0,0.000000,0
6,positive,4,12,2,0,0.000000,0
6,positive,4,13,2,0,0.000000,0
6,positive,4,14,2,0,0.000000,0
6,positive,4,15,2,0,0.000000,0
6,positive,4,16,2,0,0.000000,0
6,positive,4,17,2,0,0.000000,0
6,positive,4,18,2,0,0.000000,0
6,positive,4,19,2,0,0.000000,0
6,positive,4,20,2,0,0.000000,0
6,positive,4,21,2,0,0.000000,0
6,positive,4,22,2,0,0.000000,0
6,positive,4,23,2,0,0.000000,0
6,positive,4,24,2,0,0.000000,0
6,positive,4,25,2,0,0.000000,0
6,positive,4,26,2,0,0.000000,0
6,positive,4,27,2,0,0.000000,0
6,positive,4,28,2,0,0.000000,0
6,positive,4,29,2,0,0.000000,0
6,positive,4,30,2,0,0.000000,0
6,positive,4,31,2,0,0.000000,0
6,positive,4,32,2,0,0.000000,0
6,positive,4,33,2,0,0.000000,0
6,positive,4,34,2,0,0.000000,0
6,positive,4,35,2,0,0.000000,0
6,positive,4,36,2,0,0.000000,0
6,positive,4,37,2,0,0.000000,0
6,positive,4,38,2,0,0.000000,0
6,positive,4,39,2,0,0.000000,0
6,positive,4,40,2,0,0.000000,0
6,positive,4,41,0,0,0.000000,0
6,positive,4,42,2,0,0.000000,0
6,positive,4,43,2,0,0.000000,0
6,positive,4,44,2,0,0.000000,0
6,positive,4,45,2,0,0.000000,0
6,positive,4,46,2,0,0.000000,0
6,positive,4,47,0,0,0.000000,0
6,positive,4,48,2,0,0.000000,0
6,positive,4,49,2,0,0.000000,0
6,positive,5,0,2,0,0.000000,0
6,positive,5,1,2,0,0.000000,0
6,positive,5,2,2,0,0.000000,0
6,positive,5,3,2,0,0.000000,0
6,positive,5,4,2,0,0.000000,0
6,positive,5,5,2,0,0.000000,0
6,positive,5,6,2,0,0.000000,0
6,positive,5,7,2,0,0.000000,0
6,positive,5,8,2,0,0.000000,0
6,positive,5,9,2,0,0.000000,0
6,positive,5,10,2,0,0.000000,0
6,positive,5,11,2,0,0.000000,0
6,positive,5,12,2,0,0.000000,0
6,positive,5,13,2,0,0.000000,0
6,positive,5,14,2,0,0.000000,0
6,positive,5,15,0,0,0.000000,0
6,positive,5,16,2,0,0.000000,0
6,positive,5,17,0,0,0.000000,0
6,positive,5,18,2,0,0.000000,0
6,positive,5,19,2,0,0.000000,0
6,positive,5,20,2,0,0.000000,0
6,positive,5,21,0,0,0.000000,0
6,positive,5,22,2,0,0.000000,0
6,positive,5,23,0,0,0.000000,0
6,positive,5,24,2,0,0.000000,0
6,positive,5,25,2,0,0.000000,0
6,positive,5,26,2,0,0.000000,0
6,positive,5,27,2,0,0.000000,0
6,positive,5,28,2,0,0.000000,0
6,positive,5,29,2,0,0.000000,0
6,positive,5,30,2,0,0.000000,0
6,positive,5,31,0,0,0.000000,0
6,positive,5,32,2,0,0.000000,0
6,positive,5,33,2,0,0.000000,0
6,positive,5,34,2,0,0.000000,0
6,positive,5,35,2,0,0.000000,0
6,positive,5,36,2,0,0.000000,0
6,positive,5,37,2,0,0.000000,0
6,positive,5,38,0,0,0.000000,0
6,positive,5,39,2,0,0.000000,0
6,positive,5,40,0,0,0.000000,0
6,positive,5,41,2,0,0.000000,0
6,positive,5,42,2,0,0.000000,0
6,positive,5,43,2,0,0.000000,0
6,positive,5,44,2,0,0.000000,0
6,positive,5,45,2,0,0.000000,0
6,positive,5,46,2,0,0.000000,0
6,positive,5,47,2,0,0.000000,0
6,positive,5,48,2,0,0.000000,0
6,positive,5,49,2,0,0.000000,0
6,positive,6,0,2,0,0.000000,0
6,positive,6,1,2,0,0.000000,0
6,positive,6,2,2,0,0.000000,0
6,positive,6,3,2,0,0.000000,0
6,positive,6,4,2,0,0.000000,0
6,positive,6,5,2,0,0.000000,0
6,positive,6,6,0,0,0.000000,0
6,positive,6,7,2,0,0.000000,0
6,positive,6,8,2,0,0.000000,0
6,positive,6,9,2,0,0.000000,0
6,positive,6,10,2,0,0.000000,0
6,positive,6,11,2,0,0.000000,0
6,positive,6,12,2,0,0.000000,0
6,positive,6,13,2,0,0.000000,0
6,positive,6,14,2,0,0.000000,0
6,positive,6,15,2,0,0.000000,0
6,positive,6,16,2,0,0.000000,0
6,positive,6,17,2,0,0.000000,0
6,positive,6,18,2,0,0.000000,0
6,positive,6,19,2,0,0.000000,0
6,positive,6,20,2,0,0.000000,0
6,positive,6,21,2,0,0.000000,0
6,positive,6,22,2,0,0.000000,0
6,positive,6,23,0,0,0.000000,0
6,positive,6,24,2,0,0.000000,0
6,positive,6,25,2,0,0.000000,0
6,positive,6,26,2,0,0.000000,0
6,positive,6,27,2,0,0.000000,0
6,positive,6,28,2,0,0.000000,0
6,positive,6,29,2,0,0.000000,0
6,positive,6,30,2,0,0.000000,0
6,positive,6,31,2,0,0.000000,0
6,positive,6,32,0,0,0.000000,0
6,positive,6,33,2,0,0.000000,0
6,positive,6,34,2,0,0.000000,0
6,positive,6,35,2,0,0.000000,0
6,positive,6,36,2,0,0.000000,0
6,positive,6,37,0,0,0.000000,0
6,positive,6,38,2,0,0.000000,0
6,positive,6,39,2,0,0.000000,0
6,positive,6,40,2,0,0.000000,0
6,positive,6,41,2,0,0.000000,0
6,positive,6,42,2,0,0.000000,0
6,positive,6,43,2,0,0.000000,0
6,positive,6,44,2,0,0.000000,0
6,positive,6,45,2,0,0.000000,0
6,positive,6,46,2,0,0.000000,0
6,positive,6,47,2,0,0.000000,0
6,positive,6,48,2,0,0.000000,0
6,positive,6,49,2,0,0.000000,0
6,positive,7,0,2,0,0.000000,0
6,positive,7,1,2,0,0.000000,0
6,positive,7,2,2,0,0.000000,0
6,positive,7,3,2,0,0.000000,0
6,positive,7,4,2,0,0.000000,0
6,positive,7,5,2,0,0.000000,0
6,positive,7,6,0,0,0.000000,0
6,positive,7,7,2,0,0.000000,0
6,positive,7,8,2,0,0.000000,0
6,positive,7,9,2,0,0.000000,0
6,positive,7,10,2,0,0.000000,0
6,positive,7,11,2,0,0.000000,0
6,positive,7,12,2,0,0.000000,0
6,positive,7,13,2,0,0.000000,0
6,positive,7,14,2,0,0.000000,0
6,positive,7,15,0,0,0.000000,0
6,positive,7,16,0,0,0.000000,0
6,positive,7,17,2,0,0.000000,0
6,positive,7,18,2,0,0.000000,0
6,positive,7,19,2,0,0.000000,0
6,positive,7,20,2,0,0.000000,0
6,positive,7,21,0,0,0.000000,0
6,positive,7,22,2,0,0.000000,0
6,positive,7,23,2,0,0.000000,0
6,positive,7,24,2,0,0.000000,0
6,positive,7,25,0,0,0.000000,0
6,positive,7,26,2,0,0.000000,0
6,positive,7,27,2,0,0.000000,0
6,positive,7,28,2,0,0.000000,0
6,positive,7,29,2,0,0.000000,0
6,positive,7,30,2,0,0.000000,0
6,positive,7,31,2,0,0.000000,0
6,positive,7,32,2,0,0.000000,0
6,positive,7,33,2,0,0.000000,0
6,positive,7,34,2,0,0.000000,0
6,positive,7,35,2,0,0.000000,0
6,positive,7,36,2,0,0.000000,0
6,positive,7,37,2,0,0.000000,0
6,positive,7,38,2,0,0.000000,0
6,positive,7,39,2,0,0.000000,0
6,positive,7,40,2,0,0.000000,0
6,positive,7,41,0,0,0.000000,0
6,positive,7,42,2,0,0.000000,0
6,positive,7,43,2,0,0.000000,0
6,positive,7,44,2,0,0.000000,0
6,positive,7,45,2,0,0.000000,0
6,positive,7,46,2,0,0.000000,0
6,positive,7,47,2,0,0.000000,0
6,positive,7,48,2,0,0.000000,0
6,positive,7,49,2,0,0.000000,0
6,positive,8,0,2,0,0.000000,0
6,positive,8,1,2,0,0.000000,0
6,positive,8,2,2,0,0.000000,0
6,positive,8,3,2,0,0.000000,0
6,positive,8,4,2,0,0.000000,0
6,positive,8,5,2,0,0.000000,0
6,positive,8,6,2,0,0.000000,0
6,positive,8,7,2,0,0.000000,0
6,positive,8,8,2,0,0.000000,0
6,positive,8,9,2,0,0.000000,0
6,positive,8,10,2,0,0.000000,0
6,positive,8,11,2,0,0.000000,0
6,positive,8,12,2,0,0.000000,0
6,positive,8,13,2,0,0.000000,0
6,positive,8,14,2,0,0.000000,0
6,positive,8,15,2,0,0.000000,0
6,positive,8,16,2,0,0.000000,0
6,positive,8,17,2,0,0.000000,0
6,positive,8,18,2,0,0.000000,0
6,positive,8,19,2,0,0.000000,0
6,positive,8,20,2,0,0.000000,0
6,positive,8,21,2,0,0.000000,0
6,positive,8,22,2,0,0.000000,0
6,positive,8,23,2,0,0.000000,0
6,positive,8,24,2,0,0.000000,0
6,positive,8,25,2,0,0.000000,0
6,positive,8,26,0,0,0.000000,0
6,positive,8,27,0,0,0.000000,0
6,positive,8,28,2,0,0.000000,0
6,positive,8,29,2,0,0.000000,0
6,positive,8,30,2,0,0.000000,0
6,positive,8,31,2,0,0.000000,0
6,positive,8,32,2,0,0.000000,0
6,positive,8,33,2,0,0.000000,0
6,positive,8,34,2,0,0.000000,0
6,positive,8,35,2,0,0.000000,0
6,positive,8,36,2,0,0.000000,0
6,positive,8,37,2,0,0.000000,0
6,positive,8,38,2,0,0.000000,0
6,positive,8,39,2,0,0.000000,0
6,positive,8,40,2,0,0.000000,0
6,positive,8,41,2,0,0.000000,0
6,positive,8,42,2,0,0.000000,0
6,positive,8,43,2,0,0.000000,0
6,positive,8,44,2,0,0.000000,0
6,positive,8,45,2,0,0.000000,0
6,positive,8,46,2,0,0.000000,0
6,positive,8,47,2,0,0.000000,0
6,positive,8,48,2,0,0.000000,0
6,positive,8,49,2,0,0.000000,0
6,positive,9,0,2,0,0.000000,0
6,positive,9,1,2,0,0.000000,0
6,positive,9,2,2,0,0.000000,0
6,positive,9,3,2,0,0.000000,0
6,positive,9,4,2,0,0.000000,0
6,positive,9,5,2,0,0.000000,0
6,positive,9,6,2,0,0.000000,0
6,positive,9,7,2,0,0.000000,0
6,positive,9,8,2,0,0.000000,0
6,positive,9,9,2,0,0.000000,0
6,positive,9,10,2,0,0.000000,0
6,positive,9,11,2,0,0.000000,0
6,positive,9,12,2,0,0.000000,0
6,positive,9,13,2,0,0.000000,0
6,positive,9,14,2,0,0.000000,0
6,positive,9,15,2,0,0.000000,0
6,positive,9,16,2,0,0.000000,0
6,positive,9,17,2,0,0.000000,0
6,positive,9,18,2,0,0.000000,0
6,positive,9,19,2,0,0.000000,0
6,positive,9,20,2,0,0.000000,0
6,positive,9,21,2,0,0.000000,0
6,positive,9,22,2,0,0.000000,0
6,positive,9,23,2,0,0.000000,0
6,positive,9,24,2,0,0.000000,0
6,positive,9,25,2,0,0.000000,0
6,positive,9,26,2,0,0.000000,0
6,positive,9,27,2,0,0.000000,0
6,positive,9,28,0,0,0.000000,0
6,positive,9,29,2,0,0.000000,0
6,positive,9,30,2,0,0.000000,0
6,positive,9,31,2,0,0.000000,0
6,positive,9,32,2,0,0.000000,0
6,positive,9,33,2,0,0.000000,0
6,positive,9,34,2,0,0.000000,0
6,positive,9,35,2,0,0.000000,0
6,positive,9,36,2,0,0.000000,0
6,positive,9,37,2,0,0.000000,0
6,positive,9,38,2,0,0.000000,0
6,positive,9,39,2,0,0.000000,0
6,positive,9,40,2,0,0.000000,0
6,positive,9,41,0,0,0.000000,0
6,positive,9,42,2,0,0.000000,0
6,positive,9,43,2,0,0.000000,0
6,positive,9,44,2,0,0.000000,0
6,positive,9,45,2,0,0.000000,0
6,positive,9,46,2,0,0.000000,0
6,positive,9,47,2,0,0.000000,0
6,positive,9,48,2,0,0.000000,0
6,positive,9,49,2,0,0.000000,0
6,positive,10,0,2,0,0.000000,0
6,positive,10,1,2,0,0.000000,0
6,positive,10,2,2,0,0.000000,0
6,positive,10,3,2,0,0.000000,0
6,positive,10,4,2,0,0.000000,0
6,positive,10,5,2,0,0.000000,0
6,positive,10,6,2,0,0.000000,0
6,positive,10,7,2,0,0.000000,0
6,positive,10,8,2,0,0.000000,0
6,positive,10,9,2,0,0.000000,0
6,positive,10,10,2,0,0.000000,0
6,positive,10,11,0,0,0.000000,0
6,positive,10,12,0,0,0.000000,0
6,positive,10,13,0,0,0.000000,0
6,positive,10,14,2,0,0.000000,0
6,positive,10,15,2,0,0.000000,0
6,positive,10,16,2,0,0.000000,0
6,positive,10,17,0,0,0.000000,0
6,positive,10,18,2,0,0.000000,0
6,positive,10,19,0,0,0.000000,0
6,positive,10,20,2,0,0.000000,0
6,positive,10,21,2,0,0.000000,0
6,positive,10,22,0,0,0.000000,0
6,positive,10,23,2,0,0.000000,0
6,positive,10,24,0,0,0.000000,0
6,positive,10,25,2,0,0.000000,0
6,positive,10,26,2,0,0.000000,0
6,positive,10,27,2,0,0.000000,0
6,positive,10,28,2,0,0.000000,0
6,positive,10,29,2,0,0.000000,0
6,positive,10,30,2,0,0.000000,0
6,positive,10,31,2,0,0.000000,0
6,positive,10,32,0,0,0.000000,0
6,positive,10,33,2,0,0.000000,0
6,positive,10,34,2,0,0.000000,0
6,positive,10,35,2,0,0.000000,0
6,positive,10,36,2,0,0.000000,0
6,positive,10,37,2,0,0.000000,0
6,positive,10,38,2,0,0.000000,0
6,positive,10,39,2,0,0.000000,0
6,positive,10,40,2,0,0.000000,0
6,positive,10,41,2,0,0.000000,0
6,positive,10,42,2,0,0.000000,0
6,positive,10,43,2,0,0.000000,0
6,positive,10,44,2,0,0.000000,0
6,positive,10,45,2,0,0.000000,0
6,positive,10,46,2,0,0.000000,0
6,positive,10,47,2,0,0.000000,0
6,positive,10,48,0,0,0.000000,0
6,positive,10,49,2,0,0.000000,0
6,positive,11,0,0,0,0.000000,0
6,positive,11,1,2,0,0.000000,0
6,positive,11,2,2,0,0.000000,0
6,positive,11,3,2,0,0.000000,0
6,positive,11,4,2,0,0.000000,0
6,positive,11,5,2,0,0.000000,0
6,positive,11,6,2,0,0.000000,0
6,positive,11,7,2,0,0.000000,0
6,positive,11,8,2,0,0.000000,0
6,positive,11,9,2,0,0.000000,0
6,positive,11,10,2,0,0.000000,0
6,positive,11,11,2,0,0.000000,0
6,positive,11,12,2,0,0.000000,0
6,positive,11,13,0,0,0.000000,0
6,positive,11,14,2,0,0.000000,0
6,positive,11,15,2,0,0.000000,0
6,positive,11,16,2,0,0.000000,0
6,positive,11,17,2,0,0.000000,0
6,positive,11,18,2,0,0.000000,0
6,positive,11,19,2,0,0.000000,0
6,positive,11,20,2,0,0.000000,0
6,positive,11,21,2,0,0.000000,0
6,positive,11,22,2,0,0.000000,0
6,positive,11,23,2,0,0.000000,0
6,positive,11,24,2,0,0.000000,0
6,positive,11,25,2,0,0.000000,0
6,positive,11,26,2,0,0.000000,0
6,positive,11,27,0,0,0.000000,0
6,positive,11,28,2,0,0.000000,0
6,positive,11,29,2,0,0.000000,0
6,positive,11,30,2,0,0.000000,0
6,positive,11,31,2,0,0.000000,0
6,positive,11,32,2,0,0.000000,0
6,positive,11,33,0,0,0.000000,0
6,positive,11,34,2,0,0.000000,0
6,positive,11,35,2,0,0.000000,0
6,positive,11,36,2,0,0.000000,0
6,positive,11,37,2,0,0.000000,0
6,positive,11,38,2,0,0.000000,0
6,positive,11,39,2,0,0.000000,0
6,positive,11,40,2,0,0.000000,0
6,positive,11,41,2,0,0.000000,0
6,positive,11,42,2,0,0.000000,0
6,positive,11,43,2,0,0.000000,0
6,positive,11,44,2,0,0.000000,0
6,positive,11,45,2,0,0.000000,0
6,positive,11,46,2,0,0.000000,0
6,positive,11,47,2,0,0.000000,0
6,positive,11,48,2,0,0.000000,0
6,positive,11,49,2,0,0.000000,0
6,positive,12,0,2,0,0.000000,0
6,positive,12,1,2,0,0.000000,0
6,positive,12,2,2,0,0.000000,0
6,positive,12,3,2,0,0.000000,0
6,positive,12,4,2,0,0.000000,0
6,positive,12,5,2,0,0.000000,0
6,positive,12,6,0,0,0.000000,0
6,positive,12,7,2,0,0.000000,0
6,positive,12,8,2,0,0.000000,0
6,positive,12,9,2,0,0.000000,0
6,positive,12,10,2,0,0.000000,0
6,positive,12,11,2,0,0.000000,0
6,positive,12,12,2,0,0.000000,0
6,positive,12,13,2,0,0.000000,0
6,positive,12,14,2,0,0.000000,0
6,positive,12,15,2,0,0.000000,0
6,positive,12,16,2,0,0.000000,0
6,positive,12,17,2,0,0.000000,0
6,positive,12,18,2,0,0.000000,0
6,positive,12,19,2,0,0.000000,0
6,positive,12,20,2,0,0.000000,0
6,positive,12,21,2,0,0.000000,0
6,positive,12,22,2,0,0.000000,0
6,positive,12,23,2,0,0.000000,0
6,positive,12,24,2,0,0.000000,0
6,positive,12,25,2,0,0.000000,0
6,positive,12,26,2,0,0.000000,0
6,positive,12,27,2,0,0.000000,0
6,positive,12,28,2,0,0.000000,0
6,positive,12,29,2,0,0.000000,0
6,positive,12,30,2,0,0.000000,0
6,positive,12,31,2,0,0.000000,0
6,positive,12,32,2,0,0.000000,0
6,positive,12,33,2,0,0.000000,0
6,positive,12,34,2,0,0.000000,0
6,positive,12,35,0,0,0.000000,0
6,positive,12,36,2,0,0.000000,0
6,positive,12,37,2,0,0.000000,0
6,positive,12,38,2,0,0.000000,0
6,positive,12,39,2,0,0.000000,0
6,positive,12,40,2,0,0.000000,0
6,positive,12,41,2,0,0.000000,0
6,positive,12,42,2,0,0.000000,0
6,positive,12,43,2,0,0.000000,0
6,positive,12,44,2,0,0.000000,0
6,positive,12,45,2,0,0.000000,0
6,positive,12,46,2,0,0.000000,0
6,positive,12,47,2,0,0.000000,0
6,positive,12,48,2,0,0.000000,0
6,positive,12,49,2,0,0.000000,0
6,positive,13,0,2,0,0.000000,0
6,positive,13,1,2,0,0.000000,0
6,positive,13,2,2,0,0.000000,0
6,positive,13,3,2,0,0.000000,0
6,positive,13,4,2,0,0.000000,0
6,positive,13,5,2,0,0.000000,0
6,positive,13,6,2,0,0.000000,0
6,positive,13,7,2,0,0.000000,0
6,positive,13,8,0,0,0.000000,0
6,positive,13,9,0,0,0.000000,0
6,positive,13,10,2,0,0.000000,0
6,positive,13,11,2,0,0.000000,0
6,positive,13,12,2,0,0.000000,0
6,positive,13,13,2,0,0.000000,0
6,positive,13,14,0,0,0.000000,0
6,positive,13,15,2,0,0.000000,0
6,positive,13,16,2,0,0.000000,0
6,positive,13,17,2,0,0.000000,0
6,positive,13,18,2,0,0.000000,0
6,positive,13,19,2,0,0.000000,0
6,positive,13,20,2,0,0.000000,0
6,positive,13,21,2,0,0.000000,0
6,positive,13,22,0,0,0.000000,0
6,positive,13,23,0,0,0.000000,0
6,positive,13,24,2,0,0.000000,0
6,positive,13,25,2,0,0.000000,0
6,positive,13,26,2,0,0.000000,0
6,positive,13,27,2,0,0.000000,0
6,positive,13,28,2,0,0.000000,0
6,positive,13,29,2,0,0.000000,0
6,positive,13,30,2,0,0.000000,0
6,positive,13,31,2,0,0.000000,0
6,positive,13,32,2,0,0.000000,0
6,positive,13,33,2,0,0.000000,0
6,positive,13,34,2,0,0.000000,0
6,positive,13,35,0,0,0.000000,0
6,positive,13,36,0,0,0.000000,0
6,positive,13,37,2,0,0.000000,0
6,positive,13,38,2,0,0.000000,0
6,positive,13,39,2,0,0.000000,0
6,positive,13,40,2,0,0.000000,0
6,positive,13,41,2,0,0.000000,0
6,positive,13,42,2,0,0.000000,0
6,positive,13,43,2,0,0.000000,0
6,positive,13,44,2,0,0.000000,0
6,positive,13,45,2,0,0.000000,0
6,positive,13,46,2,0,0.000000,0
6,positive,13,47,0,0,0.000000,0
6,positive,13,48,2,0,0.000000,0
6,positive,13,49,2,0,0.000000,0
6,positive,14,0,2,0,0.000000,0
6,positive,14,1,2,0,0.000000,0
6,positive,14,2,2,0,0.000000,0
6,positive,14,3,2,0,0.000000,0
6,positive,14,4,2,0,0.000000,0
6,positive,14,5,2,0,0.000000,0
6,positive,14,6,2,0,0.000000,0
6,positive,14,7,2,0,0.000000,0
6,positive,14,8,2,0,0.000000,0
6,positive,14,9,2,0,0.000000,0
6,positive,14,10,2,0,0.000000,0
6,positive,14,11,0,0,0.000000,0
6,positive,14,12,2,0,0.000000,0
6,positive,14,13,2,0,0.000000,0
6,positive,14,14,2,0,0.000000,0
6,positive,14,15,2,0,0.000000,0
6,positive,14,16,2,0,0.000000,0
6,positive,14,17,2,0,0.000000,0
6,positive,14,18,0,0,0.000000,0
6,positive,14,19,2,0,0.000000,0
6,positive,14,20,2,0,0.000000,0
6,positive,14,21,2,0,0.000000,0
6,positive,14,22,2,0,0.000000,0
6,positive,14,23,2,0,0.000000,0
6,positive,14,24,2,0,0.000000,0
6,positive,14,25,2,0,0.000000,0
6,positive,14,26,2,0,0.000000,0
6,positive,14,27,2,0,0.000000,0
6,positive,14,28,2,0,0.000000,0
6,positive,14,29,2,0,0.000000,0
6,positive,14,30,2,0,0.000000,0
6,positive,14,31,2,0,0.000000,0
6,positive,14,32,2,0,0.000000,0
6,positive,14,33,2,0,0.000000,0
6,positive,14,34,2,0,0.000000,0
6,positive,14,35,2,0,0.000000,0
6,positive,14,36,2,0,0.000000,0
6,positive,14,37,0,0,0.000000,0
6,positive,14,38,2,0,0.000000,0
6,positive,14,39,2,0,0.000000,0
6,positive,14,40,2,0,0.000000,0
6,positive,14,41,2,0,0.000000,0
6,positive,14,42,2,0,0.000000,0
6,positive,14,43,2,0,0.000000,0
6,positive,14,44,2,0,0.000000,0
6,positive,14,45,2,0,0.000000,0
6,positive,14,46,2,0,0.000000,0
6,positive,14,47,2,0,0.000000,0
6,positive,14,48,2,0,0.000000,0
6,positive,14,49,0,0,0.000000,0
6,positive,15,0,2,0,0.000000,0
6,positive,15,1,2,0,0.000000,0
6,positive,15,2,2,0,0.000000,0
6,positive,15,3,2,0,0.000000,0
6,positive,15,4,2,0,0.000000,0
6,positive,15,5,2,0,0.000000,0
6,positive,15,6,2,0,0.000000,0
6,positive,15,7,2,0,0.000000,0
6,positive,15,8,2,0,0.000000,0
6,positive,15,9,2,0,0.000000,0
6,positive,15,10,2,0,0.000000,0
6,positive,15,11,0,0,0.000000,0
6,positive,15,12,0,0,0.000000,0
6,positive,15,13,2,0,0.000000,0
6,positive,15,14,2,0,0.000000,0
6,positive,15,15,0,0,0.000000,0
6,positive,15,16,2,0,0.000000,0
6,positive,15,17,2,0,0.000000,0
6,positive,15,18,2,0,0.000000,0
6,positive,15,19,2,0,0.000000,0
6,positive,15,20,2,0,0.000000,0
6,positive,15,21,2,0,0.000000,0
6,positive,15,22,2,0,0.000000,0
6,positive,15,23,2,0,0.000000,0
6,positive,15,24,2,0,0.000000,0
6,positive,15,25,2,0,0.000000,0
6,positive,15,26,2,0,0.000000,0
6,positive,15,27,2,0,0.000000,0
6,positive,15,28,2,0,0.000000,0
6,positive,15,29,2,0,0.000000,0
6,positive,15,30,2,0,0.000000,0
6,positive,15,31,2,0,0.000000,0
6,positive,15,32,2,0,0.000000,0
6,positive,15,33,2,0,0.000000,0
6,positive,15,34,0,0,0.000000,0
6,positive,15,35,2,0,0.000000,0
6,positive,15,36,0,0,0.000000,0
6,positive,15,37,2,0,0.000000,0
6,positive,15,38,2,0,0.000000,0
6,positive,15,39,2,0,0.000000,0
6,positive,15,40,2,0,0.000000,0
6,positive,15,41,2,0,0.000000,0
6,positive,15,42,2,0,0.000000,0
6,positive,15,43,2,0,0.000000,0
6,positive,15,44,2,0,0.000000,0
6,positive,15,45,0,0,0.000000,0
6,positive,15,46,2,0,0.000000,0
6,positive,15,47,2,0,0.000000,0
6,positive,15,48,2,0,0.000000,0
6,positive,15,49,2,0,0.000000,0
6,positive,16,0,2,0,0.000000,0
6,positive,16,1,2,0,0.000000,0
6,positive,16,2,2,0,0.000000,0
6,positive,16,3,0,0,0.000000,0
6,positive,16,4,2,0,0.000000,0
6,positive,16,5,0,0,0.000000,0
6,positive,16,6,2,0,0.000000,0
6,positive,16,7,2,0,0.000000,0
6,positive,16,8,2,0,0.000000,0
6,positive,16,9,2,0,0.000000,0
6,positive,16,10,2,0,0.000000,0
6,positive,16,11,2,0,0.000000,0
6,positive,16,12,2,0,0.000000,0
6,positive,16,13,2,0,0.000000,0
6,positive,16,14,2,0,0.000000,0
6,positive,16,15,2,0,0.000000,0
6,positive,16,16,2,0,0.000000,0
6,positive,16,17,2,0,0.000000,0
6,positive,16,18,2,0,0.000000,0
6,positive,16,19,2,0,0.000000,0
6,positive,16,20,2,0,0.000000,0
6,positive,16,21,2,0,0.000000,0
6,positive,16,22,2,0,0.000000,0
6,positive,16,23,2,0,0.000000,0
6,positive,16,24,2,0,0.000000,0
6,positive,16,25,2,0,0.000000,0
6,positive,16,26,2,0,0.000000,0
6,positive,16,27,2,0,0.000000,0
6,positive,16,28,2,0,0.000000,0
6,positive,16,29,2,0,0.000000,0
6,positive,16,30,2,0,0.000000,0
6,positive,16,31,2,0,0.000000,0
6,positive,16,32,2,0,0.000000,0
6,positive,16,33,2,0,0.000000,0
6,positive,16,34,2,0,0.000000,0
6,positive,16,35,2,0,0.000000,0
6,positive,16,36,2,0,0.000000,0
6,positive,16,37,2,0,0.000000,0
6,positive,16,38,2,0,0.000000,0
6,positive,16,39,2,0,0.000000,0
6,positive,16,40,2,0,0.000000,0
6,positive,16,41,2,0,0.000000,0
6,positive,16,42,0,0,0.000000,0
6,positive,16,43,2,0,0.000000,0
6,positive,16,44,2,0,0.000000,0
6,positive,16,45,2,0,0.000000,0
6,positive,16,46,2,0,0.000000,0
6,positive,16,47,2,0,0.000000,0
6,positive,16,48,2,0,0.000000,0
6,positive,16,49,2,0,0.000000,0
6,positive,17,0,2,0,0.000000,0
6,positive,17,1,2,0,0.000000,0
6,positive,17,2,2,0,0.000000,0
6,positive,17,3,2,0,0.000000,0
6,positive,17,4,2,0,0.000000,0
6,positive,17,5,2,0,0.000000,0
6,positive,17,6,0,0,0.000000,0
6,positive,17,7,2,0,0.000000,0
6,positive,17,8,2,0,0.000000,0
6,positive,17,9,2,0,0.000000,0
6,positive,17,10,2,0,0.000000,0
6,positive,17,11,2,0,0.000000,0
6,positive,17,12,2,0,0.000000,0
6,positive,17,13,2,0,0.000000,0
6,positive,17,14,2,0,0.000000,0
6,positive,17,15,2,0,0.000000,0
6,positive,17,16,2,0,0.000000,0
6,positive,17,17,2,0,0.000000,0
6,positive,17,18,2,0,0.000000,0
6,positive,17,19,2,0,0.000000,0
6,positive,17,20,2,0,0.000000,0
6,positive,17,21,2,0,0.000000,0
6,positive,17,22,2,0,0.000000,0
6,positive,17,23,2,0,0.000000,0
6,positive,17,24,2,0,0.000000,0
6,positive,17,25,2,0,0.000000,0
6,positive,17,26,2,0,0.000000,0
6,positive,17,27,2,0,0.000000,0
6,positive,17,28,2,0,0.000000,0
6,positive,17,29,2,0,0.000000,0
6,positive,17,30,2,0,0.000000,0
6,positive,17,31,2,0,0.000000,0
6,positive,17,32,0,0,0.000000,0
6,positive,17,33,2,0,0.000000,0
6,positive,17,34,2,0,0.000000,0
6,positive,17,35,2,0,0.000000,0
6,positive,17,36,2,0,0.000000,0
6,positive,17,37,2,0,0.000000,0
6,positive,17,38,0,0,0.000000,0
6,positive,17,39,2,0,0.000000,0
6,positive,17,40,0,0,0.000000,0
6,positive,17,41,2,0,0.000000,0
6,positive,17,42,2,0,0.000000,0
6,positive,17,43,2,0,0.000000,0
6,positive,17,44,2,0,0.000000,0
6,positive,17,45,2,0,0.000000,0
6,positive,17,46,2,0,0.000000,0
6,positive,17,47,2,0,0.000000,0
6,positive,17,48,2,0,0.000000,0
6,positive,17,49,2,0,0.000000,0
6,positive,18,0,2,0,0.000000,0
6,positive,18,1,2,0,0.000000,0
6,positive,18,2,2,0,0.000000,0
6,positive,18,3,2,0,0.000000,0
6,positive,18,4,2,0,0.000000,0
6,positive,18,5,2,0,0.000000,0
6,positive,18,6,2,0,0.000000,0
6,positive,18,7,2,0,0.000000,0
6,positive,18,8,2,0,0.000000,0
6,positive,18,9,2,0,0.000000,0
6,positive,18,10,0,0,0.000000,0
6,positive,18,11,2,0,0.000000,0
6,positive,18,12,2,0,0.000000,0
6,positive,18,13,2,0,0.000000,0
6,positive,18,14,2,0,0.000000,0
6,positive,18,15,2,0,0.000000,0
6,positive,18,16,2,0,0.000000,0
6,positive,18,17,2,0,0.000000,0
6,positive,18,18,2,1,1.000000,1
6,positive,18,19,2,1,1.000000,1
6,positive,18,20,2,1,1.000000,1
6,positive,18,21,2,1,1.000000,1
6,positive,18,22,2,1,1.000000,1
6,positive,18,23,2,0,1.000000,1
6,positive,18,24,0,0,0.000000,0
6,positive,18,25,2,0,0.000000,0
6,positive,18,26,2,0,0.000000,0
6,positive,18,27,2,0,0.000000,0
6,positive,18,28,2,0,0.000000,0
6,positive,18,29,0,0,0.000000,0
6,positive,18,30,2,0,0.000000,0
6,positive,18,31,2,0,0.000000,0
6,positive,18,32,2,0,0.000000,0
6,positive,18,33,2,0,0.000000,0
6,positive,18,34,2,0,0.000000,0
6,positive,18,35,2,0,0.000000,0
6,positive,18,36,2,0,0.000000,0
6,positive,18,37,2,0,0.000000,0
6,positive,18,38,2,0,0.000000,0
6,positive,18,39,2,0,0.000000,0
6,positive,18,40,2,0,0.000000,0
6,positive,18,41,2,0,0.000000,0
6,positive,18,42,2,0,0.000000,0
6,positive,18,43,2,0,0.000000,0
6,positive,18,44,2,0,0.000000,0
6,positive,18,45,0,0,0.000000,0
6,positive,18,46,2,0,0.000000,0
6,positive,18,47,2,0,0.000000,0
6,positive,18,48,2,0,0.000000,0
6,positive,18,49,2,0,0.000000,0
6,positive,19,0,0,0,0.000000,0
6,positive,19,1,2,0,0.000000,0
6,positive,19,2,2,0,0.000000,0
6,positive,19,3,2,0,0.000000,0
6,positive,19,4,2,0,0.000000,0
6,positive,19,5,2,0,0.000000,0
6,positive,19,6,2,0,0.000000,0
6,positive,19,7,2,0,0.000000,0
6,positive,19,8,2,0,0.000000,0
6,positive,19,9,2,0,0.000000,0
6,positive,19,10,2,0,0.000000,0
6,positive,19,11,2,0,0.000000,0
6,positive,19,12,2,0,0.000000,0
6,positive,19,13,2,0,0.000000,0
6,positive,19,14,2,0,0.000000,0
6,positive,19,15,2,0,0.000000,0
6,positive,19,16,2,0,0.000000,0
6,positive,19,17,2,0,0.000000,0
6,positive,19,18,2,0,0.000000,0
6,positive,19,19,2,0,0.000000,0
6,positive,19,20,2,0,0.000000,0
6,positive,19,21,2,0,0.000000,0
6,positive,19,22,2,0,0.000000,0
6,positive,19,23,2,0,0.000000,0
6,positive,19,24,2,0,0.000000,0
6,positive,19,25,2,0,0.000000,0
6,positive,19,26,0,0,0.000000,0
6,positive,19,27,2,0,0.000000,0
6,positive,19,28,2,0,0.000000,0
6,positive,19,29,2,0,0.000000,0
6,positive,19,30,2,0,0.000000,0
6,positive,19,31,2,0,0.000000,0
6,positive,19,32,2,0,0.000000,0
6,positive,19,33,2,0,0.000000,0
6,positive,19,34,2,0,0.000000,0
6,positive,19,35,2,0,0.000000,0
6,positive,19,36,0,0,0.000000,0
6,positive,19,37,2,0,0.000000,0
6,positive,19,38,2,0,0.000000,0
6,positive,19,39,2,0,0.000000,0
6,positive,19,40,2,0,0.000000,0
6,positive,19,41,2,0,0.000000,0
6,positive,19,42,2,0,0.000000,0
6,positive,19,43,2,0,0.000000,0
6,positive,19,44,2,0,0.000000,0
6,positive,19,45,0,0,0.000000,0
6,positive,19,46,2,0,0.000000,0
6,positive,19,47,0,0,0.000000,0
6,positive,19,48,2,0,0.000000,0
6,positive,19,49,2,0,0.000000,0
6,positive,20,0,2,0,0.000000,0
6,positive,20,1,2,0,0.000000,0
6,positive,20,2,2,0,0.000000,0
6,positive,20,3,2,0,0.000000,0
6,positive,20,4,2,0,0.000000,0
6,positive,20,5,2,0,0.000000,0
6,positive,20,6,2,0,0.000000,0
6,positive,20,7,2,0,0.000000,0
6,positive,20,8,2,0,0.000000,0
6,positive,20,9,2,0,0.000000,0
6,positive,20,10,2,0,0.000000,0
6,positive,20,11,2,0,0.000000,0
6,positive,20,12,2,0,0.000000,0
6,positive,20,13,2,0,0.000000,0
6,positive,20,14,0,0,0.000000,0
6,positive,20,15,2,0,0.000000,0
6,positive,20,16,2,0,0.000000,0
6,positive,20,17,2,0,0.000000,0
6,positive,20,18,2,0,0.000000,0
6,positive,20,19,2,0,0.000000,0
6,positive,20,20,2,0,0.000000,0
6,positive,20,21,2,0,0.000000,0
6,positive,20,22,2,0,0.000000,0
6,positive,20,23,2,0,0.000000,0
6,positive,20,24,2,0,0.000000,0
6,positive,20,25,2,0,0.000000,0
6,positive,20,26,2,0,0.000000,0
6,positive,20,27,2,0,0.000000,0
6,positive,20,28,2,0,0.000000,0
6,positive,20,29,2,0,0.000000,0
6,positive,20,30,2,0,0.000000,0
6,positive,20,31,2,0,0.000000,0
6,positive,20,32,2,0,0.000000,0
6,positive,20,33,2,0,0.000000,0
6,positive,20,34,2,0,0.000000,0
6,positive,20,35,2,0,0.000000,0
6,positive,20,36,2,0,0.000000,0
6,positive,20,37,0,0,0.000000,0
6,positive,20,38,2,0,0.000000,0
6,positive,20,39,2,0,0.000000,0
6,positive,20,40,2,0,0.000000,0
6,positive,20,41,2,0,0.000000,0
6,positive,20,42,2,0,0.000000,0
6,positive,20,43,2,0,0.000000,0
6,positive,20,44,2,0,0.000000,0
6,positive,20,45,0,0,0.000000,0
6,positive,20,46,2,0,0.000000,0
6,positive,20,47,2,0,0.000000,0
6,positive,20,48,2,0,0.000000,0
6,positive,20,49,2,0,0.000000,0
6,positive,21,0,2,0,0.000000,0
6,positive,21,1,2,0,0.000000,0
6,positive,21,2,0,0,0.000000,0
6,positive,21,3,2,0,0.000000,0
6,positive,21,4,2,0,0.000000,0
6,positive,21,5,0,0,0.000000,0
6,positive,21,6,2,0,0.000000,0
6,positive,21,7,2,0,0.000000,0
6,positive,21,8,2,0,0.000000,0
6,positive,21,9,0,0,0.000000,0
6,positive,21,10,2,0,0.000000,0
6,positive,21,11,2,0,0.000000,0
6,positive,21,12,2,0,0.000000,0
6,positive,21,13,2,0,0.000000,0
6,positive,21,14,2,0,0.000000,0
6,positive,21,15,2,0,0.000000,0
6,positive,21,16,2,0,0.000000,0
6,positive,21,17,0,0,0.000000,0
6,positive,21,18,2,0,0.000000,0
6,positive,21,19,2,0,0.000000,0
6,positive,21,20,2,0,0.000000,0
6,positive,21,21,2,0,0.000000,0
6,positive,21,22,2,0,0.000000,0
6,positive,21,23,0,0,0.000000,0
6,positive,21,24,2,0,0.000000,0
6,positive,21,25,2,0,0.000000,0
6,positive,21,26,2,0,0.000000,0
6,positive,21,27,2,0,0.000000,0
6,positive,21,28,2,0,0.000000,0
6,positive,21,29,2,0,0.000000,0
6,positive,21,30,2,0,0.000000,0
6,positive,21,31,2,0,0.000000,0
6,positive,21,32,2,0,0.000000,0
6,positive,21,33,2,0,0.000000,0
6,positive,21,34,0,0,0.000000,0
6,positive,21,35,2,0,0.000000,0
6,positive,21,36,2,0,0.000000,0
6,positive,21,37,2,0,0.000000,0
6,positive,21,38,2,0,0.000000,0
6,positive,21,39,2,0,0.000000,0
6,positive,21,40,2,0,0.000000,0
6,positive,21,41,2,0,0.000000,0
6,positive,21,42,2,0,0.000000,0
6,positive,21,43,2,0,0.000000,0
6,positive,21,44,2,0,0.000000,0
6,positive,21,45,2,0,0.000000,0
6,positive,21,46,2,0,0.000000,0
6,positive,21,47,2,0,0.000000,0
6,positive,21,48,2,0,0.000000,0
6,positive,21,49,2,0,0.000000,0
6,positive,22,0,2,0,0.000000,0
6,positive,22,1,2,0,0.000000,0
6,positive,22,2,2,0,0.000000,0
6,positive,22,3,2,0,0.000000,0
6,positive,22,4,2,0,0.000000,0
6,positive,22,5,2,0,0.000000,0
6,positive,22,6,2,0,0.000000,0
6,positive,22,7,2,0,0.000000,0
6,positive,22,8,2,0,0.000000,0
6,positive,22,9,2,0,0.000000,0
6,positive,22,10,2,0,0.000000,0
6,positive,22,11,2,0,0.000000,0
6,positive,22,12,2,0,0.000000,0
6,positive,22,13,2,0,0.000000,0
6,positive,22,14,0,0,0.000000,0
6,positive,22,15,2,0,0.000000,0
6,positive,22,16,2,0,0.000000,0
6,positive,22,17,0,0,0.000000,0
6,positive,22,18,2,0,0.000000,0
6,positive,22,19,2,0,0.000000,0
6,positive,22,20,2,0,0.000000,0
6,positive,22,21,2,0,0.000000,0
6,positive,22,22,2,0,0.000000,0
6,positive,22,23,2,0,0.000000,0
6,positive,22,24,2,0,0.000000,0
6,positive,22,25,2,0,0.000000,0
6,positive,22,26,2,0,0.000000,0
6,positive,22,27,2,0,0.000000,0
6,positive,22,28,2,0,0.000000,0
6,positive,22,29,2,0,0.000000,0
6,positive,22,30,2,0,0.000000,0
6,positive,22,31,2,0,0.000000,0
6,positive,22,32,2,0,0.000000,0
6,positive,22,33,2,0,0.000000,0
6,positive,22,34,2,0,0.000000,0
6,positive,22,35,2,0,0.000000,0
6,positive,22,36,2,0,0.000000,0
6,positive,22,37,2,0,0.000000,0
6,positive,22,38,2,0,0.000000,0
6,positive,22,39,0,0,0.000000,0
6,positive,22,40,2,0,0.000000,0
6,positive,22,41,2,0,0.000000,0
6,positive,22,42,2,0,0.000000,0
6,positive,22,43,2,0,0.000000,0
6,positive,22,44,2,0,0.000000,0
6,positive,22,45,2,0,0.000000,0
6,positive,22,46,2,0,0.000000,0
6,positive,22,47,2,0,0.000000,0
6,positive,22,48,2,0,0.000000,0
6,positive,22,49,2,0,0.000000,0
6,positive,23,0,2,0,0.000000,0
6,positive,23,1,2,0,0.000000,0
6,positive,23,2,2,0,0.000000,0
6,positive,23,3,0,0,0.000000,0
6,positive,23,4,2,0,0.000000,0
6,positive,23,5,2,0,0.000000,0
6,positive,23,6,2,0,0.000000,0
6,positive,23,7,2,0,0.000000,0
6,positive,23,8,2,0,0.000000,0
6,positive,23,9,2,0,0.000000,0
6,positive,23,10,2,0,0.000000,0
6,positive,23,11,0,0,0.000000,0
6,positive,23,12,2,0,0.000000,0
6,positive,23,13,2,0,0.000000,0
6,positive,23,14,2,0,0.000000,0
6,positive,23,15,2,0,0.000000,0
6,positive,23,16,2,0,0.000000,0
6,positive,23,17,2,0,0.000000,0
6,positive,23,18,2,0,0.000000,0
6,positive,23,19,2,0,0.000000,0
6,positive,23,20,2,0,0.000000,0
6,positive,23,21,2,0,0.000000,0
6,positive,23,22,2,0,0.000000,0
6,positive,23,23,2,0,0.000000,0
6,positive,23,24,2,0,0.000000,0
6,positive,23,25,2,0,0.000000,0
6,positive,23,26,2,0,0.000000,0
6,positive,23,27,2,0,0.000000,0
6,positive,23,28,2,0,0.000000,0
6,positive,23,29,2,0,0.000000,0
6,positive,23,30,2,0,0.000000,0
6,positive,23,31,2,0,0.000000,0
6,positive,23,32,0,0,0.000000,0
6,positive,23,33,2,0,0.000000,0
6,positive,23,34,0,0,0.000000,0
6,positive,23,35,0,0,0.000000,0
6,positive,23,36,2,0,0.000000,0
6,positive,23,37,2,0,0.000000,0
6,positive,23,38,2,0,0.000000,0
6,positive,23,39,2,0,0.000000,0
6,positive,23,40,2,0,0.000000,0
6,positive,23,41,2,0,0.000000,0
6,positive,23,42,2,0,0.000000,0
6,positive,23,43,2,0,0.000000,0
6,positive,23,44,0,0,0.000000,0
6,positive,23,45,2,0,0.000000,0
6,positive,23,46,2,0,0.000000,0
6,positive,23,47,2,0,0.000000,0
6,positive,23,48,2,0,0.000000,0
6,positive,23,49,2,0,0.000000,0
6,positive,24,0,2,0,0.000000,0
6,positive,24,1,2,0,0.000000,0
6,positive,24,2,2,0,0.000000,0
6,positive,24,3,0,0,0.000000,0
6,positive,24,4,2,0,0.000000,0
6,positive,24,5,2,0,0.000000,0
6,positive,24,6,2,0,0.000000,0
6,positive,24,7,2,0,0.000000,0
6,positive,24,8,2,0,0.000000,0
6,positive,24,9,2,0,0.000000,0
6,positive,24,10,2,0,0.000000,0
6,positive,24,11,2,0,0.000000,0
6,positive,24,12,2,0,0.000000,0
6,positive,24,13,2,0,0.000000,0
6,positive,24,14,2,0,0.000000,0
6,positive,24,15,2,0,0.000000,0
6,positive,24,16,2,0,0.000000,0
6,positive,24,17,2,0,0.000000,0
6,positive,24,18,2,0,0.000000,0
6,positive,24,19,2,0,0.000000,0
6,positive,24,20,2,0,0.000000,0
6,positive,24,21,0,0,0.000000,0
6,positive,24,22,2,0,0.000000,0
6,positive,24,23,2,0,0.000000,0
6,positive,24,24,2,0,0.000000,0
6,positive,24,25,2,0,0.000000,0
6,positive,24,26,2,0,0.000000,0
6,positive,24,27,2,0,0.000000,0
6,positive,24,28,2,0,0.000000,0
6,positive,24,29,2,0,0.000000,0
6,positive,24,30,0,0,0.000000,0
6,positive,24,31,2,0,0.000000,0
6,positive,24,32,2,0,0.000000,0
6,positive,24,33,2,0,0.000000,0
6,positive,24,34,2,0,0.000000,0
6,positive,24,35,2,0,0.000000,0
6,positive,24,36,2,0,0.000000,0
6,positive,24,37,2,0,0.000000,0
6,positive,24,38,2,0,0.000000,0
6,positive,24,39,2,0,0.000000,0
6,positive,24,40,2,0,0.000000,0
6,positive,24,41,2,0,0.000000,0
6,positive,24,42,2,0,0.000000,0
6,positive,24,43,2,0,0.000000,0
6,positive,24,44,2,0,0.000000,0
6,positive,24,45,2,0,0.000000,0
6,positive,24,46,2,0,0.000000,0
6,positive,24,47,2,0,0.000000,0
6,positive,24,48,2,0,0.000000,0
6,positive,24,49,2,0,0.000000,0
6,positive,25,0,2,0,0.000000,0
6,positive,25,1,2,0,0.000000,0
6,positive,25,2,0,0,0.000000,0
6,positive,25,3,2,0,0.000000,0
6,positive,25,4,2,0,0.000000,0
6,positive,25,5,2,0,0.000000,0
6,positive,25,6,2,0,0.000000,0
6,positive,25,7,2,0,0.000000,0
6,positive,25,8,2,0,0.000000,0
6,positive,25,9,2,0,0.000000,0
6,positive,25,10,2,0,0.000000,0
6,positive,25,11,2,0,0.000000,0
6,positive,25,12,2,0,0.000000,0
6,positive,25,13,2,0,0.000000,0
6,positive,25,14,0,0,0.000000,0
6,positive,25,15,2,0,0.000000,0
6,positive,25,16,2,0,0.000000,0
6,positive,25,17,2,0,0.000000,0
6,positive,25,18,2,0,0.000000,0
6,positive,25,19,2,0,0.000000,0
6,positive,25,20,2,0,0.000000,0
6,positive,25,21,2,0,0.000000,0
6,positive,25,22,2,0,0.000000,0
6,positive,25,23,2,0,0.000000,0
6,positive,25,24,2,0,0.000000,0
6,positive,25,25,2,0,0.000000,0
6,positive,25,26,2,0,0.000000,0
6,positive,25,27,2,0,0.000000,0
6,positive,25,28,2,0,0.000000,0
6,positive,25,29,2,0,0.000000,0
6,positive,25,30,2,0,0.000000,0
6,positive,25,31,2,0,0.000000,0
6,positive,25,32,2,0,0.000000,0
6,positive,25,33,0,0,0.000000,0
6,positive,25,34,2,0,0.000000,0
6,positive,25,35,2,0,0.000000,0
6,positive,25,36,2,0,0.000000,0
6,positive,25,37,0,0,0.000000,0
6,positive,25,38,2,0,0.000000,0
6,positive,25,39,2,0,0.000000,0
6,positive,25,40,2,0,0.000000,0
6,positive,25,41,2,0,0.000000,0
6,positive,25,42,2,0,0.000000,0
6,positive,25,43,2,0,0.000000,0
6,positive,25,44,2,0,0.000000,0
6,positive,25,45,2,0,0.000000,0
6,positive,25,46,2,0,0.000000,0
6,positive,25,47,2,0,0.000000,0
6,positive,25,48,0,0,0.000000,0
6,positive,25,49,2,0,0.000000,0
6,positive,26,0,2,0,0.000000,0
6,positive,26,1,2,0,0.000000,0
6,positive,26,2,2,0,0.000000,0
6,positive,26,3,2,0,0.000000,0
6,positive,26,4,2,0,0.000000,0
6,positive,26,5,2,0,0.000000,0
6,positive,26,6,2,0,0.000000,0
6,positive,26,7,2,0,0.000000,0
6,positive,26,8,2,0,0.000000,0
6,positive,26,9,2,0,0.000000,0
6,positive,26,10,2,0,0.000000,0
6,positive,26,11,2,0,0.000000,0
6,positive,26,12,0,0,0.000000,0
6,positive,26,13,2,0,0.000000,0
6,positive,26,14,2,0,0.000000,0
6,positive,26,15,2,0,0.000000,0
6,positive,26,16,2,0,0.000000,0
6,positive,26,17,2,0,0.000000,0
6,positive,26,18,2,0,0.000000,0
6,positive,26,19,2,0,0.000000,0
6,positive,26,20,0,0,0.000000,0
6,positive,26,21,2,0,0.000000,0
6,positive,26,22,2,0,0.000000,0
6,positive,26,23,2,0,0.000000,0
6,positive,26,24,2,0,0.000000,0
6,positive,26,25,2,0,0.000000,0
6,positive,26,26,2,0,0.000000,0
6,positive,26,27,2,0,0.000000,0
6,positive,26,28,2,0,0.000000,0
6,positive,26,29,2,0,0.000000,0
6,positive,26,30,2,0,0.000000,0
6,positive,26,31,2,0,0.000000,0
6,positive,26,32,2,0,0.000000,0
6,positive,26,33,2,0,0.000000,0
6,positive,26,34,2,0,0.000000,0
6,positive,26,35,2,0,0.000000,0
6,positive,26,36,2,0,0.000000,0
6,positive,26,37,2,0,0.000000,0
6,positive,26,38,0,0,0.000000,0
6,positive,26,39,2,0,0.000000,0
6,positive,26,40,2,0,0.000000,0
6,positive,26,41,2,0,0.000000,0
6,positive,26,42,2,0,0.000000,0
6,positive,26,43,2,0,0.000000,0
6,positive,26,44,2,0,0.000000,0
6,positive,26,45,2,0,0.000000,0
6,positive,26,46,2,0,0.000000,0
6,positive,26,47,2,0,0.000000,0
6,positive,26,48,2,0,0.000000,0
6,positive,26,49,2,0,0.000000,0
6,positive,27,0,2,0,0.000000,0
6,positive,27,1,2,0,0.000000,0
6,positive,27,2,2,0,0.000000,0
6,positive,27,3,0,0,0.000000,0
6,positive,27,4,2,0,0.000000,0
6,positive,27,5,2,0,0.000000,0
6,positive,27,6,0,0,0.000000,0
6,positive,27,7,2,0,0.000000,0
6,positive,27,8,2,0,0.000000,0
6,positive,27,9,2,0,0.000000,0
6,positive,27,10,2,0,0.000000,0
6,positive,27,11,2,0,0.000000,0
6,positive,27,12,2,0,0.000000,0
6,positive,27,13,2,0,0.000000,0
6,positive,27,14,2,0,0.000000,0
6,positive,27,15,2,0,0.000000,0
6,positive,27,16,2,0,0.000000,0
6,positive,27,17,2,0,0.000000,0
6,positive,27,18,0,0,0.000000,0
6,positive,27,19,2,0,0.000000,0
6,positive,27,20,2,0,0.000000,0
6,positive,27,21,2,0,0.000000,0
6,positive,27,22,2,0,0.000000,0
6,positive,27,23,2,0,0.000000,0
6,positive,27,24,2,0,0.000000,0
6,positive,27,25,2,0,0.000000,0
6,positive,27,26,2,0,0.000000,0
6,positive,27,27,2,0,0.000000,0
6,positive,27,28,2,0,0.000000,0
6,positive,27,29,2,0,0.000000,0
6,positive,27,30,2,0,0.000000,0
6,positive,27,31,0,0,0.000000,0
6,positive,27,32,2,0,0.000000,0
6,positive,27,33,2,0,0.000000,0
6,positive,27,34,0,0,0.000000,0
6,positive,27,35,2,0,0.000000,0
6,positive,27,36,2,0,0.000000,0
6,positive,27,37,2,0,0.000000,0
6,positive,27,38,2,0,0.000000,0
6,positive,27,39,0,0,0.000000,0
6,positive,27,40,2,0,0.000000,0
6,positive,27,41,2,0,0.000000,0
6,positive,27,42,2,0,0.000000,0
6,positive,27,43,2,0,0.000000,0
6,positive,27,44,0,0,0.000000,0
6,positive,27,45,2,0,0.000000,0
6,positive,27,46,2,0,0.000000,0
6,positive,27,47,2,0,0.000000,0
6,positive,27,48,2,0,0.000000,0
6,positive,27,49,2,0,0.000000,0
6,positive,28,0,2,0,0.000000,0
6,positive,28,1,2,0,0.000000,0
6,positive,28,2,2,0,0.000000,0
6,positive,28,3,2,0,0.000000,0
6,positive,28,4,2,0,0.000000,0
6,positive,28,5,2,0,0.000000,0
6,positive,28,6,2,0,0.000000,0
6,positive,28,7,2,0,0.000000,0
6,positive,28,8,2,0,0.000000,0
6,positive,28,9,2,0,0.000000,0
6,positive,28,10,2,0,0.000000,0
6,positive,28,11,2,0,0.000000,0
6,positive,28,12,2,0,0.000000,0
6,positive,28,13,2,0,0.000000,0
6,positive,28,14,2,0,0.000000,0
6,positive,28,15,2,0,0.000000,0
6,positive,28,16,2,0,0.000000,0
6,positive,28,17,2,0,0.000000,0
6,positive,28,18,2,0,0.000000,0
6,positive,28,19,2,0,0.000000,0
6,positive,28,20,2,0,0.000000,0
6,positive,28,21,2,0,0.000000,0
6,positive,28,22,2,0,0.000000,0
6,positive,28,23,0,0,0.000000,0
6,positive,28,24,0,0,0.000000,0
6,positive,28,25,2,0,0.000000,0
6,positive,28,26,2,0,0.000000,0
6,positive,28,27,2,0,0.000000,0
6,positive,28,28,2,0,0.000000,0
6,positive,28,29,2,0,0.000000,0
6,positive,28,30,0,0,0.000000,0
6,positive,28,31,2,0,0.000000,0
6,positive,28,32,2,0,0.000000,0
6,positive,28,33,2,0,0.000000,0
6,positive,28,34,2,0,0.000000,0
6,positive,28,35,2,0,0.000000,0
6,positive,28,36,2,0,0.000000,0
6,positive,28,37,2,0,0.000000,0
6,positive,28,38,2,0,0.000000,0
6,positive,28,39,0,0,0.000000,0
6,positive,28,40,2,0,0.000000,0
6,positive,28,41,2,0,0.000000,0
6,positive,28,42,2,0,0.000000,0
6,positive,28,43,2,0,0.000000,0
6,positive,28,44,2,0,0.000000,0
6,positive,28,45,2,0,0.000000,0
6,positive,28,46,0,0,0.000000,0
6,positive,28,47,2,0,0.000000,0
6,positive,28,48,2,0,0.000000,0
6,positive,28,49,2,0,0.000000,0
6,positive,29,0,2,0,0.000000,0
6,positive,29,1,2,0,0.000000,0
6,positive,29,2,0,0,0.000000,0
6,positive,29,3,2,0,0.000000,0
6,positive,29,4,2,0,0.000000,0
6,positive,29,5,2,0,0.000000,0
6,positive,29,6,2,0,0.000000,0
6,positive,29,7,0,0,0.000000,0
6,positive,29,8,2,0,0.000000,0
6,positive,29,9,2,0,0.000000,0
6,positive,29,10,2,0,0.000000,0
6,positive,29,11,2,0,0.000000,0
6,positive,29,12,2,0,0.000000,0
6,positive,29,13,2,0,0.000000,0
6,positive,29,14,2,0,0.000000,0
6,positive,29,15,2,0,0.000000,0
6,positive,29,16,2,0,0.000000,0
6,positive,29,17,2,0,0.000000,0
6,positive,29,18,2,0,0.000000,0
6,positive,29,19,2,0,0.000000,0
6,positive,29,20,2,0,0.000000,0
6,positive,29,21,2,0,0.000000,0
6,positive,29,22,2,0,0.000000,0
6,positive,29,23,2,0,0.000000,0
6,positive,29,24,2,0,0.000000,0
6,positive,29,25,2,0,0.000000,0
6,positive,29,26,2,0,0.000000,0
6,positive,29,27,2,0,0.000000,0
6,positive,29,28,2,0,0.000000,0
6,positive,29,29,2,0,0.000000,0
6,positive,29,30,0,0,0.000000,0
6,positive,29,31,2,0,0.000000,0
6,positive,29,32,2,0,0.000000,0
6,positive,29,33,2,0,0.000000,0
6,positive,29,34,2,0,0.000000,0
6,positive,29,35,2,0,0.000000,0
6,positive,29,36,2,0,0.000000,0
6,positive,29,37,2,0,0.000000,0
6,positive,29,38,2,0,0.000000,0
6,positive,29,39,2,0,0.000000,0
6,positive,29,40,2,0,0.000000,0
6,positive,29,41,2,0,0.000000,0
6,positive,29,42,2,0,0.000000,0
6,positive,29,43,2,0,0.000000,0
6,positive,29,44,2,0,0.000000,0
6,positive,29,45,2,0,0.000000,0
6,positive,29,46,2,0,0.000000,0
6,positive,29,47,2,0,0.000000,0
6,positive,29,48,2,0,0.000000,0
6,positive,29,49,2,0,0.000000,0
6,positive,30,0,2,0,0.000000,0
6,positive,30,1,2,0,0.000000,0
6,positive,30,2,2,0,0.000000,0
6,positive,30,3,2,0,0.000000,0
6,positive,30,4,2,0,0.000000,0
6,positive,30,5,2,0,0.000000,0
6,positive,30,6,2,0,0.000000,0
6,positive,30,7,2,0,0.000000,0
6,positive,30,8,2,0,0.000000,0
6,positive,30,9,0,0,0.000000,0
6,positive,30,10,2,0,0.000000,0
6,positive,30,11,2,0,0.000000,0
6,positive,30,12,2,0,0.000000,0
6,positive,30,13,0,0,0.000000,0
6,positive,30,14,2,1,1.000000,1
6,positive,30,15,2,1,1.000000,1
6,positive,30,16,2,1,1.000000,1
6,positive,30,17,2,1,1.000000,1
6,positive,30,18,2,1,1.000000,1
6,positive,30,19,2,1,1.000000,1
6,positive,30,20,2,0,0.000000,0
6,positive,30,21,2,0,0.000000,0
6,positive,30,22,2,0,0.000000,0
6,positive,30,23,2,0,0.000000,0
6,positive,30,24,2,0,0.000000,0
6,positive,30,25,2,0,0.000000,0
6,positive,30,26,2,0,0.000000,0
6,positive,30,27,2,0,0.000000,0
6,positive,30,28,2,0,0.000000,0
6,positive,30,29,2,0,0.000000,0
6,positive,30,30,2,0,0.000000,0
6,positive,30,31,2,0,0.000000,0
6,positive,30,32,0,0,0.000000,0
6,positive,30,33,2,0,0.000000,0
6,positive,30,34,2,0,0.000000,0
6,positive,30,35,2,0,0.000000,0
6,positive,30,36,2,0,0.000000,0
6,positive,30,37,2,0,0.000000,0
6,positive,30,38,2,0,0.000000,0
6,positive,30,39,2,0,0.000000,0
6,positive,30,40,2,0,0.000000,0
6,positive,30,41,2,0,0.000000,0
6,positive,30,42,2,0,0.000000,0
6,positive,30,43,2,0,0.000000,0
6,positive,30,44,2,0,0.000000,0
6,positive,30,45,2,0,0.000000,0
6,positive,30,46,2,0,0.000000,0
6,positive,30,47,2,0,0.000000,0
6,positive,30,48,0,0,0.000000,0
6,positive,30,49,2,0,0.000000,0
6,positive,31,0,2,0,0.000000,0
6,positive,31,1,2,0,0.000000,0
6,positive,31,2,2,0,0.000000,0
6,positive,31,3,2,0,0.000000,0
6,positive,31,4,2,0,0.000000,0
6,positive,31,5,2,0,0.000000,0
6,positive,31,6,2,0,0.000000,0
6,positive,31,7,2,0,0.000000,0
6,positive,31,8,2,0,0.000000,0
6,positive,31,9,0,0,0.000000,0
6,positive,31,10,2,0,0.000000,0
6,positive,31,11,2,0,0.000000,0
6,positive,31,12,0,0,0.000000,0
6,positive,31,13,2,0,0.000000,0
6,positive,31,14,2,0,0.000000,0
6,positive,31,15,2,0,0.000000,0
6,positive,31,16,2,0,0.000000,0
6,positive,31,17,2,0,0.000000,0
6,positive,31,18,2,0,0.000000,0
6,positive,31,19,2,0,0.000000,0
6,positive,31,20,2,0,0.000000,0
6,positive,31,21,0,0,0.000000,0
6,positive,31,22,2,0,0.000000,0
6,positive,31,23,2,0,0.000000,0
6,positive,31,24,0,0,0.000000,0
6,positive,31,25,2,0,0.000000,0
6,positive,31,26,0,0,0.000000,0
6,positive,31,27,2,0,0.000000,0
6,positive,31,28,2,0,0.000000,0
6,positive,31,29,2,0,0.000000,0
6,positive,31,30,0,0,0.000000,0
6,positive,31,31,2,0,0.000000,0
6,positive,31,32,2,0,0.000000,0
6,positive,31,33,2,0,0.000000,0
6,positive,31,34,2,0,0.000000,0
6,positive,31,35,2,0,0.000000,0
6,positive,31,36,2,0,0.000000,0
6,positive,31,37,0,0,0.000000,0
6,positive,31,38,2,0,0.000000,0
6,positive,31,39,2,0,0.000000,0
6,positive,31,40,2,0,0.000000,0
6,positive,31,41,2,0,0.000000,0
6,positive,31,42,2,0,0.000000,0
6,positive,31,43,2,0,0.000000,0
6,positive,31,44,2,0,0.000000,0
6,positive,31,45,2,0,0.000000,0
6,positive,31,46,2,0,0.000000,0
6,positive,31,47,2,0,0.000000,0
6,positive,31,48,2,0,0.000000,0
6,positive,31,49,2,0,0.000000,0
6,positive,32,0,2,0,0.000000,0
6,positive,32,1,2,0,0.000000,0
6,positive,32,2,2,0,0.000000,0
6,positive,32,3,2,0,0.000000,0
6,positive,32,4,2,0,0.000000,0
6,positive,32,5,2,0,0.000000,0
6,positive,32,6,2,0,0.000000,0
6,positive,32,7,2,0,0.000000,0
6,positive,32,8,2,0,0.000000,0
6,positive,32,9,2,0,0.000000,0
6,positive,32,10,2,0,0.000000,0
6,positive,32,11,0,0,0.000000,0
6,positive,32,12,2,0,0.000000,0
6,positive,32,13,2,0,0.000000,0
6,positive,32,14,2,0,0.000000,0
6,positive,32,15,2,0,0.000000,0
6,positive,32,16,2,0,0.000000,0
6,positive,32,17,0,0,0.000000,0
6,positive,32,18,2,0,0.000000,0
6,positive,32,19,0,0,0.000000,0
6,positive,32,20,2,0,0.000000,0
6,positive,32,21,2,0,0.000000,0
6,positive,32,22,2,0,0.000000,0
6,positive,32,23,2,0,0.000000,0
6,positive,32,24,2,0,0.000000,0
6,positive,32,25,2,0,0.000000,0
6,positive,32,26,0,0,0.000000,0
6,positive,32,27,0,0,0.000000,0
6,positive,32,28,0,0,0.000000,0
6,positive,32,29,2,0,0.000000,0
6,positive,32,30,2,0,0.000000,0
6,positive,32,31,2,0,0.000000,0
6,positive,32,32,2,0,0.000000,0
6,positive,32,33,2,0,0.000000,0
6,positive,32,34,2,0,0.000000,0
6,positive,32,35,2,0,0.000000,0
6,positive,32,36,2,0,0.000000,0
6,positive,32,37,2,0,0.000000,0
6,positive,32,38,0,0,0.000000,0
6,positive,32,39,2,0,0.000000,0
6,positive,32,40,2,0,0.000000,0
6,positive,32,41,2,0,0.000000,0
6,positive,32,42,2,0,0.000000,0
6,positive,32,43,2,0,0.000000,0
6,positive,32,44,2,0,0.000000,0
6,positive,32,45,2,0,0.000000,0
6,positive,32,46,2,0,0.000000,0
6,positive,32,47,2,0,0.000000,0
6,positive,32,48,2,0,0.000000,0
6,positive,32,49,2,0,0.000000,0
6,positive,33,0,0,0,0.000000,0
6,positive,33,1,2,0,0.000000,0
6,positive,33,2,2,0,0.000000,0
6,positive,33,3,2,0,0.000000,0
6,positive,33,4,2,0,0.000000,0
6,positive,33,5,2,0,0.000000,0
6,positive,33,6,2,0,0.000000,0
6,positive,33,7,2,0,0.000000,0
6,positive,33,8,2,0,0.000000,0
6,positive,33,9,2,0,0.000000,0
6,positive,33,10,2,0,0.000000,0
6,positive,33,11,2,0,0.000000,0
6,positive,33,12,2,0,0.000000,0
6,positive,33,13,2,0,0.000000,0
6,positive,33,14,2,0,0.000000,0
6,positive,33,15,2,0,0.000000,0
6,positive,33,16,2,0,0.000000,0
6,positive,33,17,2,0,0.000000,0
6,positive,33,18,2,0,0.000000,0
6,positive,33,19,2,0,0.000000,0
6,positive,33,20,2,0,0.000000,0
6,positive,33,21,2,0,0.000000,0
6,positive,33,22,0,0,0.000000,0
6,positive,33,23,2,0,0.000000,0
6,positive,33,24,2,0,0.000000,0
6,positive,33,25,2,0,0.000000,0
6,positive,33,26,2,0,0.000000,0
6,positive,33,27,2,0,0.000000,0
6,positive,33,28,2,0,0.000000,0
6,positive,33,29,2,0,0.000000,0
6,positive,33,30,2,0,0.000000,0
6,positive,33,31,2,0,0.000000,0
6,positive,33,32,2,0,0.000000,0
6,positive,33,33,2,0,0.000000,0
6,positive,33,34,2,0,0.000000,0
6,positive,33,35,2,0,0.000000,0
6,positive,33,36,2,0,0.000000,0
6,positive,33,37,0,0,0.000000,0
6,positive,33,38,2,0,0.000000,0
6,positive,33,39,2,0,0.000000,0
6,positive,33,40,2,0,0.000000,0
6,positive,33,41,0,0,0.000000,0
6,positive,33,42,2,0,0.000000,0
6,positive,33,43,2,0,0.000000,0
6,positive,33,44,2,0,0.000000,0
6,positive,33,45,2,0,0.000000,0
6,positive,33,46,2,0,0.000000,0
6,positive,33,47,2,0,0.000000,0
6,positive,33,48,2,0,0.000000,0
6,positive,33,49,2,0,0.000000,0
6,positive,34,0,2,0,0.000000,0
6,positive,34,1,2,0,0.000000,0
6,positive,34,2,2,0,0.000000,0
6,positive,34,3,2,0,0.000000,0
6,positive,34,4,2,0,0.000000,0
6,positive,34,5,2,0,0.000000,0
6,positive,34,6,2,0,0.000000,0
6,positive,34,7,2,0,0.000000,0
6,positive,34,8,0,0,0.000000,0
6,positive,34,9,2,0,0.000000,0
6,positive,34,10,2,0,0.000000,0
6,positive,34,11,2,0,0.000000,0
6,positive,34,12,2,0,0.000000,0
6,positive,34,13,2,0,0.000000,0
6,positive,34,14,2,0,0.000000,0
6,positive,34,15,2,0,0.000000,0
6,positive,34,16,2,0,0.000000,0
6,positive,34,17,2,0,0.000000,0
6,positive,34,18,2,0,0.000000,0
6,positive,34,19,2,0,0.000000,0
6,positive,34,20,2,0,0.000000,0
6,positive,34,21,2,0,0.000000,0
6,positive,34,22,2,0,0.000000,0
6,positive,34,23,2,0,0.000000,0
6,positive,34,24,2,0,0.000000,0
6,positive,34,25,2,0,0.000000,0
6,positive,34,26,2,0,0.000000,0
6,positive,34,27,2,0,0.000000,0
6,positive,34,28,2,0,0.000000,0
6,positive,34,29,2,0,0.000000,0
6,positive,34,30,2,0,0.000000,0
6,positive,34,31,2,0,0.000000,0
6,positive,34,32,2,0,0.000000,0
6,positive,34,33,2,0,0.000000,0
6,positive,34,34,2,0,0.000000,0
6,positive,34,35,2,0,0.000000,0
6,positive,34,36,2,0,0.000000,0
6,positive,34,37,2,0,0.000000,0
6,positive,34,38,2,0,0.000000,0
6,positive,34,39,2,0,0.000000,0
6,positive,34,40,2,0,0.000000,0
6,positive,34,41,2,0,0.000000,0
6,positive,34,42,2,0,0.000000,0
6,positive,34,43,2,0,0.000000,0
6,positive,34,44,2,0,0.000000,0
6,positive,34,45,2,0,0.000000,0
6,positive,34,46,2,0,0.000000,0
6,positive,34,47,2,0,0.000000,0
6,positive,34,48,2,0,0.000000,0
6,positive,34,49,2,0,0.000000,0
6,positive,35,0,2,0,0.000000,0
6,positive,35,1,2,0,0.000000,0
6,positive,35,2,2,0,0.000000,0
6,positive,35,3,2,0,0.000000,0
6,positive,35,4,2,0,0.000000,0
6,positive,35,5,2,0,0.000000,0
6,positive,35,6,2,0,0.000000,0
6,positive,35,7,2,0,0.000000,0
6,positive,35,8,2,0,0.000000,0
6,positive,35,9,0,0,0.000000,0
6,positive,35,10,2,0,0.000000,0
6,positive,35,11,2,0,0.000000,0
6,positive,35,12,2,0,0.000000,0
6,positive,35,13,2,0,0.000000,0
6,positive,35,14,2,0,0.000000,0
6,positive,35,15,2,0,0.000000,0
6,positive,35,16,2,0,0.000000,0
6,positive,35,17,2,0,0.000000,0
6,positive,35,18,2,0,0.000000,0
6,positive,35,19,2,0,0.000000,0
6,positive,35,20,2,0,0.000000,0
6,positive,35,21,2,0,0.000000,0
6,positive,35,22,2,0,0.000000,0
6,positive,35,23,2,0,0.000000,0
6,positive,35,24,2,0,0.000000,0
6,positive,35,25,2,0,0.000000,0
6,positive,35,26,2,0,0.000000,0
6,positive,35,27,2,0,0.000000,0
6,positive,35,28,2,0,0.000000,0
6,positive,35,29,2,0,0.000000,0
6,positive,35,30,2,0,0.000000,0
6,positive,35,31,2,0,0.000000,0
6,positive,35,32,2,0,0.000000,0
6,positive,35,33,2,0,0.000000,0
6,positive,35,34,2,0,0.000000,0
6,positive,35,35,2,0,0.000000,0
6,positive,35,36,2,0,0.000000,0
6,positive,35,37,2,0,0.000000,0
6,positive,35,38,2,0,0.000000,0
6,positive,35,39,2,0,0.000000,0
6,positive,35,40,2,0,0.000000,0
6,positive,35,41,2,0,0.000000,0
6,positive,35,42,2,0,0.000000,0
6,positive,35,43,2,0,0.000000,0
6,positive,35,44,2,0,0.000000,0
6,positive,35,45,2,0,0.000000,0
6,positive,35,46,2,0,0.000000,0
6,positive,35,47,2,0,0.000000,0
6,positive,35,48,2,0,0.000000,0
6,positive,35,49,2,0,0.000000,0
6,positive,36,0,2,0,0.000000,0
6,positive,36,1,2,0,0.000000,0
6,positive,36,2,2,0,0.000000,0
6,positive,36,3,0,0,0.000000,0
6,positive,36,4,2,0,0.000000,0
6,positive,36,5,2,0,0.000000,0
6,positive,36,6,0,0,0.000000,0
6,positive,36,7,2,0,0.000000,0
6,positive,36,8,2,0,0.000000,0
6,positive,36,9,2,0,0.000000,0
6,positive,36,10,2,0,0.000000,0
6,positive,36,11,2,0,0.000000,0
6,positive,36,12,2,0,0.000000,0
6,positive,36,13,2,0,0.000000,0
6,positive,36,14,2,0,0.000000,0
6,positive,36,15,2,0,0.000000,0
6,positive,36,16,0,0,0.000000,0
6,positive,36,17,2,0,0.000000,0
6,positive,36,18,2,0,0.000000,0
6,positive,36,19,2,0,0.000000,0
6,positive,36,20,2,0,0.000000,0
6,positive,36,21,2,0,0.000000,0
6,positive,36,22,2,0,0.000000,0
6,positive,36,23,2,0,0.000000,0
6,positive,36,24,2,0,0.000000,0
6,positive,36,25,2,0,0.000000,0
6,positive,36,26,0,0,0.000000,0
6,positive,36,27,2,0,0.000000,0
6,positive,36,28,2,0,0.000000,0
6,positive,36,29,2,0,0.000000,0
6,positive,36,30,2,0,0.000000,0
6,positive,36,31,2,0,0.000000,0
6,positive,36,32,2,0,0.000000,0
6,positive,36,33,2,0,0.000000,0
6,positive,36,34,2,0,0.000000,0
6,positive,36,35,2,0,0.000000,0
6,positive,36,36,2,0,0.000000,0
6,positive,36,37,2,0,0.000000,0
6,positive,36,38,2,0,0.000000,0
6,positive,36,39,2,0,0.000000,0
6,positive,36,40,2,0,0.000000,0
6,positive,36,41,2,0,0.000000,0
6,positive,36,42,2,0,0.000000,0
6,positive,36,43,0,0,0.000000,0
6,positive,36,44,2,0,0.000000,0
6,positive,36,45,2,0,0.000000,0
6,positive,36,46,2,0,0.000000,0
6,positive,36,47,2,0,0.000000,0
6,positive,36,48,2,0,0.000000,0
6,positive,36,49,2,0,0.000000,0
6,positive,37,0,2,0,0.000000,0
6,positive,37,1,2,0,0.000000,0
6,positive,37,2,2,0,0.000000,0
6,positive,37,3,0,0,0.000000,0
6,positive,37,4,2,0,0.000000,0
6,positive,37,5,2,0,0.000000,0
6,positive,37,6,0,0,0.000000,0
6,positive,37,7,2,0,0.000000,0
6,positive,37,8,2,0,0.000000,0
6,positive,37,9,2,0,0.000000,0
6,positive,37,10,2,0,0.000000,0
6,positive,37,11,0,0,0.000000,0
6,positive,37,12,2,0,0.000000,0
6,positive,37,13,2,0,0.000000,0
6,positive,37,14,2,0,0.000000,0
6,positive,37,15,2,0,0.000000,0
6,positive,37,16,2,0,0.000000,0
6,positive,37,17,0,0,0.000000,0
6,positive,37,18,2,0,0.000000,0
6,positive,37,19,0,0,0.000000,0
6,positive,37,20,2,0,0.000000,0
6,positive,37,21,2,0,0.000000,0
6,positive,37,22,2,0,0.000000,0
6,positive,37,23,2,0,0.000000,0
6,positive,37,24,2,0,0.000000,0
6,positive,37,25,2,0,0.000000,0
6,positive,37,26,2,0,0.000000,0
6,positive,37,27,2,0,0.000000,0
6,positive,37,28,2,0,0.000000,0
6,positive,37,29,2,0,0.000000,0
6,positive,37,30,2,0,0.000000,0
6,positive,37,31,2,0,0.000000,0
6,positive,37,32,2,0,0.000000,0
6,positive,37,33,2,0,0.000000,0
6,positive,37,34,2,0,0.000000,0
6,positive,37,35,2,0,0.000000,0
6,positive,37,36,0,0,0.000000,0
6,positive,37,37,2,0,0.000000,0
6,positive,37,38,2,0,0.000000,0
6,positive,37,39,2,0,0.000000,0
6,positive,37,40,2,0,0.000000,0
6,positive,37,41,2,0,0.000000,0
6,positive,37,42,2,0,0.000000,0
6,positive,37,43,2,0,0.000000,0
6,positive,37,44,2,0,0.000000,0
6,positive,37,45,2,0,0.000000,0
6,positive,37,46,2,0,0.000000,0
6,positive,37,47,2,0,0.000000,0
6,positive,37,48,2,0,0.000000,0
6,positive,37,49,0,0,0.000000,0
6,positive,38,0,2,0,0.000000,0
6,positive,38,1,2,0,0.000000,0
6,positive,38,2,2,0,0.000000,0
6,positive,38,3,2,0,0.000000,0
6,positive,38,4,2,0,0.000000,0
6,positive,38,5,2,0,0.000000,0
6,positive,38,6,2,0,0.000000,0
6,positive,38,7,2,0,0.000000,0
6,positive,38,8,2,0,0.000000,0
6,positive,38,9,2,0,0.000000,0
6,positive,38,10,2,0,0.000000,0
6,positive,38,11,2,0,0.000000,0
6,positive,38,12,2,0,0.000000,0
6,positive,38,13,2,0,0.000000,0
6,positive,38,14,2,0,0.000000,0
6,positive,38,15,2,0,0.000000,0
6,positive,38,16,2,0,0.000000,0
6,positive,38,17,2,0,0.000000,0
6,positive,38,18,0,0,0.000000,0
6,positive,38,19,0,0,0.000000,0
6,positive,38,20,2,0,0.000000,0
6,positive,38,21,2,0,0.000000,0
6,positive,38,22,2,0,0.000000,0
6,positive,38,23,2,0,0.000000,0
6,positive,38,24,0,0,0.000000,0
6,positive,38,25,2,0,0.000000,0
6,positive,38,26,2,0,0.000000,0
6,positive,38,27,2,0,0.000000,0
6,positive,38,28,2,0,0.000000,0
6,positive,38,29,2,0,0.000000,0
6,positive,38,30,0,0,0.000000,0
6,positive,38,31,2,0,0.000000,0
6,positive,38,32,2,0,0.000000,0
6,positive,38,33,2,0,0.000000,0
6,positive,38,34,0,0,0.000000,0
6,positive,38,35,2,0,0.000000,0
6,positive,38,36,2,0,0.000000,0
6,positive,38,37,2,0,0.000000,0
6,positive,38,38,0,0,0.000000,0
6,positive,38,39,2,0,0.000000,0
6,positive,38,40,2,0,0.000000,0
6,positive,38,41,2,0,0.000000,0
6,positive,38,42,2,0,0.000000,0
6,positive,38,43,2,0,0.000000,0
6,positive,38,44,0,0,0.000000,0
6,positive,38,45,0,0,0.000000,0
6,positive,38,46,0,0,0.000000,0
6,positive,38,47,2,0,0.000000,0
6,positive,38,48,2,0,0.000000,0
6,positive,38,49,2,0,0.000000,0
6,positive,39,0,2,0,0.000000,0
6,positive,39,1,2,0,0.000000,0
6,positive,39,2,2,0,0.000000,0
6,positive,39,3,2,0,0.000000,0
6,positive,39,4,2,0,0.000000,0
6,positive,39,5,2,0,0.000000,0
6,positive,39,6,2,0,0.000000,0
6,positive,39,7,2,0,0.000000,0
6,positive,39,8,2,0,0.000000,0
6,positive,39,9,2,0,0.000000,0
6,positive,39,10,2,0,0.000000,0
6,positive,39,11,2,0,0.000000,0
6,positive,39,12,2,0,0.000000,0
6,positive,39,13,2,0,0.000000,0
6,positive,39,14,2,0,0.000000,0
6,positive,39,15,2,0,0.000000,0
6,positive,39,16,2,0,0.000000,0
6,positive,39,17,2,0,0.000000,0
6,positive,39,18,2,0,0.000000,0
6,positive,39,19,2,0,0.000000,0
6,positive,39,20,2,0,0.000000,0
6,positive,39,21,2,0,0.000000,0
6,positive,39,22,2,0,0.000000,0
6,positive,39,23,2,0,0.000000,0
6,positive,39,24,2,0,0.000000,0
6,positive,39,25,2,0,0.000000,0
6,positive,39,26,2,0,0.000000,0
6,positive,39,27,2,0,0.000000,0
6,positive,39,28,2,0,0.000000,0
6,positive,39,29,2,0,0.000000,0
6,positive,39,30,2,0,0.000000,0
6,positive,39,31,2,0,0.000000,0
6,positive,39,32,2,0,0.000000,0
6,positive,39,33,2,0,0.000000,0
6,positive,39,34,2,0,0.000000,0
6,positive,39,35,0,0,0.000000,0
6,positive,39,36,2,0,0.000000,0
6,positive,39,37,2,0,0.000000,0
6,positive,39,38,2,0,0.000000,0
6,positive,39,39,2,0,0.000000,0
6,positive,39,40,2,0,0.000000,0
6,positive,39,41,2,0,0.000000,0
6,positive,39,42,0,0,0.000000,0
6,positive,39,43,2,0,0.000000,0
6,positive,39,44,2,0,0.000000,0
6,positive,39,45,0,0,0.000000,0
6,positive,39,46,2,0,0.000000,0
6,positive,39,47,0,0,0.000000,0
6,positive,39,48,2,0,0.000000,0
6,positive,39,49,2,0,0.000000,0
6,positive,40,0,2,0,0.000000,0
6,positive,40,1,2,0,0.000000,0
6,positive,40,2,2,0,0.000000,0
6,positive,40,3,0,0,0.000000,0
6,positive,40,4,2,0,0.000000,0
6,positive,40,5,2,0,0.000000,0
6,positive,40,6,2,0,0.000000,0
6,positive,40,7,2,0,0.000000,0
6,positive,40,8,2,0,0.000000,0
6,positive,40,9,2,0,0.000000,0
6,positive,40,10,2,0,0.000000,0
6,positive,40,11,2,0,0.000000,0
6,positive,40,12,0,0,0.000000,0
6,positive,40,13,2,0,0.000000,0
6,positive,40,14,2,0,0.000000,0
6,positive,40,15,2,0,0.000000,0
6,positive,40,16,2,0,0.000000,0
6,positive,40,17,2,0,0.000000,0
6,positive,40,18,2,0,0.000000,0
6,positive,40,19,2,0,0.000000,0
6,positive,40,20,2,0,0.000000,0
6,positive,40,21,2,0,0.000000,0
6,positive,40,22,2,0,0.000000,0
6,positive,40,23,2,0,0.000000,0
6,positive,40,24,2,0,0.000000,0
6,positive,40,25,2,0,0.000000,0
6,positive,40,26,2,0,0.000000,0
6,positive,40,27,2,0,0.000000,0
6,positive,40,28,2,0,0.000000,0
6,positive,40,29,2,0,0.000000,0
6,positive,40,30,2,0,0.000000,0
6,positive,40,31,2,0,0.000000,0
6,positive,40,32,2,0,0.000000,0
6,positive,40,33,2,0,0.000000,0
6,positive,40,34,2,0,0.000000,0
6,positive,40,35,0,0,0.000000,0
6,positive,40,36,2,0,0.000000,0
6,positive,40,37,2,0,0.000000,0
6,positive,40,38,2,0,0.000000,0
6,positive,40,39,2,0,0.000000,0
6,positive,40,40,2,0,0.000000,0
6,positive,40,41,2,0,0.000000,0
6,positive,40,42,2,0,0.000000,0
6,positive,40,43,2,0,0.000000,0
6,positive,40,44,2,0,0.000000,0
6,positive,40,45,2,0,0.000000,0
6,positive,40,46,2,0,0.000000,0
6,positive,40,47,2,0,0.000000,0
6,positive,40,48,2,0,0.000000,0
6,positive,40,49,2,0,0.000000,0
6,positive,41,0,2,0,0.000000,0
6,positive,41,1,2,0,0.000000,0
6,positive,41,2,2,0,0.000000,0
6,positive,41,3,2,0,0.000000,0
6,positive,41,4,2,0,0.000000,0
6,positive,41,5,2,0,0.000000,0
6,positive,41,6,2,0,0.000000,0
6,positive,41,7,2,0,0.000000,0
6,positive,41,8,2,0,0.000000,0
6,positive,41,9,2,0,0.000000,0
6,positive,41,10,2,0,0.000000,0
6,positive,41,11,2,0,0.000000,0
6,positive,41,12,2,0,0.000000,0
6,positive,41,13,2,0,0.000000,0
6,positive,41,14,2,0,0.000000,0
6,positive,41,15,2,0,0.000000,0
6,positive,41,16,2,0,0.000000,0
6,positive,41,17,2,0,0.000000,0
6,positive,41,18,0,0,0.000000,0
6,positive,41,19,2,0,0.000000,0
6,positive,41,20,0,0,0.000000,0
6,positive,41,21,2,0,0.000000,0
6,positive,41,22,2,0,0.000000,0
6,positive,41,23,2,0,0.000000,0
6,positive,41,24,2,0,0.000000,0
6,positive,41,25,2,0,0.000000,0
6,positive,41,26,2,0,0.000000,0
6,positive,41,27,2,0,0.000000,0
6,positive,41,28,2,0,0.000000,0
6,positive,41,29,2,0,0.000000,0
6,positive,41,30,2,0,0.000000,0
6,positive,41,31,2,0,0.000000,0
6,positive,41,32,2,0,0.000000,0
6,positive,41,33,2,0,0.000000,0
6,positive,41,34,0,0,0.000000,0
6,positive,41,35,2,0,0.000000,0
6,positive,41,36,2,0,0.000000,0
6,positive,41,37,2,0,0.000000,0
6,positive,41,38,2,0,0.000000,0
6,positive,41,39,2,0,0.000000,0
6,positive,41,40,2,0,0.000000,0
6,positive,41,41,2,0,0.000000,0
6,positive,41,42,2,0,0.000000,0
6,positive,41,43,2,0,0.000000,0
6,positive,41,44,2,0,0.000000,0
6,positive,41,45,2,0,0.000000,0
6,positive,41,46,2,0,0.000000,0
6,positive,41,47,2,0,0.000000,0
6,positive,41,48,2,0,0.000000,0
6,positive,41,49,2,0,0.000000,0
6,positive,42,0,2,0,0.000000,0
6,positive,42,1,2,0,0.000000,0
6,positive,42,2,2,0,0.000000,0
6,positive,42,3,2,0,0.000000,0
6,positive,42,4,0,0,0.000000,0
6,positive,42,5,2,0,0.000000,0
6,positive,42,6,2,0,0.000000,0
6,positive,42,7,2,0,0.000000,0
6,positive,42,8,2,0,0.000000,0
6,positive,42,9,0,0,0.000000,0
6,positive,42,10,2,0,0.000000,0
6,positive,42,11,2,0,0.000000,0
6,positive,42,12,2,0,0.000000,0
6,positive,42,13,2,0,0.000000,0
6,positive,42,14,2,0,0.000000,0
6,positive,42,15,2,0,0.000000,0
6,positive,42,16,2,0,0.000000,0
6,positive,42,17,2,0,0.000000,0
6,positive,42,18,2,0,0.000000,0
6,positive,42,19,2,0,0.000000,0
6,positive,42,20,2,0,0.000000,0
6,positive,42,21,0,0,0.000000,0
6,positive,42,22,2,0,0.000000,0
6,positive,42,23,2,0,0.000000,0
6,positive,42,24,2,0,0.000000,0
6,positive,42,25,2,0,0.000000,0
6,positive,42,26,2,0,0.000000,0
6,positive,42,27,2,0,0.000000,0
6,positive,42,28,2,0,0.000000,0
6,positive,42,29,2,0,0.000000,0
6,positive,42,30,2,0,0.000000,0
6,positive,42,31,2,0,0.000000,0
6,positive,42,32,0,0,0.000000,0
6,positive,42,33,2,0,0.000000,0
6,positive,42,34,2,0,0.000000,0
6,positive,42,35,2,0,0.000000,0
6,positive,42,36,2,0,0.000000,0
6,positive,42,37,2,0,0.000000,0
6,positive,42,38,2,0,0.000000,0
6,positive,42,39,2,0,0.000000,0
6,positive,42,40,2,0,0.000000,0
6,positive,42,41,2,0,0.000000,0
6,positive,42,42,2,0,0.000000,0
6,positive,42,43,2,0,0.000000,0
6,positive,42,44,2,0,0.000000,0
6,positive,42,45,2,0,0.000000,0
6,positive,42,46,2,0,0.000000,0
6,positive,42,47,2,0,0.000000,0
6,positive,42,48,2,0,0.000000,0
6,positive,42,49,2,0,0.000000,0
6,positive,43,0,2,0,0.000000,0
6,positive,43,1,2,0,0.000000,0
6,positive,43,2,2,0,0.000000,0
6,positive,43,3,2,0,0.000000,0
6,positive,43,4,2,0,0.000000,0
6,positive,43,5,2,0,0.000000,0
6,positive,43,6,2,0,0.000000,0
6,positive,43,7,2,0,0.000000,0
6,positive,43,8,2,0,0.000000,0
6,positive,43,9,2,0,0.000000,0
6,positive,43,10,2,0,0.000000,0
6,positive,43,11,2,0,0.000000,0
6,positive,43,12,2,0,0.000000,0
6,positive,43,13,0,0,0.000000,0
6,positive,43,14,2,0,0.000000,0
6,positive,43,15,2,0,0.000000,0
6,positive,43,16,2,0,0.000000,0
6,positive,43,17,0,0,0.000000,0
6,positive,43,18,2,0,0.000000,0
6,positive,43,19,2,0,0.000000,0
6,positive,43,20,2,0,0.000000,0
6,positive,43,21,2,0,0.000000,0
6,positive,43,22,2,0,0.000000,0
6,positive,43,23,2,0,0.000000,0
6,positive,43,24,2,0,0.000000,0
6,positive,43,25,2,0,0.000000,0
6,positive,43,26,2,0,0.000000,0
6,positive,43,27,2,0,0.000000,0
6,positive,43,28,2,0,0.000000,0
6,positive,43,29,2,0,0.000000,0
6,positive,43,30,2,0,0.000000,0
6,positive,43,31,2,0,0.000000,0
6,positive,43,32,2,0,0.000000,0
6,positive,43,33,2,0,0.000000,0
6,positive,43,34,2,0,0.000000,0
6,positive,43,35,2,0,0.000000,0
6,positive,43,36,2,0,0.000000,0
6,positive,43,37,2,0,0.000000,0
6,positive,43,38,2,0,0.000000,0
6,positive,43,39,2,0,0.000000,0
6,positive,43,40,2,0,0.000000,0
6,positive,43,41,2,0,0.000000,0
6,positive,43,42,2,0,0.000000,0
6,positive,43,43,2,0,0.000000,0
6,positive,43,44,2,0,0.000000,0
6,positive,43,45,0,0,0.000000,0
6,positive,43,46,2,0,0.000000,0
6,positive,43,47,2,0,0.000000,0
6,positive,43,48,2,0,0.000000,0
6,positive,43,49,0,0,0.000000,0
6,positive,44,0,2,0,0.000000,0
6,positive,44,1,2,0,0.000000,0
6,positive,44,2,2,0,0.000000,0
6,positive,44,3,0,0,0.000000,0
6,positive,44,4,2,0,0.000000,0
6,positive,44,5,2,0,0.000000,0
6,positive,44,6,2,0,0.000000,0
6,positive,44,7,2,0,0.000000,0
6,positive,44,8,2,0,0.000000,0
6,positive,44,9,2,0,0.000000,0
6,positive,44,10,2,0,0.000000,0
6,positive,44,11,2,0,0.000000,0
6,positive,44,12,2,0,0.000000,0
6,positive,44,13,2,0,0.000000,0
6,positive,44,14,2,0,0.000000,0
6,positive,44,15,2,0,0.000000,0
6,positive,44,16,2,0,0.000000,0
6,positive,44,17,2,0,0.000000,0
6,positive,44,18,2,0,0.000000,0
6,positive,44,19,2,0,0.000000,0
6,positive,44,20,2,0,0.000000,0
6,positive,44,21,0,0,0.000000,0
6,positive,44,22,2,0,0.000000,0
6,positive,44,23,2,0,0.000000,0
6,positive,44,24,2,0,0.000000,0
6,positive,44,25,2,0,0.000000,0
6,positive,44,26,2,0,0.000000,0
6,positive,44,27,2,0,0.000000,0
6,positive,44,28,0,0,0.000000,0
6,positive,44,29,2,0,0.000000,0
6,positive,44,30,2,0,0.000000,0
6,positive,44,31,2,0,0.000000,0
6,positive,44,32,0,0,0.000000,0
6,positive,44,33,2,0,0.000000,0
6,positive,44,34,2,0,0.000000,0
6,positive,44,35,2,0,0.000000,0
6,positive,44,36,2,0,0.000000,0
6,positive,44,37,2,0,0.000000,0
6,positive,44,38,0,0,0.000000,0
6,positive,44,39,2,0,0.000000,0
6,positive,44,40,2,0,0.000000,0
6,positive,44,41,2,0,0.000000,0
6,positive,44,42,2,0,0.000000,0
6,positive,44,43,2,0,0.000000,0
6,positive,44,44,2,0,0.000000,0
6,positive,44,45,2,0,0.000000,0
6,positive,44,46,2,0,0.000000,0
6,positive,44,47,2,0,0.000000,0
6,positive,44,48,2,0,0.000000,0
6,positive,44,49,2,0,0.000000,0
6,positive,45,0,2,0,0.000000,0
6,positive,45,1,2,0,0.000000,0
6,positive,45,2,0,0,0.000000,0
6,positive,45,3,2,0,0.000000,0
6,positive,45,4,2,0,0.000000,0
6,positive,45,5,2,0,0.000000,0
6,positive,45,6,2,0,0.000000,0
6,positive,45,7,2,0,0.000000,0
6,positive,45,8,2,0,0.000000,0
6,positive,45,9,0,0,0.000000,0
6,positive,45,10,2,0,0.000000,0
6,positive,45,11,2,0,0.000000,0
6,positive,45,12,2,0,0.000000,0
6,positive,45,13,2,0,0.000000,0
6,positive,45,14,2,0,0.000000,0
6,positive,45,15,0,0,0.000000,0
6,positive,45,16,2,0,0.000000,0
6,positive,45,17,2,0,0.000000,0
6,positive,45,18,2,0,0.000000,0
6,positive,45,19,2,0,0.000000,0
6,positive,45,20,2,0,0.000000,0
6,positive,45,21,2,0,0.000000,0
6,positive,45,22,2,0,0.000000,0
6,positive,45,23,2,0,0.000000,0
6,positive,45,24,0,0,0.000000,0
6,positive,45,25,2,0,0.000000,0
6,positive,45,26,2,0,0.000000,0
6,positive,45,27,2,0,0.000000,0
6,positive,45,28,2,0,0.000000,0
6,positive,45,29,2,0,0.000000,0
6,positive,45,30,2,0,0.000000,0
6,positive,45,31,2,0,0.000000,0
6,positive,45,32,2,0,0.000000,0
6,positive,45,33,2,0,0.000000,0
6,positive,45,34,0,0,0.000000,0
6,positive,45,35,2,0,0.000000,0
6,positive,45,36,2,0,0.000000,0
6,positive,45,37,2,0,0.000000,0
6,positive,45,38,2,0,0.000000,0
6,positive,45,39,2,0,0.000000,0
6,positive,45,40,2,0,0.000000,0
6,positive,45,41,2,0,0.000000,0
6,positive,45,42,2,0,0.000000,0
6,positive,45,43,2,0,0.000000,0
6,positive,45,44,2,0,0.000000,0
6,positive,45,45,0,0,0.000000,0
6,positive,45,46,2,0,0.000000,0
6,positive,45,47,2,0,0.000000,0
6,positive,45,48,2,0,0.000000,0
6,positive,45,49,0,0,0.000000,0
6,positive,46,0,2,0,0.000000,0
6,positive,46,1,2,0,0.000000,0
6,positive,46,2,2,0,0.000000,0
6,positive,46,3,2,0,0.000000,0
6,positive,46,4,2,0,0.000000,0
6,positive,46,5,2,0,0.000000,0
6,positive,46,6,2,0,0.000000,0
6,positive,46,7,2,0,0.000000,0
6,positive,46,8,2,0,0.000000,0
6,positive,46,9,2,0,0.000000,0
6,positive,46,10,2,0,0.000000,0
6,positive,46,11,2,0,0.000000,0
6,positive,46,12,2,0,0.000000,0
6,positive,46,13,2,0,0.000000,0
6,positive,46,14,2,0,0.000000,0
6,positive,46,15,2,0,0.000000,0
6,positive,46,16,2,0,0.000000,0
6,positive,46,17,2,0,0.000000,0
6,positive,46,18,2,0,0.000000,0
6,positive,46,19,2,0,0.000000,0
6,positive,46,20,2,0,0.000000,0
6,positive,46,21,2,0,0.000000,0
6,positive,46,22,2,0,0.000000,0
6,positive,46,23,2,0,0.000000,0
6,positive,46,24,2,0,0.000000,0
6,positive,46,25,2,0,0.000000,0
6,positive,46,26,2,0,0.000000,0
6,positive,46,27,2,0,0.000000,0
6,positive,46,28,2,0,0.000000,0
6,positive,46,29,2,0,0.000000,0
6,positive,46,30,2,0,0.000000,0
6,positive,46,31,2,0,0.000000,0
6,positive,46,32,2,0,0.000000,0
6,positive,46,33,2,0,0.000000,0
6,positive,46,34,0,0,0.000000,0
6,positive,46,35,2,0,0.000000,0
6,positive,46,36,2,0,0.000000,0
6,positive,46,37,2,0,0.000000,0
6,positive,46,38,2,0,0.000000,0
6,positive,46,39,2,0,0.000000,0
6,positive,46,40,2,0,0.000000,0
6,positive,46,41,2,0,0.000000,0
6,positive,46,42,2,0,0.000000,0
6,positive,46,43,2,0,0.000000,0
6,positive,46,44,2,0,0.000000,0
6,positive,46,45,2,0,0.000000,0
6,positive,46,46,2,0,0.000000,0
6,positive,46,47,2,0,0.000000,0
6,positive,46,48,2,0,0.000000,0
6,positive,46,49,0,0,0.000000,0
6,positive,47,0,2,0,0.000000,0
6,positive,47,1,2,0,0.000000,0
6,positive,47,2,2,0,0.000000,0
6,positive,47,3,2,0,0.000000,0
6,positive,47,4,2,0,0.000000,0
6,positive,47,5,2,0,0.000000,0
6,positive,47,6,2,0,0.000000,0
6,positive,47,7,2,0,0.000000,0
6,positive,47,8,2,0,0.000000,0
6,positive,47,9,2,0,0.000000,0
6,positive,47,10,0,0,0.000000,0
6,positive,47,11,2,0,0.000000,0
6,positive,47,12,2,0,0.000000,0
6,positive,47,13,2,0,0.000000,0
6,positive,47,14,2,0,0.000000,0
6,positive,47,15,2,0,0.000000,0
6,positive,47,16,2,0,0.000000,0
6,positive,47,17,2,0,0.000000,0
6,positive,47,18,2,0,0.000000,0
6,positive,47,19,2,0,0.000000,0
6,positive,47,20,2,0,0.000000,0
6,positive,47,21,2,0,0.000000,0
6,positive,47,22,2,0,0.000000,0
6,positive,47,23,2,0,0.000000,0
6,positive,47,24,2,0,0.000000,0
6,positive,47,25,2,0,0.000000,0
6,positive,47,26,2,0,0.000000,0
6,positive,47,27,2,0,0.000000,0
6,positive,47,28,2,0,0.000000,0
6,positive,47,29,2,0,0.000000,0
6,positive,47,30,2,0,0.000000,0
6,positive,47,31,2,0,0.000000,0
6,positive,47,32,2,0,0.000000,0
6,positive,47,33,2,0,0.000000,0
6,positive,47,34,2,0,0.000000,0
6,positive,47,35,2,0,0.000000,0
6,positive,47,36,2,0,0.000000,0
6,positive,47,37,2,0,0.000000,0
6,positive,47,38,0,0,0.000000,0
6,positive,47,39,0,0,0.000000,0
6,positive,47,40,2,0,0.000000,0
6,positive,47,41,2,0,0.000000,0
6,positive,47,42,0,0,0.000000,0
6,positive,47,43,2,0,0.000000,0
6,positive,47,44,2,0,0.000000,0
6,positive,47,45,0,0,0.000000,0
6,positive,47,46,2,0,0.000000,0
6,positive,47,47,2,0,0.000000,0
6,positive,47,48,2,0,0.000000,0
6,positive,47,49,2,0,0.000000,0
6,positive,48,0,2,0,0.000000,0
6,positive,48,1,2,0,0.000000,0
6,positive,48,2,2,0,0.000000,0
6,positive,48,3,2,0,0.000000,0
6,positive,48,4,2,0,0.000000,0
6,positive,48,5,2,0,0.000000,0
6,positive,48,6,2,0,0.000000,0
6,positive,48,7,2,0,0.000000,0
6,positive,48,8,2,0,0.000000,0
6,positive,48,9,2,0,0.000000,0
6,positive,48,10,0,0,0.000000,0
6,positive,48,11,2,0,0.000000,0
6,positive,48,12,2,0,0.000000,0
6,positive,48,13,2,0,0.000000,0
6,positive,48,14,2,0,0.000000,0
6,positive,48,15,2,0,0.000000,0
6,positive,48,16,2,0,0.000000,0
6,positive,48,17,2,0,0.000000,0
6,positive,48,18,2,0,0.000000,0
6,positive,48,19,2,0,0.000000,0
6,positive,48,20,2,0,0.000000,0
6,positive,48,21,2,0,0.000000,0
6,positive,48,22,2,0,0.000000,0
6,positive,48,23,0,0,0.000000,0
6,positive,48,24,2,0,0.000000,0
6,positive,48,25,2,0,0.000000,0
6,positive,48,26,2,0,0.000000,0
6,positive,48,27,2,0,0.000000,0
6,positive,48,28,2,0,0.000000,0
6,positive,48,29,2,0,0.000000,0
6,positive,48,30,2,0,0.000000,0
6,positive,48,31,2,0,0.000000,0
6,positive,48,32,2,0,0.000000,0
6,positive,48,33,2,0,0.000000,0
6,positive,48,34,2,0,0.000000,0
6,positive,48,35,2,0,0.000000,0
6,positive,48,36,2,0,0.000000,0
6,positive,48,37,2,0,0.000000,0
6,positive,48,38,2,0,0.000000,0
6,positive,48,39,2,0,0.000000,0
6,positive,48,40,2,0,0.000000,0
6,positive,48,41,2,0,0.000000,0
6,positive,48,42,2,0,0.000000,0
6,positive,48,43,2,0,0.000000,0
6,positive,48,44,2,0,0.000000,0
6,positive,48,45,2,0,0.000000,0
6,positive,48,46,2,0,0.000000,0
6,positive,48,47,2,0,0.000000,0
6,positive,48,48,2,0,0.000000,0
6,positive,48,49,2,0,0.000000,0
6,positive,49,0,2,0,0.000000,0
6,positive,49,1,2,0,0.000000,0
6,positive,49,2,2,0,0.000000,0
6,positive,49,3,2,0,0.000000,0
6,positive,49,4,2,0,0.000000,0
6,positive,49,5,2,0,0.000000,0
6,positive,49,6,2,0,0.000000,0
6,positive,49,7,2,0,0.000000,0
6,positive,49,8,2,0,0.000000,0
6,positive,49,9,2,0,0.000000,0
6,positive,49,10,2,0,0.000000,0
6,positive,49,11,2,0,0.000000,0
6,positive,49,12,2,0,0.000000,0
6,positive,49,13,2,0,0.000000,0
6,positive,49,14,2,0,0.000000,0
6,positive,49,15,2,0,0.000000,0
6,positive,49,16,2,0,0.000000,0
6,positive,49,17,2,0,0.000000,0
6,positive,49,18,0,0,0.000000,0
6,positive,49,19,2,0,0.000000,0
6,positive,49,20,2,0,0.000000,0
6,positive,49,21,2,0,0.000000,0
6,positive,49,22,2,0,0.000000,0
6,positive,49,23,0,0,0.000000,0
6,positive,49,24,2,0,0.000000,0
6,positive,49,25,2,0,0.000000,0
6,positive,49,26,0,0,0.000000,0
6,positive,49,27,2,0,0.000000,0
6,positive,49,28,2,0,0.000000,0
6,positive,49,29,2,0,0.000000,0
6,positive,49,30,2,0,0.000000,0
6,positive,49,31,2,0,0.000000,0
6,positive,49,32,2,0,0.000000,0
6,positive,49,33,2,0,0.000000,0
6,positive,49,34,2,0,0.000000,0
6,positive,49,35,2,0,0.000000,0
6,positive,49,36,2,0,0.000000,0
6,positive,49,37,0,0,0.000000,0
6,positive,49,38,2,0,0.000000,0
6,positive,49,39,2,0,0.000000,0
6,positive,49,40,2,0,0.000000,0
6,positive,49,41,2,0,0.000000,0
6,positive,49,42,2,0,0.000000,0
6,positive,49,43,2,0,0.000000,0
6,positive,49,44,2,0,0.000000,0
6,positive,49,45,2,0,0.000000,0
6,positive,49,46,2,0,0.000000,0
6,positive,49,47,2,0,0.000000,0
6,positive,49,48,2,0,0.000000,0
6,positive,49,49,2,0,0.000000,0
7,positive,0,0,2,0,0.000000,0
7,positive,0,1,0,0,0.000000,0
7,positive,0,2,2,0,0.000000,0
7,positive,0,3,1,0,0.000000,0
7,positive,0,4,2,0,0.000000,0
7,positive,0,5,2,0,0.000000,0
7,positive,0,6,2,0,0.000000,0
7,positive,0,7,2,0,0.000000,0
7,positive,0,8,2,0,0.000000,0
7,positive,0,9,2,0,0.000000,0
7,positive,0,10,2,0,0.000000,0
7,positive,0,11,2,0,0.000000,0
7,positive,0,12,2,0,0.000000,0
7,positive,0,13,2,0,0.000000,0
7,positive,0,14,2,0,0.000000,0
7,positive,0,15,2,0,0.000000,0
7,positive,0,16,0,0,0.000000,0
7,positive,0,17,2,0,0.000000,0
7,positive,0,18,2,0,0.000000,0
7,positive,0,19,1,0,0.000000,0
7,positive,0,20,2,0,0.000000,0
7,positive,0,21,2,0,0.000000,0
7,positive,0,22,2,0,0.000000,0
7,positive,0,23,2,0,0.000000,0
7,positive,0,24,2,0,0.000000,0
7,positive,0,25,2,0,0.000000,0
7,positive,0,26,2,0,0.000000,0
7,positive,0,27,2,0,0.000000,0
7,positive,0,28,2,0,0.000000,0
7,positive,0,29,0,0,0.000000,0
7,positive,0,30,2,0,0.000000,0
7,positive,0,31,2,0,0.000000,0
7,positive,0,32,0,0,0.000000,0
7,positive,0,33,2,0,0.000000,0
7,positive,0,34,0,0,0.000000,0
7,positive,0,35,2,0,0.000000,0
7,positive,0,36,2,0,0.000000,0
7,positive,0,37,2,0,0.000000,0
7,positive,0,38,2,0,0.000000,0
7,positive,0,39,2,0,0.000000,0
7,positive,0,40,2,0,0.000000,0
7,positive,0,41,2,0,0.000000,0
7,positive,0,42,2,0,0.000000,0
7,positive,0,43,2,0,0.000000,0
7,positive,0,44,2,0,0.000000,0
7,positive,0,45,0,0,0.000000,0
7,positive,0,46,1,0,0.000000,0
7,positive,0,47,2,0,0.000000,0
7,positive,0,48,2,0,0.000000,0
7,positive,0,49,2,0,0.000000,0
7,positive,1,0,0,0,0.000000,0
7,positive,1,1,2,0,0.000000,0
7,positive,1,2,2,0,0.000000,0
7,positive,1,3,2,0,0.000000,0
7,positive,1,4,2,0,0.000000,0
7,positive,1,5,2,0,0.000000,0
7,positive,1,6,2,0,0.000000,0
7,positive,1,7,2,0,0.000000,0
7,positive,1,8,2,0,0.000000,0
7,positive,1,9,2,0,0.000000,0
7,positive,1,10,2,0,0.000000,0
7,positive,1,11,1,0,0.000000,0
7,positive,1,12,2,0,0.000000,0
7,positive,1,13,2,0,0.000000,0
7,positive,1,14,2,0,0.000000,0
7,positive,1,15,2,0,0.000000,0
7,positive,1,16,2,0,0.000000,0
7,positive,1,17,2,0,0.000000,0
7,positive,1,18,2,0,0.000000,0
7,positive,1,19,2,0,0.000000,0
7,positive,1,20,2,0,0.000000,0
7,positive,1,21,2,0,0.000000,0
7,positive,1,22,2,0,0.000000,0
7,positive,1,23,2,0,0.000000,0
7,positive,1,24,2,0,0.000000,0
7,positive,1,25,2,0,0.000000,0
7,positive,1,26,2,0,0.000000,0
7,positive,1,27,2,0,0.000000,0
7,positive,1,28,2,0,0.000000,0
7,positive,1,29,2,0,0.000000,0
7,positive,1,30,2,0,0.000000,0
7,positive,1,31,2,0,0.000000,0
7,positive,1,32,2,0,0.000000,0
7,positive,1,33,2,0,0.000000,0
7,positive,1,34,2,0,0.000000,0
7,positive,1,35,2,0,0.000000,0
7,positive,1,36,2,0,0.000000,0
7,positive,1,37,2,0,0.000000,0
7,positive,1,38,2,0,0.000000,0
7,positive,1,39,2,0,0.000000,0
7,positive,1,40,2,0,0.000000,0
7,positive,1,41,2,0,0.000000,0
7,positive,1,42,2,0,0.000000,0
7,positive,1,43,2,0,0.000000,0
7,positive,1,44,1,0,0.000000,0
7,positive,1,45,1,0,0.000000,0
7,positive,1,46,2,0,0.000000,0
7,positive,1,47,2,0,0.000000,0
7,positive,1,48,2,0,0.000000,0
7,positive,1,49,2,0,0.000000,0
7,positive,2,0,2,0,0.000000,0
7,positive,2,1,1,0,0.000000,0
7,positive,2,2,2,0,0.000000,0
7,positive,2,3,1,0,0.000000,0
7,positive,2,4,2,0,0.000000,0
7,positive,2,5,2,0,0.000000,0
7,positive,2,6,2,0,0.000000,0
7,positive,2,7,2,0,0.000000,0
7,positive,2,8,1,0,0.000000,0
7,positive,2,9,2,0,0.000000,0
7,positive,2,10,1,0,0.000000,0
7,positive,2,11,2,0,0.000000,0
7,positive,2,12,2,0,0.000000,0
7,positive,2,13,2,0,0.000000,0
7,positive,2,14,2,0,0.000000,0
7,positive,2,15,2,0,0.000000,0
7,positive,2,16,2,0,0.000000,0
7,positive,2,17,2,0,0.000000,0
7,positive,2,18,2,0,0.000000,0
7,positive,2,19,2,0,0.000000,0
7,positive,2,20,0,0,0.000000,0
7,positive,2,21,0,0,0.000000,0
7,positive,2,22,2,0,0.000000,0
7,positive,2,23,2,0,0.000000,0
7,positive,2,24,2,0,0.000000,0
7,positive,2,25,2,0,0.000000,0
7,positive,2,26,0,0,0.000000,0
7,positive,2,27,2,0,0.000000,0
7,positive,2,28,2,0,0.000000,0
7,positive,2,29,2,0,0.000000,0
7,positive,2,30,0,0,0.000000,0
7,positive,2,31,2,0,0.000000,0
7,positive,2,32,2,0,0.000000,0
7,positive,2,33,2,0,0.000000,0
7,positive,2,34,1,0,0.000000,0
7,positive,2,35,2,0,0.000000,0
7,positive,2,36,2,0,0.000000,0
7,positive,2,37,2,0,0.000000,0
7,positive,2,38,2,0,0.000000,0
7,positive,2,39,2,0,0.000000,0
7,positive,2,40,2,0,0.000000,0
7,positive,2,41,2,0,0.000000,0
7,positive,2,42,2,0,0.000000,0
7,positive,2,43,2,0,0.000000,0
7,positive,2,44,2,0,0.000000,0
7,positive,2,45,2,0,0.000000,0
7,positive,2,46,2,0,0.000000,0
7,positive,2,47,2,0,0.000000,0
7,positive,2,48,2,0,0.000000,0
7,positive,2,49,2,0,0.000000,0
7,positive,3,0,2,0,0.000000,0
7,positive,3,1,2,0,0.000000,0
7,positive,3,2,2,0,0.000000,0
7,positive,3,3,1,0,0.000000,0
7,positive,3,4,1,0,0.000000,0
7,positive,3,5,2,0,0.000000,0
7,positive,3,6,2,0,0.000000,0
7,positive,3,7,2,0,0.000000,0
7,positive,3,8,2,0,0.000000,0
7,positive,3,9,2,0,0.000000,0
7,positive,3,10,2,0,0.000000,0
7,positive,3,11,2,0,0.000000,0
7,positive,3,12,2,0,0.000000,0
7,positive,3,13,2,0,0.000000,0
7,positive,3,14,2,0,0.000000,0
7,positive,3,15,2,0,0.000000,0
7,positive,3,16,2,0,0.000000,0
7,positive,3,17,2,0,0.000000,0
7,positive,3,18,2,0,0.000000,0
7,positive,3,19,2,0,0.000000,0
7,positive,3,20,2,0,0.000000,0
7,positive,3,21,2,0,0.000000,0
7,positive,3,22,2,0,0.000000,0
7,positive,3,23,2,0,0.000000,0
7,positive,3,24,2,0,0.000000,0
7,positive,3,25,1,0,0.000000,0
7,positive,3,26,2,0,0.000000,0
7,positive,3,27,2,0,0.000000,0
7,positive,3,28,2,0,0.000000,0
7,positive,3,29,2,0,0.000000,0
7,positive,3,30,2,0,0.000000,0
7,positive,3,31,2,0,0.000000,0
7,positive,3,32,1,0,0.000000,0
7,positive,3,33,0,0,0.000000,0
7,positive,3,34,2,0,0.000000,0
7,positive,3,35,2,0,0.000000,0
7,positive,3,36,2,0,0.000000,0
7,positive,3,37,2,0,0.000000,0
7,positive,3,38,1,0,0.000000,0
7,positive,3,39,2,0,0.000000,0
7,positive,3,40,2,0,0.000000,0
7,positive,3,41,2,0,0.000000,0
7,positive,3,42,2,0,0.000000,0
7,positive,3,43,2,0,0.000000,0
7,positive,3,44,2,0,0.000000,0
7,positive,3,45,2,0,0.000000,0
7,positive,3,46,1,0,0.000000,0
7,positive,3,47,2,0,0.000000,0
7,positive,3,48,2,0,0.000000,0
7,positive,3,49,2,0,0.000000,0
7,positive,4,0,2,0,0.000000,0
7,positive,4,1,2,0,0.000000,0
7,positive,4,2,2,0,0.000000,0
7,positive,4,3,2,0,0.000000,0
7,positive,4,4,2,0,0.000000,0
7,positive,4,5,1,0,0.000000,0
7,positive,4,6,2,0,0.000000,0
7,positive,4,7,2,0,0.000000,0
7,positive,4,8,2,0,0.000000,0
7,positive,4,9,2,0,0.000000,0
7,positive,4,10,2,0,0.000000,0
7,positive,4,11,2,0,0.000000,0
7,positive,4,12,2,0,0.000000,0
7,positive,4,13,2,0,0.000000,0
7,positive,4,14,2,0,0.000000,0
7,positive,4,15,2,0,0.000000,0
7,positive,4,16,2,0,0.000000,0
7,positive,4,17,2,0,0.000000,0
7,positive,4,18,2,0,0.000000,0
7,positive,4,19,2,0,0.000000,0
7,positive,4,20,2,0,0.000000,0
7,positive,4,21,2,0,0.000000,0
7,positive,4,22,2,0,0.000000,0
7,positive,4,23,1,0,0.000000,0
7,positive,4,24,2,0,0.000000,0
7,positive,4,25,2,0,0.000000,0
7,positive,4,26,2,0,0.000000,0
7,positive,4,27,2,0,0.000000,0
7,positive,4,28,2,0,0.000000,0
7,positive,4,29,2,0,0.000000,0
7,positive,4,30,1,0,0.000000,0
7,positive,4,31,2,0,0.000000,0
7,positive,4,32,2,0,0.000000,0
7,positive,4,33,1,0,0.000000,0
7,positive,4,34,2,0,0.000000,0
7,positive,4,35,0,0,0.000000,0
7,positive,4,36,2,0,0.000000,0
7,positive,4,37,2,0,0.000000,0
7,positive,4,38,2,0,0.000000,0
7,positive,4,39,2,0,0.000000,0
7,positive,4,40,2,0,0.000000,0
7,positive,4,41,2,0,0.000000,0
7,positive,4,42,2,0,0.000000,0
7,positive,4,43,0,0,0.000000,0
7,positive,4,44,2,0,0.000000,0
7,positive,4,45,2,0,0.000000,0
7,positive,4,46,2,0,0.000000,0
7,positive,4,47,2,0,0.000000,0
7,positive,4,48,2,0,0.000000,0
7,positive,4,49,2,0,0.000000,0
7,positive,5,0,1,0,0.000000,0
7,positive,5,1,2,0,0.000000,0
7,positive,5,2,2,0,0.000000,0
7,positive,5,3,2,0,0.000000,0
7,positive,5,4,2,0,0.000000,0
7,positive,5,5,2,0,0.000000,0
7,positive,5,6,2,0,0.000000,0
7,positive,5,7,2,0,0.000000,0
7,positive,5,8,2,0,0.000000,0
7,positive,5,9,2,0,0.000000,0
7,positive,5,10,2,0,0.000000,0
7,positive,5,11,1,0,0.000000,0
7,positive,5,12,2,0,0.000000,0
7,positive,5,13,2,0,0.000000,0
7,positive,5,14,2,0,0.000000,0
7,positive,5,15,2,0,0.000000,0
7,positive,5,16,2,0,0.000000,0
7,positive,5,17,2,0,0.000000,0
7,positive,5,18,2,1,1.000000,1
7,positive,5,19,2,1,1.000000,1
7,positive,5,20,2,1,1.000000,1
7,positive,5,21,2,1,1.000000,1
7,positive,5,22,2,1,1.000000,1
7,positive,5,23,2,0,0.000000,0
7,positive,5,24,2,0,0.000000,0
7,positive,5,25,2,0,0.000000,0
7,positive,5,26,2,0,0.000000,0
7,positive,5,27,2,0,0.000000,0
7,positive,5,28,2,0,0.000000,0
7,positive,5,29,0,0,0.000000,0
7,positive,5,30,2,0,0.000000,0
7,positive,5,31,2,0,0.000000,0
7,positive,5,32,2,0,0.000000,0
7,positive,5,33,2,0,0.000000,0
7,positive,5,34,2,0,0.000000,0
7,positive,5,35,2,0,0.000000,0
7,positive,5,36,2,0,0.000000,0
7,positive,5,37,2,0,0.000000,0
7,positive,5,38,0,0,0.000000,0
7,positive,5,39,2,0,0.000000,0
7,positive,5,40,1,0,0.000000,0
7,positive,5,41,2,0,0.000000,0
7,positive,5,42,2,0,0.000000,0
7,positive,5,43,2,0,0.000000,0
7,positive,5,44,0,0,0.000000,0
7,positive,5,45,2,0,0.000000,0
7,positive,5,46,2,0,0.000000,0
7,positive,5,47,2,0,0.000000,0
7,positive,5,48,2,0,0.000000,0
7,positive,5,49,2,0,0.000000,0
7,positive,6,0,2,0,0.000000,0
7,positive,6,1,2,0,0.000000,0
7,positive,6,2,2,0,0.000000,0
7,positive,6,3,2,0,0.000000,0
7,positive,6,4,2,0,0.000000,0
7,positive,6,5,2,0,0.000000,0
7,positive,6,6,2,0,0.000000,0
7,positive,6,7,2,0,0.000000,0
7,positive,6,8,1,0,0.000000,0
7,positive,6,9,2,0,0.000000,0
7,positive,6,10,2,0,0.000000,0
7,positive,6,11,2,0,0.000000,0
7,positive,6,12,2,0,0.000000,0
7,positive,6,13,2,0,0.000000,0
7,positive,6,14,2,0,0.000000,0
7,positive,6,15,1,0,0.000000,0
7,positive,6,16,2,0,0.000000,0
7,positive,6,17,2,0,0.000000,0
7,positive,6,18,0,0,0.000000,0
7,positive,6,19,2,0,0.000000,0
7,positive,6,20,2,0,0.000000,0
7,positive,6,21,2,0,0.000000,0
7,positive,6,22,2,0,0.000000,0
7,positive,6,23,2,0,0.000000,0
7,positive,6,24,2,0,0.000000,0
7,positive,6,25,2,0,0.000000,0
7,positive,6,26,0,0,0.000000,0
7,positive,6,27,0,0,0.000000,0
7,positive,6,28,1,0,0.000000,0
7,positive,6,29,2,0,0.000000,0
7,positive,6,30,2,0,0.000000,0
7,positive,6,31,2,0,0.000000,0
7,positive,6,32,0,0,0.000000,0
7,positive,6,33,2,0,0.000000,0
7,positive,6,34,2,0,0.000000,0
7,positive,6,35,2,0,0.000000,0
7,positive,6,36,2,0,0.000000,0
7,positive,6,37,2,0,0.000000,0
7,positive,6,38,2,0,0.000000,0
7,positive,6,39,2,0,0.000000,0
7,positive,6,40,1,0,0.000000,0
7,positive,6,41,2,0,0.000000,0
7,positive,6,42,0,0,0.000000,0
7,positive,6,43,2,0,0.000000,0
7,positive,6,44,2,0,0.000000,0
7,positive,6,45,2,0,0.000000,0
7,positive,6,46,0,0,0.000000,0
7,positive,6,47,2,0,0.000000,0
7,positive,6,48,2,0,0.000000,0
7,positive,6,49,2,0,0.000000,0
7,positive,7,0,2,0,0.000000,0
7,positive,7,1,2,0,0.000000,0
7,positive,7,2,2,0,0.000000,0
7,positive,7,3,2,0,0.000000,0
7,positive,7,4,2,0,0.000000,0
7,positive,7,5,2,0,0.000000,0
7,positive,7,6,2,0,0.000000,0
7,positive,7,7,2,0,0.000000,0
7,positive,7,8,2,0,0.000000,0
7,positive,7,9,1,0,0.000000,0
7,positive,7,10,2,0,0.000000,0
7,positive,7,11,2,0,0.000000,0
7,positive,7,12,2,0,0.000000,0
7,positive,7,13,2,0,0.000000,0
7,positive,7,14,2,0,0.000000,0
7,positive,7,15,2,0,0.000000,0
7,positive,7,16,2,0,0.000000,0
7,positive,7,17,1,0,0.000000,0
7,positive,7,18,2,0,0.000000,0
7,positive,7,19,2,0,0.000000,0
7,positive,7,20,2,0,0.000000,0
7,positive,7,21,2,0,0.000000,0
7,positive,7,22,2,0,0.000000,0
7,positive,7,23,2,0,0.000000,0
7,positive,7,24,2,0,0.000000,0
7,positive,7,25,2,0,0.000000,0
7,positive,7,26,2,0,0.000000,0
7,positive,7,27,2,0,0.000000,0
7,positive,7,28,1,0,0.000000,0
7,positive,7,29,2,0,0.000000,0
7,positive,7,30,0,0,0.000000,0
7,positive,7,31,2,0,0.000000,0
7,positive,7,32,2,0,0.000000,0
7,positive,7,33,1,0,0.000000,0
7,positive,7,34,2,0,0.000000,0
7,positive,7,35,2,0,0.000000,0
7,positive,7,36,2,0,0.000000,0
7,positive,7,37,2,0,0.000000,0
7,positive,7,38,2,0,0.000000,0
7,positive,7,39,2,0,0.000000,0
7,positive,7,40,2,0,0.000000,0
7,positive,7,41,2,0,0.000000,0
7,positive,7,42,2,0,0.000000,0
7,positive,7,43,1,0,0.000000,0
7,positive,7,44,2,0,0.000000,0
7,positive,7,45,2,0,0.000000,0
7,positive,7,46,2,0,0.000000,0
7,positive,7,47,2,0,0.000000,0
7,positive,7,48,2,0,0.000000,0
7,positive,7,49,2,0,0.000000,0
7,positive,8,0,2,0,0.000000,0
7,positive,8,1,2,0,0.000000,0
7,positive,8,2,2,0,0.000000,0
7,positive,8,3,1,0,0.000000,0
7,positive,8,4,2,0,0.000000,0
7,positive,8,5,2,0,0.000000,0
7,positive,8,6,2,0,0.000000,0
7,positive,8,7,2,0,0.000000,0
7,positive,8,8,2,0,0.000000,0
7,positive,8,9,1,0,0.000000,0
7,positive,8,10,2,0,0.000000,0
7,positive,8,11,2,0,0.000000,0
7,positive,8,12,0,0,0.000000,0
7,positive,8,13,2,0,0.000000,0
7,positive,8,14,2,0,0.000000,0
7,positive,8,15,2,0,0.000000,0
7,positive,8,16,2,0,0.000000,0
7,positive,8,17,2,0,0.000000,0
7,positive,8,18,2,0,0.000000,0
7,positive,8,19,2,0,0.000000,0
7,positive,8,20,2,0,0.000000,0
7,positive,8,21,2,0,0.000000,0
7,positive,8,22,2,0,0.000000,0
7,positive,8,23,2,0,0.000000,0
7,positive,8,24,2,0,0.000000,0
7,positive,8,25,2,0,0.000000,0
7,positive,8,26,2,0,0.000000,0
7,positive,8,27,2,0,0.000000,0
7,positive,8,28,2,0,0.000000,0
7,positive,8,29,2,0,0.000000,0
7,positive,8,30,2,0,0.000000,0
7,positive,8,31,2,0,0.000000,0
7,positive,8,32,2,0,0.000000,0
7,positive,8,33,2,0,0.000000,0
7,positive,8,34,2,0,0.000000,0
7,positive,8,35,2,0,0.000000,0
7,positive,8,36,0,0,0.000000,0
7,positive,8,37,2,0,0.000000,0
7,positive,8,38,2,0,0.000000,0
7,positive,8,39,2,0,0.000000,0
7,positive,8,40,2,0,0.000000,0
7,positive,8,41,2,0,0.000000,0
7,positive,8,42,2,0,0.000000,0
7,positive,8,43,0,0,0.000000,0
7,positive,8,44,2,0,0.000000,0
7,positive,8,45,2,0,0.000000,0
7,positive,8,46,1,0,0.000000,0
7,positive,8,47,1,0,0.000000,0
7,positive,8,48,2,0,0.000000,0
7,positive,8,49,0,0,0.000000,0
7,positive,9,0,2,0,0.000000,0
7,positive,9,1,2,0,0.000000,0
7,positive,9,2,2,0,0.000000,0
7,positive,9,3,2,0,0.000000,0
7,positive,9,4,2,0,0.000000,0
7,positive,9,5,2,0,0.000000,0
7,positive,9,6,1,0,0.000000,0
7,positive,9,7,2,0,0.000000,0
7,positive,9,8,2,0,0.000000,0
7,positive,9,9,2,0,0.000000,0
7,positive,9,10,0,0,0.000000,0
7,positive,9,11,2,0,0.000000,0
7,positive,9,12,2,0,0.000000,0
7,positive,9,13,2,0,0.000000,0
7,positive,9,14,2,0,0.000000,0
7,positive,9,15,2,0,0.000000,0
7,positive,9,16,1,0,0.000000,0
7,positive,9,17,2,0,0.000000,0
7,positive,9,18,2,0,0.000000,0
7,positive,9,19,2,0,0.000000,0
7,positive,9,20,2,0,0.000000,0
7,positive,9,21,2,0,0.000000,0
7,positive,9,22,2,0,0.000000,0
7,positive,9,23,2,0,0.000000,0
7,positive,9,24,2,0,0.000000,0
7,positive,9,25,2,0,0.000000,0
7,positive,9,26,2,0,0.000000,0
7,positive,9,27,2,0,0.000000,0
7,positive,9,28,2,0,0.000000,0
7,positive,9,29,2,0,0.000000,0
7,positive,9,30,0,0,0.000000,0
7,positive,9,31,2,0,0.000000,0
7,positive,9,32,0,0,0.000000,0
7,positive,9,33,2,0,0.000000,0
7,positive,9,34,2,0,0.000000,0
7,positive,9,35,2,0,0.000000,0
7,positive,9,36,2,0,0.000000,0
7,positive,9,37,2,0,0.000000,0
7,positive,9,38,2,0,0.000000,0
7,positive,9,39,2,0,0.000000,0
7,positive,9,40,2,0,0.000000,0
7,positive,9,41,2,0,0.000000,0
7,positive,9,42,2,0,0.000000,0
7,positive,9,43,0,0,0.000000,0
7,positive,9,44,2,0,0.000000,0
7,positive,9,45,2,0,0.000000,0
7,positive,9,46,1,0,0.000000,0
7,positive,9,47,2,0,0.000000,0
7,positive,9,48,1,0,0.000000,0
7,positive,9,49,0,0,0.000000,0
7,positive,10,0,2,0,0.000000,0
7,positive,10,1,2,0,0.000000,0
7,positive,10,2,2,0,0.000000,0
7,positive,10,3,2,0,0.000000,0
7,positive,10,4,2,0,0.000000,0
7,positive,10,5,2,0,0.000000,0
7,positive,10,6,1,0,0.000000,0
7,positive,10,7,2,0,0.000000,0
7,positive,10,8,2,0,0.000000,0
7,positive,10,9,2,0,0.000000,0
7,positive,10,10,2,0,0.000000,0
7,positive,10,11,2,0,0.000000,0
7,positive,10,12,2,0,0.000000,0
7,positive,10,13,2,0,0.000000,0
7,positive,10,14,0,0,0.000000,0
7,positive,10,15,2,0,0.000000,0
7,positive,10,16,2,0,0.000000,0
7,positive,10,17,2,0,0.000000,0
7,positive,10,18,1,0,0.000000,0
7,positive,10,19,2,0,0.000000,0
7,positive,10,20,2,0,0.000000,0
7,positive,10,21,2,0,0.000000,0
7,positive,10,22,2,0,0.000000,0
7,positive,10,23,2,0,0.000000,0
7,positive,10,24,0,0,0.000000,0
7,positive,10,25,0,0,0.000000,0
7,positive,10,26,2,0,0.000000,0
7,positive,10,27,2,0,0.000000,0
7,positive,10,28,2,0,0.000000,0
7,positive,10,29,2,0,0.000000,0
7,positive,10,30,1,0,0.000000,0
7,positive,10,31,2,0,0.000000,0
7,positive,10,32,2,0,0.000000,0
7,positive,10,33,2,0,0.000000,0
7,positive,10,34,2,0,0.000000,0
7,positive,10,35,2,0,0.000000,0
7,positive,10,36,2,0,0.000000,0
7,positive,10,37,2,0,0.000000,0
7,positive,10,38,2,0,0.000000,0
7,positive,10,39,2,0,0.000000,0
7,positive,10,40,2,0,0.000000,0
7,positive,10,41,2,0,0.000000,0
7,positive,10,42,2,0,0.000000,0
7,positive,10,43,2,0,0.000000,0
7,positive,10,44,2,0,0.000000,0
7,positive,10,45,0,0,0.000000,0
7,positive,10,46,2,0,0.000000,0
7,positive,10,47,2,0,0.000000,0
7,positive,10,48,2,0,0.000000,0
7,positive,10,49,2,0,0.000000,0
7,positive,11,0,0,0,0.000000,0
7,positive,11,1,2,0,0.000000,0
7,positive,11,2,2,0,0.000000,0
7,positive,11,3,2,0,0.000000,0
7,positive,11,4,2,0,0.000000,0
7,positive,11,5,2,0,0.000000,0
7,positive,11,6,2,0,0.000000,0
7,positive,11,7,2,0,0.000000,0
7,positive,11,8,2,0,0.000000,0
7,positive,11,9,2,0,0.000000,0
7,positive,11,10,2,0,0.000000,0
7,positive,11,11,1,0,0.000000,0
7,positive,11,12,1,0,0.000000,0
7,positive,11,13,2,0,0.000000,0
7,positive,11,14,2,0,0.000000,0
7,positive,11,15,2,0,0.000000,0
7,positive,11,16,2,0,0.000000,0
7,positive,11,17,2,0,0.000000,0
7,positive,11,18,2,0,0.000000,0
7,positive,11,19,2,0,0.000000,0
7,positive,11,20,2,0,0.000000,0
7,positive,11,21,0,0,0.000000,0
7,positive,11,22,2,0,0.000000,0
7,positive,11,23,2,0,0.000000,0
7,positive,11,24,2,0,0.000000,0
7,positive,11,25,2,0,0.000000,0
7,positive,11,26,2,0,0.000000,0
7,positive,11,27,2,0,0.000000,0
7,positive,11,28,2,0,0.000000,0
7,positive,11,29,2,0,0.000000,0
7,positive,11,30,2,0,0.000000,0
7,positive,11,31,2,0,0.000000,0
7,positive,11,32,2,0,0.000000,0
7,positive,11,33,2,0,0.000000,0
7,positive,11,34,2,0,0.000000,0
7,positive,11,35,1,0,0.000000,0
7,positive,11,36,2,0,0.000000,0
7,positive,11,37,2,0,0.000000,0
7,positive,11,38,1,0,0.000000,0
7,positive,11,39,2,0,0.000000,0
7,positive,11,40,2,1,1.000000,1
7,positive,11,41,2,0,0.000000,0
7,positive,11,42,2,0,0.000000,0
7,positive,11,43,2,0,0.000000,0
7,positive,11,44,2,0,0.000000,0
7,positive,11,45,2,0,0.000000,0
7,positive,11,46,2,0,0.000000,0
7,positive,11,47,2,0,0.000000,0
7,positive,11,48,2,0,0.000000,0
7,positive,11,49,1,0,0.000000,0
7,positive,12,0,2,0,0.000000,0
7,positive,12,1,2,0,0.000000,0
7,positive,12,2,2,0,0.000000,0
7,positive,12,3,2,0,0.000000,0
7,positive,12,4,2,0,0.000000,0
7,positive,12,5,2,0,0.000000,0
7,positive,12,6,2,0,0.000000,0
7,positive,12,7,2,0,0.000000,0
7,positive,12,8,0,0,0.000000,0
7,positive,12,9,2,0,0.000000,0
7,positive,12,10,1,0,0.000000,0
7,positive,12,11,2,0,0.000000,0
7,positive,12,12,2,0,0.000000,0
7,positive,12,13,2,0,0.000000,0
7,positive,12,14,2,0,0.000000,0
7,positive,12,15,2,0,0.000000,0
7,positive,12,16,2,0,0.000000,0
7,positive,12,17,2,0,0.000000,0
7,positive,12,18,2,0,0.000000,0
7,positive,12,19,2,0,0.000000,0
7,positive,12,20,2,0,0.000000,0
7,positive,12,21,2,0,0.000000,0
7,positive,12,22,2,0,0.000000,0
7,positive,12,23,0,0,0.000000,0
7,positive,12,24,2,0,0.000000,0
7,positive,12,25,2,0,0.000000,0
7,positive,12,26,0,0,0.000000,0
7,positive,12,27,2,0,0.000000,0
7,positive,12,28,2,0,0.000000,0
7,positive,12,29,2,0,0.000000,0
7,positive,12,30,1,0,0.000000,0
7,positive,12,31,1,0,0.000000,0
7,positive,12,32,2,0,0.000000,0
7,positive,12,33,2,0,0.000000,0
7,positive,12,34,2,0,0.000000,0
7,positive,12,35,1,0,0.000000,0
7,positive,12,36,2,0,0.000000,0
7,positive,12,37,1,0,0.000000,0
7,positive,12,38,2,0,0.000000,0
7,positive,12,39,0,0,0.000000,0
7,positive,12,40,2,1,1.000000,1
7,positive,12,41,2,0,0.000000,0
7,positive,12,42,2,0,0.000000,0
7,positive,12,43,2,0,0.000000,0
7,positive,12,44,2,0,0.000000,0
7,positive,12,45,2,0,0.000000,0
7,positive,12,46,2,0,0.000000,0
7,positive,12,47,2,0,0.000000,0
7,positive,12,48,2,0,0.000000,0
7,positive,12,49,1,0,0.000000,0
7,positive,13,0,2,0,0.000000,0
7,positive,13,1,2,0,0.000000,0
7,positive,13,2,2,0,0.000000,0
7,positive,13,3,2,0,0.000000,0
7,positive,13,4,2,0,0.000000,0
7,positive,13,5,2,0,0.000000,0
7,positive,13,6,2,0,0.000000,0
7,positive,13,7,2,0,0.000000,0
7,positive,13,8,2,0,0.000000,0
7,positive,13,9,2,0,0.000000,0
7,positive,13,10,2,0,0.000000,0
7,positive,13,11,2,0,0.000000,0
7,positive,13,12,2,0,0.000000,0
7,positive,13,13,2,0,0.000000,0
7,positive,13,14,2,0,0.000000,0
7,positive,13,15,2,0,0.000000,0
7,positive,13,16,2,0,0.000000,0
7,positive,13,17,2,0,0.000000,0
7,positive,13,18,2,0,0.000000,0
7,positive,13,19,2,0,0.000000,0
7,positive,13,20,1,0,0.000000,0
7,positive,13,21,2,0,0.000000,0
7,positive,13,22,2,0,0.000000,0
7,positive,13,23,2,0,0.000000,0
7,positive,13,24,2,0,0.000000,0
7,positive,13,25,1,0,0.000000,0
7,positive,13,26,2,0,0.000000,0
7,positive,13,27,2,0,0.000000,0
7,positive,13,28,2,0,0.000000,0
7,positive,13,29,2,0,0.000000,0
7,positive,13,30,2,0,0.000000,0
7,positive,13,31,2,0,0.000000,0
7,positive,13,32,1,0,0.000000,0
7,positive,13,33,2,0,0.000000,0
7,positive,13,34,2,0,0.000000,0
7,positive,13,35,2,0,0.000000,0
7,positive,13,36,2,0,0.000000,0
7,positive,13,37,2,0,0.000000,0
7,positive,13,38,2,0,0.000000,0
7,positive,13,39,2,0,0.000000,0
7,positive,13,40,2,1,1.000000,1
7,positive,13,41,2,0,0.000000,0
7,positive,13,42,2,0,0.000000,0
7,positive,13,43,2,0,0.000000,0
7,positive,13,44,2,0,0.000000,0
7,positive,13,45,0,0,0.000000,0
7,positive,13,46,2,0,0.000000,0
7,positive,13,47,2,0,0.000000,0
7,positive,13,48,2,0,0.000000,0
7,positive,13,49,2,0,0.000000,0
7,positive,14,0,2,0,0.000000,0
7,positive,14,1,2,0,0.000000,0
7,positive,14,2,2,0,0.000000,0
7,positive,14,3,2,0,0.000000,0
7,positive,14,4,1,0,0.000000,0
7,positive,14,5,2,0,0.000000,0
7,positive,14,6,2,0,0.000000,0
7,positive,14,7,2,0,0.000000,0
7,positive,14,8,2,0,0.000000,0
7,positive,14,9,2,0,0.000000,0
7,positive,14,10,2,0,0.000000,0
7,positive,14,11,2,0,0.000000,0
7,positive,14,12,2,0,0.000000,0
7,positive,14,13,2,0,0.000000,0
7,positive,14,14,0,0,0.000000,0
7,positive,14,15,2,0,0.000000,0
7,positive,14,16,2,0,0.000000,0
7,positive,14,17,1,0,0.000000,0
7,positive,14,18,2,0,0.000000,0
7,positive,14,19,2,0,0.000000,0
7,positive,14,20,2,0,0.000000,0
7,positive,14,21,0,0,0.000000,0
7,positive,14,22,2,0,0.000000,0
7,positive,14,23,2,0,0.000000,0
7,positive,14,24,1,0,0.000000,0
7,positive,14,25,2,0,0.000000,0
7,positive,14,26,2,0,0.000000,0
7,positive,14,27,0,0,0.000000,0
7,positive,14,28,2,0,0.000000,0
7,positive,14,29,2,0,0.000000,0
7,positive,14,30,2,0,0.000000,0
7,positive,14,31,2,0,0.000000,0
7,positive,14,32,2,0,0.000000,0
7,positive,14,33,2,0,0.000000,0
7,positive,14,34,2,0,0.000000,0
7,positive,14,35,2,0,0.000000,0
7,positive,14,36,2,0,0.000000,0
7,positive,14,37,2,0,0.000000,0
7,positive,14,38,2,0,0.000000,0
7,positive,14,39,2,0,0.000000,0
7,positive,14,40,2,1,1.000000,1
7,positive,14,41,2,0,0.000000,0
7,positive,14,42,2,0,0.000000,0
7,positive,14,43,2,0,0.000000,0
7,positive,14,44,2,0,0.000000,0
7,positive,14,45,0,0,0.000000,0
7,positive,14,46,2,0,0.000000,0
7,positive,14,47,0,0,0.000000,0
7,positive,14,48,2,0,0.000000,0
7,positive,14,49,2,0,0.000000,0
7,positive,15,0,2,0,0.000000,0
7,positive,15,1,2,0,0.000000,0
7,positive,15,2,1,0,0.000000,0
7,positive,15,3,2,0,0.000000,0
7,positive,15,4,2,0,0.000000,0
7,positive,15,5,2,0,0.000000,0
7,positive,15,6,1,0,0.000000,0
7,positive,15,7,1,0,0.000000,0
7,positive,15,8,2,0,0.000000,0
7,positive,15,9,2,0,0.000000,0
7,positive,15,10,2,0,0.000000,0
7,positive,15,11,2,0,0.000000,0
7,positive,15,12,2,0,0.000000,0
7,positive,15,13,2,0,0.000000,0
7,positive,15,14,2,0,0.000000,0
7,positive,15,15,2,0,0.000000,0
7,positive,15,16,2,0,0.000000,0
7,positive,15,17,0,0,0.000000,0
7,positive,15,18,2,0,0.000000,0
7,positive,15,19,2,0,0.000000,0
7,positive,15,20,2,0,0.000000,0
7,positive,15,21,0,0,0.000000,0
7,positive,15,22,2,0,0.000000,0
7,positive,15,23,2,0,0.000000,0
7,positive,15,24,2,0,0.000000,0
7,positive,15,25,2,0,0.000000,0
7,positive,15,26,2,0,0.000000,0
7,positive,15,27,2,0,0.000000,0
7,positive,15,28,2,0,0.000000,0
7,positive,15,29,2,0,0.000000,0
7,positive,15,30,2,0,0.000000,0
7,positive,15,31,2,0,0.000000,0
7,positive,15,32,2,0,0.000000,0
7,positive,15,33,0,0,0.000000,0
7,positive,15,34,2,0,0.000000,0
7,positive,15,35,2,0,0.000000,0
7,positive,15,36,2,0,0.000000,0
7,positive,15,37,2,0,0.000000,0
7,positive,15,38,2,0,0.000000,0
7,positive,15,39,2,0,0.000000,0
7,positive,15,40,2,1,1.000000,1
7,positive,15,41,2,0,0.000000,0
7,positive,15,42,0,0,0.000000,0
7,positive,15,43,2,0,0.000000,0
7,positive,15,44,2,0,0.000000,0
7,positive,15,45,1,0,0.000000,0
7,positive,15,46,2,0,0.000000,0
7,positive,15,47,0,0,0.000000,0
7,positive,15,48,2,0,0.000000,0
7,positive,15,49,2,0,0.000000,0
7,positive,16,0,2,0,0.000000,0
7,positive,16,1,2,0,0.000000,0
7,positive,16,2,2,0,0.000000,0
7,positive,16,3,2,0,0.000000,0
7,positive,16,4,2,0,0.000000,0
7,positive,16,5,2,0,0.000000,0
7,positive,16,6,2,0,0.000000,0
7,positive,16,7,2,0,0.000000,0
7,positive,16,8,2,0,0.000000,0
7,positive,16,9,2,0,0.000000,0
7,positive,16,10,2,0,0.000000,0
7,positive,16,11,2,0,0.000000,0
7,positive,16,12,2,0,0.000000,0
7,positive,16,13,2,0,0.000000,0
7,positive,16,14,2,0,0.000000,0
7,positive,16,15,2,0,0.000000,0
7,positive,16,16,2,0,0.000000,0
7,positive,16,17,2,0,0.000000,0
7,positive,16,18,2,0,0.000000,0
7,positive,16,19,2,0,0.000000,0
7,positive,16,20,2,0,0.000000,0
7,positive,16,21,2,0,0.000000,0
7,positive,16,22,1,0,0.000000,0
7,positive,16,23,2,0,0.000000,0
7,positive,16,24,2,0,0.000000,0
7,positive,16,25,2,0,0.000000,0
7,positive,16,26,2,0,0.000000,0
7,positive,16,27,2,0,0.000000,0
7,positive,16,28,2,0,0.000000,0
7,positive,16,29,2,0,0.000000,0
7,positive,16,30,0,0,0.000000,0
7,positive,16,31,2,0,0.000000,0
7,positive,16,32,2,0,0.000000,0
7,positive,16,33,2,0,0.000000,0
7,positive,16,34,2,0,0.000000,0
7,positive,16,35,2,0,0.000000,0
7,positive,16,36,2,0,0.000000,0
7,positive,16,37,0,0,0.000000,0
7,positive,16,38,2,0,0.000000,0
7,positive,16,39,2,0,0.000000,0
7,positive,16,40,2,0,0.000000,0
7,positive,16,41,2,0,0.000000,0
7,positive,16,42,2,0,0.000000,0
7,positive,16,43,2,0,0.000000,0
7,positive,16,44,2,0,0.000000,0
7,positive,16,45,2,0,0.000000,0
7,positive,16,46,2,0,0.000000,0
7,positive,16,47,2,0,0.000000,0
7,positive,16,48,2,0,0.000000,0
7,positive,16,49,2,0,0.000000,0
7,positive,17,0,0,0,0.000000,0
7,positive,17,1,2,0,0.000000,0
7,positive,17,2,0,0,0.000000,0
7,positive,17,3,2,0,0.000000,0
7,positive,17,4,2,0,0.000000,0
7,positive,17,5,2,0,0.000000,0
7,positive,17,6,2,0,0.000000,0
7,positive,17,7,2,0,0.000000,0
7,positive,17,8,2,0,0.000000,0
7,positive,17,9,2,0,0.000000,0
7,positive,17,10,2,0,0.000000,0
7,positive,17,11,0,0,0.000000,0
7,positive,17,12,2,0,0.000000,0
7,positive,17,13,2,0,0.000000,0
7,positive,17,14,2,0,0.000000,0
7,positive,17,15,2,0,0.000000,0
7,positive,17,16,2,0,0.000000,0
7,positive,17,17,2,0,0.000000,0
7,positive,17,18,2,0,0.000000,0
7,positive,17,19,2,0,0.000000,0
7,positive,17,20,2,0,0.000000,0
7,positive,17,21,2,0,0.000000,0
7,positive,17,22,2,0,0.000000,0
7,positive,17,23,1,0,0.000000,0
7,positive,17,24,2,0,0.000000,0
7,positive,17,25,2,0,0.000000,0
7,positive,17,26,2,0,0.000000,0
7,positive,17,27,2,0,0.000000,0
7,positive,17,28,2,0,0.000000,0
7,positive,17,29,2,0,0.000000,0
7,positive,17,30,2,0,0.000000,0
7,positive,17,31,2,0,0.000000,0
7,positive,17,32,2,0,0.000000,0
7,positive,17,33,2,0,0.000000,0
7,positive,17,34,2,0,0.000000,0
7,positive,17,35,2,0,0.000000,0
7,positive,17,36,2,0,0.000000,0
7,positive,17,37,2,0,0.000000,0
7,positive,17,38,2,0,0.000000,0
7,positive,17,39,2,0,0.000000,0
7,positive,17,40,2,0,0.000000,0
7,positive,17,41,2,0,0.000000,0
7,positive,17,42,2,0,0.000000,0
7,positive,17,43,2,0,0.000000,0
7,positive,17,44,2,0,0.000000,0
7,positive,17,45,2,0,0.000000,0
7,positive,17,46,1,0,0.000000,0
7,positive,17,47,0,0,0.000000,0
7,positive,17,48,0,0,0.000000,0
7,positive,17,49,2,0,0.000000,0
7,positive,18,0,2,0,0.000000,0
7,positive,18,1,2,0,0.000000,0
7,positive,18,2,2,0,0.000000,0
7,positive,18,3,2,0,0.000000,0
7,positive,18,4,2,0,0.000000,0
7,positive,18,5,2,0,0.000000,0
7,positive,18,6,2,0,0.000000,0
7,positive,18,7,2,0,0.000000,0
7,positive,18,8,2,0,0.000000,0
7,positive,18,9,1,0,0.000000,0
7,positive,18,10,2,0,0.000000,0
7,positive,18,11,2,0,0.000000,0
7,positive,18,12,2,0,0.000000,0
7,positive,18,13,2,0,0.000000,0
7,positive,18,14,2,0,0.000000,0
7,positive,18,15,2,0,0.000000,0
7,positive,18,16,2,0,0.000000,0
7,positive,18,17,1,0,0.000000,0
7,positive,18,18,2,0,0.000000,0
7,positive,18,19,2,0,0.000000,0
7,positive,18,20,2,0,0.000000,0
7,positive,18,21,2,0,0.000000,0
7,positive,18,22,0,0,0.000000,0
7,positive,18,23,2,0,0.000000,0
7,positive,18,24,2,0,0.000000,0
7,positive,18,25,2,0,0.000000,0
7,positive,18,26,1,0,0.000000,0
7,positive,18,27,2,0,0.000000,0
7,positive,18,28,2,0,0.000000,0
7,positive,18,29,2,0,0.000000,0
7,positive,18,30,2,0,0.000000,0
7,positive,18,31,2,0,0.000000,0
7,positive,18,32,2,0,0.000000,0
7,positive,18,33,2,0,0.000000,0
7,positive,18,34,1,0,0.000000,0
7,positive,18,35,0,0,0.000000,0
7,positive,18,36,2,0,0.000000,0
7,positive,18,37,2,0,0.000000,0
7,positive,18,38,2,0,0.000000,0
7,positive,18,39,2,0,0.000000,0
7,positive,18,40,2,0,0.000000,0
7,positive,18,41,2,0,0.000000,0
7,positive,18,42,2,0,0.000000,0
7,positive,18,43,2,0,0.000000,0
7,positive,18,44,2,0,0.000000,0
7,positive,18,45,2,0,0.000000,0
7,positive,18,46,2,0,0.000000,0
7,positive,18,47,2,0,0.000000,0
7,positive,18,48,1,0,0.000000,0
7,positive,18,49,2,0,0.000000,0
7,positive,19,0,2,0,0.000000,0
7,positive,19,1,2,0,0.000000,0
7,positive,19,2,2,0,0.000000,0
7,positive,19,3,2,0,0.000000,0
7,positive,19,4,2,0,0.000000,0
7,positive,19,5,2,0,0.000000,0
7,positive,19,6,2,0,0.000000,0
7,positive,19,7,2,0,0.000000,0
7,positive,19,8,2,0,0.000000,0
7,positive,19,9,2,0,0.000000,0
7,positive,19,10,2,0,0.000000,0
7,positive,19,11,2,0,0.000000,0
7,positive,19,12,0,0,0.000000,0
7,positive,19,13,2,0,0.000000,0
7,positive,19,14,1,0,0.000000,0
7,positive,19,15,1,0,0.000000,0
7,positive,19,16,2,0,0.000000,0
7,positive,19,17,2,0,0.000000,0
7,positive,19,18,2,0,0.000000,0
7,positive,19,19,2,0,0.000000,0
7,positive,19,20,1,0,0.000000,0
7,positive,19,21,2,0,0.000000,0
7,positive,19,22,2,0,0.000000,0
7,positive,19,23,2,0,0.000000,0
7,positive,19,24,0,0,0.000000,0
7,positive,19,25,0,0,0.000000,0
7,positive,19,26,2,0,0.000000,0
7,positive,19,27,2,0,0.000000,0
7,positive,19,28,2,0,0.000000,0
7,positive,19,29,2,0,0.000000,0
7,positive,19,30,2,0,0.000000,0
7,positive,19,31,2,0,0.000000,0
7,positive,19,32,2,0,0.000000,0
7,positive,19,33,2,0,0.000000,0
7,positive,19,34,1,0,0.000000,0
7,positive,19,35,1,0,0.000000,0
7,positive,19,36,2,0,0.000000,0
7,positive,19,37,2,0,0.000000,0
7,positive,19,38,2,0,0.000000,0
7,positive,19,39,2,0,0.000000,0
7,positive,19,40,2,0,0.000000,0
7,positive,19,41,2,0,0.000000,0
7,positive,19,42,2,0,0.000000,0
7,positive,19,43,1,0,0.000000,0
7,positive,19,44,0,0,0.000000,0
7,positive,19,45,0,0,0.000000,0
7,positive,19,46,2,0,0.000000,0
7,positive,19,47,2,0,0.000000,0
7,positive,19,48,2,0,0.000000,0
7,positive,19,49,1,0,0.000000,0
7,positive,20,0,0,0,0.000000,0
7,positive,20,1,2,0,0.000000,0
7,positive,20,2,1,0,0.000000,0
7,positive,20,3,0,0,0.000000,0
7,positive,20,4,2,0,0.000000,0
7,positive,20,5,2,0,0.000000,0
7,positive,20,6,0,0,0.000000,0
7,positive,20,7,2,0,0.000000,0
7,positive,20,8,0,0,0.000000,0
7,positive,20,9,0,0,0.000000,0
7,positive,20,10,2,0,0.000000,0
7,positive,20,11,2,0,0.000000,0
7,positive,20,12,2,0,0.000000,0
7,positive,20,13,2,0,0.000000,0
7,positive,20,14,2,0,0.000000,0
7,positive,20,15,2,0,0.000000,0
7,positive,20,16,1,0,0.000000,0
7,positive,20,17,2,0,0.000000,0
7,positive,20,18,2,0,0.000000,0
7,positive,20,19,2,0,0.000000,0
7,positive,20,20,2,0,0.000000,0
7,positive,20,21,2,0,0.000000,0
7,positive,20,22,2,0,0.000000,0
7,positive,20,23,2,0,0.000000,0
7,positive,20,24,1,0,0.000000,0
7,positive,20,25,2,0,0.000000,0
7,positive,20,26,2,0,0.000000,0
7,positive,20,27,2,0,0.000000,0
7,positive,20,28,0,0,0.000000,0
7,positive,20,29,2,0,0.000000,0
7,positive,20,30,2,0,0.000000,0
7,positive,20,31,2,0,0.000000,0
7,positive,20,32,2,0,0.000000,0
7,positive,20,33,2,0,0.000000,0
7,positive,20,34,2,0,0.000000,0
7,positive,20,35,2,0,0.000000,0
7,positive,20,36,2,0,0.000000,0
7,positive,20,37,2,0,0.000000,0
7,positive,20,38,2,0,0.000000,0
7,positive,20,39,1,0,0.000000,0
7,positive,20,40,2,0,0.000000,0
7,positive,20,41,2,0,0.000000,0
7,positive,20,42,2,0,0.000000,0
7,positive,20,43,1,0,0.000000,0
7,positive,20,44,2,0,0.000000,0
7,positive,20,45,2,0,0.000000,0
7,positive,20,46,2,0,0.000000,0
7,positive,20,47,2,0,0.000000,0
7,positive,20,48,2,0,0.000000,0
7,positive,20,49,1,0,0.000000,0
7,positive,21,0,2,0,0.000000,0
7,positive,21,1,2,0,0.000000,0
7,positive,21,2,2,0,0.000000,0
7,positive,21,3,2,0,0.000000,0
7,positive,21,4,1,0,0.000000,0
7,positive,21,5,2,0,0.000000,0
7,positive,21,6,2,0,0.000000,0
7,positive,21,7,2,0,0.000000,0
7,positive,21,8,1,0,0.000000,0
7,positive,21,9,2,0,0.000000,0
7,positive,21,10,2,0,0.000000,0
7,positive,21,11,2,0,0.000000,0
7,positive,21,12,2,0,0.000000,0
7,positive,21,13,2,0,0.000000,0
7,positive,21,14,2,0,0.000000,0
7,positive,21,15,2,0,0.000000,0
7,positive,21,16,2,0,0.000000,0
7,positive,21,17,2,0,0.000000,0
7,positive,21,18,2,0,0.000000,0
7,positive,21,19,2,0,0.000000,0
7,positive,21,20,2,0,0.000000,0
7,positive,21,21,2,0,0.000000,0
7,positive,21,22,2,0,0.000000,0
7,positive,21,23,2,0,0.000000,0
7,positive,21,24,0,0,0.000000,0
7,positive,21,25,2,0,0.000000,0
7,positive,21,26,2,0,0.000000,0
7,positive,21,27,1,0,0.000000,0
7,positive,21,28,2,0,0.000000,0
7,positive,21,29,2,0,0.000000,0
7,positive,21,30,2,0,0.000000,0
7,positive,21,31,1,0,0.000000,0
7,positive,21,32,2,0,0.000000,0
7,positive,21,33,2,0,0.000000,0
7,positive,21,34,2,0,0.000000,0
7,positive,21,35,2,0,0.000000,0
7,positive,21,36,0,0,0.000000,0
7,positive,21,37,2,0,0.000000,0
7,positive,21,38,2,0,0.000000,0
7,positive,21,39,2,0,0.000000,0
7,positive,21,40,2,0,0.000000,0
7,positive,21,41,2,0,0.000000,0
7,positive,21,42,2,0,0.000000,0
7,positive,21,43,2,0,0.000000,0
7,positive,21,44,2,0,0.000000,0
7,positive,21,45,0,0,0.000000,0
7,positive,21,46,2,0,0.000000,0
7,positive,21,47,2,0,0.000000,0
7,positive,21,48,2,0,0.000000,0
7,positive,21,49,2,0,0.000000,0
7,positive,22,0,0,0,0.000000,0
7,positive,22,1,2,0,0.000000,0
7,positive,22,2,2,0,0.000000,0
7,positive,22,3,2,0,0.000000,0
7,positive,22,4,2,0,0.000000,0
7,positive,22,5,2,0,0.000000,0
7,positive,22,6,2,0,0.000000,0
7,positive,22,7,2,0,0.000000,0
7,positive,22,8,2,0,0.000000,0
7,positive,22,9,2,0,0.000000,0
7,positive,22,10,2,0,0.000000,0
7,positive,22,11,2,0,0.000000,0
7,positive,22,12,2,0,0.000000,0
7,positive,22,13,2,0,0.000000,0
7,positive,22,14,2,0,0.000000,0
7,positive,22,15,2,0,0.000000,0
7,positive,22,16,2,0,0.000000,0
7,positive,22,17,2,0,0.000000,0
7,positive,22,18,2,0,0.000000,0
7,positive,22,19,2,0,0.000000,0
7,positive,22,20,2,0,0.000000,0
7,positive,22,21,2,0,0.000000,0
7,positive,22,22,2,0,0.000000,0
7,positive,22,23,0,0,0.000000,0
7,positive,22,24,1,0,0.000000,0
7,positive,22,25,2,0,0.000000,0
7,positive,22,26,2,0,0.000000,0
7,positive,22,27,2,0,0.000000,0
7,positive,22,28,1,0,0.000000,0
7,positive,22,29,2,0,0.000000,0
7,positive,22,30,2,0,0.000000,0
7,positive,22,31,2,0,0.000000,0
7,positive,22,32,2,0,0.000000,0
7,positive,22,33,2,0,0.000000,0
7,positive,22,34,2,0,0.000000,0
7,positive,22,35,2,0,0.000000,0
7,positive,22,36,2,0,0.000000,0
7,positive,22,37,2,0,0.000000,0
7,positive,22,38,2,0,0.000000,0
7,positive,22,39,0,0,0.000000,0
7,positive,22,40,0,0,0.000000,0
7,positive,22,41,2,0,0.000000,0
7,positive,22,42,2,0,0.000000,0
7,positive,22,43,2,0,0.000000,0
7,positive,22,44,1,0,0.000000,0
7,positive,22,45,2,0,0.000000,0
7,positive,22,46,2,0,0.000000,0
7,positive,22,47,2,0,0.000000,0
7,positive,22,48,2,0,0.000000,0
7,positive,22,49,2,0,0.000000,0
7,positive,23,0,2,0,0.000000,0
7,positive,23,1,2,0,0.000000,0
7,positive,23,2,2,0,0.000000,0
7,positive,23,3,2,0,0.000000,0
7,positive,23,4,2,0,0.000000,0
7,positive,23,5,2,0,0.000000,0
7,positive,23,6,2,0,0.000000,0
7,positive,23,7,1,0,0.000000,0
7,positive,23,8,1,0,0.000000,0
7,positive,23,9,2,0,0.000000,0
7,positive,23,10,2,0,0.000000,0
7,positive,23,11,2,0,0.000000,0
7,positive,23,12,2,0,0.000000,0
7,positive,23,13,1,0,0.000000,0
7,positive,23,14,2,0,0.000000,0
7,positive,23,15,2,0,0.000000,0
7,positive,23,16,0,0,0.000000,0
7,positive,23,17,2,0,0.000000,0
7,positive,23,18,2,0,0.000000,0
7,positive,23,19,1,0,0.000000,0
7,positive,23,20,2,0,0.000000,0
7,positive,23,21,2,0,0.000000,0
7,positive,23,22,2,0,0.000000,0
7,positive,23,23,1,0,0.000000,0
7,positive,23,24,2,0,0.000000,0
7,positive,23,25,0,0,0.000000,0
7,positive,23,26,2,0,0.000000,0
7,positive,23,27,2,0,0.000000,0
7,positive,23,28,0,0,0.000000,0
7,positive,23,29,2,0,0.000000,0
7,positive,23,30,2,0,0.000000,0
7,positive,23,31,2,0,0.000000,0
7,positive,23,32,2,0,0.000000,0
7,positive,23,33,2,0,0.000000,0
7,positive,23,34,2,0,0.000000,0
7,positive,23,35,2,0,0.000000,0
7,positive,23,36,2,0,0.000000,0
7,positive,23,37,0,0,0.000000,0
7,positive,23,38,2,0,0.000000,0
7,positive,23,39,2,0,0.000000,0
7,positive,23,40,1,0,0.000000,0
7,positive,23,41,1,0,0.000000,0
7,positive,23,42,2,0,0.000000,0
7,positive,23,43,2,0,0.000000,0
7,positive,23,44,2,0,0.000000,0
7,positive,23,45,2,0,0.000000,0
7,positive,23,46,0,0,0.000000,0
7,positive,23,47,2,0,0.000000,0
7,positive,23,48,2,0,0.000000,0
7,positive,23,49,2,0,0.000000,0
7,positive,24,0,2,0,0.000000,0
7,positive,24,1,0,0,0.000000,0
7,positive,24,2,2,0,0.000000,0
7,positive,24,3,2,0,0.000000,0
7,positive,24,4,2,0,0.000000,0
7,positive,24,5,2,0,0.000000,0
7,positive,24,6,2,0,0.000000,0
7,positive,24,7,2,0,0.000000,0
7,positive,24,8,2,0,0.000000,0
7,positive,24,9,2,0,0.000000,0
7,positive,24,10,2,0,0.000000,0
7,positive,24,11,2,0,0.000000,0
7,positive,24,12,1,0,0.000000,0
7,positive,24,13,0,0,0.000000,0
7,positive,24,14,2,0,0.000000,0
7,positive,24,15,0,0,0.000000,0
7,positive,24,16,2,0,0.000000,0
7,positive,24,17,2,0,0.000000,0
7,positive,24,18,2,0,0.000000,0
7,positive,24,19,2,0,0.000000,0
7,positive,24,20,1,0,0.000000,0
7,positive,24,21,2,0,0.000000,0
7,positive,24,22,2,0,0.000000,0
7,positive,24,23,2,0,0.000000,0
7,positive,24,24,2,0,0.000000,0
7,positive,24,25,2,0,0.000000,0
7,positive,24,26,2,0,0.000000,0
7,positive,24,27,2,0,0.000000,0
7,positive,24,28,2,0,0.000000,0
7,positive,24,29,2,0,0.000000,0
7,positive,24,30,2,0,0.000000,0
7,positive,24,31,2,0,0.000000,0
7,positive,24,32,2,0,0.000000,0
7,positive,24,33,2,0,0.000000,0
7,positive,24,34,2,0,0.000000,0
7,positive,24,35,2,0,0.000000,0
7,positive,24,36,2,0,0.000000,0
7,positive,24,37,2,0,0.000000,0
7,positive,24,38,2,0,0.000000,0
7,positive,24,39,1,0,0.000000,0
7,positive,24,40,2,0,0.000000,0
7,positive,24,41,2,0,0.000000,0
7,positive,24,42,2,0,0.000000,0
7,positive,24,43,2,0,0.000000,0
7,positive,24,44,2,0,0.000000,0
7,positive,24,45,1,0,0.000000,0
7,positive,24,46,0,0,0.000000,0
7,positive,24,47,2,0,0.000000,0
7,positive,24,48,2,0,0.000000,0
7,positive,24,49,2,0,0.000000,0
7,positive,25,0,2,0,0.000000,0
7,positive,25,1,2,0,0.000000,0
7,positive,25,2,2,0,0.000000,0
7,positive,25,3,2,0,0.000000,0
7,positive,25,4,2,0,0.000000,0
7,positive,25,5,2,0,0.000000,0
7,positive,25,6,2,0,0.000000,0
7,positive,25,7,2,0,0.000000,0
7,positive,25,8,2,0,0.000000,0
7,positive,25,9,1,0,0.000000,0
7,positive,25,10,2,0,0.000000,0
7,positive,25,11,2,0,0.000000,0
7,positive,25,12,2,0,0.000000,0
7,positive,25,13,2,0,0.000000,0
7,positive,25,14,2,0,0.000000,0
7,positive,25,15,2,0,0.000000,0
7,positive,25,16,2,0,0.000000,0
7,positive,25,17,1,0,0.000000,0
7,positive,25,18,2,0,0.000000,0
7,positive,25,19,0,0,0.000000,0
7,positive,25,20,2,0,0.000000,0
7,positive,25,21,2,0,0.000000,0
7,positive,25,22,2,0,0.000000,0
7,positive,25,23,2,0,0.000000,0
7,positive,25,24,2,0,0.000000,0
7,positive,25,25,2,0,0.000000,0
7,positive,25,26,2,0,0.000000,0
7,positive,25,27,2,0,0.000000,0
7,positive,25,28,1,0,0.000000,0
7,positive,25,29,2,0,0.000000,0
7,positive,25,30,2,0,0.000000,0
7,positive,25,31,2,0,0.000000,0
7,positive,25,32,2,0,0.000000,0
7,positive,25,33,2,0,0.000000,0
7,positive,25,34,2,0,0.000000,0
7,positive,25,35,2,0,0.000000,0
7,positive,25,36,2,0,0.000000,0
7,positive,25,37,2,0,0.000000,0
7,positive,25,38,1,1,1.000000,1
7,positive,25,39,2,0,0.000000,0
7,positive,25,40,2,0,0.000000,0
7,positive,25,41,2,0,0.000000,0
7,positive,25,42,2,0,0.000000,0
7,positive,25,43,2,0,0.000000,0
7,positive,25,44,2,0,0.000000,0
7,positive,25,45,2,0,0.000000,0
7,positive,25,46,2,0,0.000000,0
7,positive,25,47,2,0,0.000000,0
7,positive,25,48,2,0,0.000000,0
7,positive,25,49,2,0,0.000000,0
7,positive,26,0,2,0,0.000000,0
7,positive,26,1,1,0,0.000000,0
7,positive,26,2,2,0,0.000000,0
7,positive,26,3,2,0,0.000000,0
7,positive,26,4,2,0,0.000000,0
7,positive,26,5,2,0,0.000000,0
7,positive,26,6,2,0,0.000000,0
7,positive,26,7,2,0,0.000000,0
7,positive,26,8,0,0,0.000000,0
7,positive,26,9,2,0,0.000000,0
7,positive,26,10,2,0,0.000000,0
7,positive,26,11,0,0,0.000000,0
7,positive,26,12,2,0,0.000000,0
7,positive,26,13,2,0,0.000000,0
7,positive,26,14,2,0,0.000000,0
7,positive,26,15,2,0,0.000000,0
7,positive,26,16,2,0,0.000000,0
7,positive,26,17,2,0,0.000000,0
7,positive,26,18,2,0,0.000000,0
7,positive,26,19,2,0,0.000000,0
7,positive,26,20,2,0,0.000000,0
7,positive,26,21,2,0,0.000000,0
7,positive,26,22,2,0,0.000000,0
7,positive,26,23,2,0,0.000000,0
7,positive,26,24,1,0,0.000000,0
7,positive,26,25,2,0,0.000000,0
7,positive,26,26,1,0,0.000000,0
7,positive,26,27,2,0,0.000000,0
7,positive,26,28,2,0,0.000000,0
7,positive,26,29,2,0,0.000000,0
7,positive,26,30,2,0,0.000000,0
7,positive,26,31,2,0,0.000000,0
7,positive,26,32,2,0,0.000000,0
7,positive,26,33,2,0,0.000000,0
7,positive,26,34,2,0,0.000000,0
7,positive,26,35,2,0,0.000000,0
7,positive,26,36,0,0,0.000000,0
7,positive,26,37,2,0,0.000000,0
7,positive,26,38,1,1,1.000000,1
7,positive,26,39,2,0,0.000000,0
7,positive,26,40,1,0,0.000000,0
7,positive,26,41,2,0,0.000000,0
7,positive,26,42,1,0,0.000000,0
7,positive,26,43,2,0,0.000000,0
7,positive,26,44,2,0,0.000000,0
7,positive,26,45,2,0,0.000000,0
7,positive,26,46,2,0,0.000000,0
7,positive,26,47,2,0,0.000000,0
7,positive,26,48,2,0,0.000000,0
7,positive,26,49,2,0,0.000000,0
7,positive,27,0,0,0,0.000000,0
7,positive,27,1,2,0,0.000000,0
7,positive,27,2,2,0,0.000000,0
7,positive,27,3,2,0,0.000000,0
7,positive,27,4,0,0,0.000000,0
7,positive,27,5,1,0,0.000000,0
7,positive,27,6,1,0,0.000000,0
7,positive,27,7,2,0,0.000000,0
7,positive,27,8,2,0,0.000000,0
7,positive,27,9,2,0,0.000000,0
7,positive,27,10,2,0,0.000000,0
7,positive,27,11,2,0,0.000000,0
7,positive,27,12,2,0,0.000000,0
7,positive,27,13,2,0,0.000000,0
7,positive,27,14,1,0,0.000000,0
7,positive,27,15,2,0,0.000000,0
7,positive,27,16,2,0,0.000000,0
7,positive,27,17,2,0,0.000000,0
7,positive,27,18,2,0,0.000000,0
7,positive,27,19,2,0,0.000000,0
7,positive,27,20,2,0,0.000000,0
7,positive,27,21,2,0,0.000000,0
7,positive,27,22,2,0,0.000000,0
7,positive,27,23,2,0,0.000000,0
7,positive,27,24,2,0,0.000000,0
7,positive,27,25,2,0,0.000000,0
7,positive,27,26,2,0,0.000000,0
7,positive,27,27,2,0,0.000000,0
7,positive,27,28,2,0,0.000000,0
7,positive,27,29,2,0,0.000000,0
7,positive,27,30,2,0,0.000000,0
7,positive,27,31,2,0,0.000000,0
7,positive,27,32,1,0,0.000000,0
7,positive,27,33,2,0,0.000000,0
7,positive,27,34,2,0,0.000000,0
7,positive,27,35,2,0,0.000000,0
7,positive,27,36,2,0,0.000000,0
7,positive,27,37,0,0,0.000000,0
7,positive,27,38,1,1,1.000000,1
7,positive,27,39,2,0,0.000000,0
7,positive,27,40,2,0,0.000000,0
7,positive,27,41,2,0,0.000000,0
7,positive,27,42,2,0,0.000000,0
7,positive,27,43,2,0,0.000000,0
7,positive,27,44,2,0,0.000000,0
7,positive,27,45,2,0,0.000000,0
7,positive,27,46,2,0,0.000000,0
7,positive,27,47,2,0,0.000000,0
7,positive,27,48,2,0,0.000000,0
7,positive,27,49,2,0,0.000000,0
7,positive,28,0,2,0,0.000000,0
7,positive,28,1,2,0,0.000000,0
7,positive,28,2,2,0,0.000000,0
7,positive,28,3,2,0,0.000000,0
7,positive,28,4,2,0,0.000000,0
7,positive,28,5,2,0,0.000000,0
7,positive,28,6,2,0,0.000000,0
7,positive,28,7,2,0,0.000000,0
7,positive,28,8,2,0,0.000000,0
7,positive,28,9,2,0,0.000000,0
7,positive,28,10,2,0,0.000000,0
7,positive,28,11,2,0,0.000000,0
7,positive,28,12,0,0,0.000000,0
7,positive,28,13,2,0,0.000000,0
7,positive,28,14,2,0,0.000000,0
7,positive,28,15,2,0,0.000000,0
7,positive,28,16,2,0,0.000000,0
7,positive,28,17,2,0,0.000000,0
7,positive,28,18,2,0,0.000000,0
7,positive,28,19,2,0,0.000000,0
7,positive,28,20,0,0,0.000000,0
7,positive,28,21,2,0,0.000000,0
7,positive,28,22,2,0,0.000000,0
7,positive,28,23,2,0,0.000000,0
7,positive,28,24,1,0,0.000000,0
7,positive,28,25,2,0,0.000000,0
7,positive,28,26,2,0,0.000000,0
7,positive,28,27,2,0,0.000000,0
7,positive,28,28,0,0,0.000000,0
7,positive,28,29,2,0,0.000000,0
7,positive,28,30,2,0,0.000000,0
7,positive,28,31,2,0,0.000000,0
7,positive,28,32,2,0,0.000000,0
7,positive,28,33,1,0,0.000000,0
7,positive,28,34,2,0,0.000000,0
7,positive,28,35,0,0,0.000000,0
7,positive,28,36,2,0,0.000000,0
7,positive,28,37,2,0,0.000000,0
7,positive,28,38,1,1,1.000000,1
7,positive,28,39,2,0,0.000000,0
7,positive,28,40,1,0,0.000000,0
7,positive,28,41,2,0,0.000000,0
7,positive,28,42,2,0,0.000000,0
7,positive,28,43,2,0,0.000000,0
7,positive,28,44,0,0,0.000000,0
7,positive,28,45,2,0,0.000000,0
7,positive,28,46,2,0,0.000000,0
7,positive,28,47,2,0,0.000000,0
7,positive,28,48,2,0,0.000000,0
7,positive,28,49,2,0,0.000000,0
7,positive,29,0,2,0,0.000000,0
7,positive,29,1,2,0,0.000000,0
7,positive,29,2,2,0,0.000000,0
7,positive,29,3,2,0,0.000000,0
7,positive,29,4,2,0,0.000000,0
7,positive,29,5,2,0,0.000000,0
7,positive,29,6,2,0,0.000000,0
7,positive,29,7,2,0,0.000000,0
7,positive,29,8,1,0,0.000000,0
7,positive,29,9,2,0,0.000000,0
7,positive,29,10,2,0,0.000000,0
7,positive,29,11,2,0,0.000000,0
7,positive,29,12,0,0,0.000000,0
7,positive,29,13,2,0,0.000000,0
7,positive,29,14,2,0,0.000000,0
7,positive,29,15,2,0,0.000000,0
7,positive,29,16,2,0,0.000000,0
7,positive,29,17,2,0,0.000000,0
7,positive,29,18,1,0,0.000000,0
7,positive,29,19,2,0,0.000000,0
7,positive,29,20,2,0,0.000000,0
7,positive,29,21,1,0,0.000000,0
7,positive,29,22,1,0,0.000000,0
7,positive,29,23,2,0,0.000000,0
7,positive,29,24,2,0,0.000000,0
7,positive,29,25,2,0,0.000000,0
7,positive,29,26,1,0,0.000000,0
7,positive,29,27,2,0,0.000000,0
7,positive,29,28,2,0,0.000000,0
7,positive,29,29,2,0,0.000000,0
7,positive,29,30,2,0,0.000000,0
7,positive,29,31,2,0,0.000000,0
7,positive,29,32,2,0,0.000000,0
7,positive,29,33,1,0,0.000000,0
7,positive,29,34,1,0,0.000000,0
7,positive,29,35,2,0,0.000000,0
7,positive,29,36,2,0,0.000000,0
7,positive,29,37,2,0,0.000000,0
7,positive,29,38,1,1,1.000000,1
7,positive,29,39,2,0,0.000000,0
7,positive,29,40,2,0,0.000000,0
7,positive,29,41,2,0,0.000000,0
7,positive,29,42,2,0,0.000000,0
7,positive,29,43,1,0,0.000000,0
7,positive,29,44,1,0,0.000000,0
7,positive,29,45,2,0,0.000000,0
7,positive,29,46,2,0,0.000000,0
7,positive,29,47,2,0,0.000000,0
7,positive,29,48,2,0,0.000000,0
7,positive,29,49,2,0,0.000000,0
7,positive,30,0,2,0,0.000000,0
7,positive,30,1,2,0,0.000000,0
7,positive,30,2,2,0,0.000000,0
7,positive,30,3,2,0,0.000000,0
7,positive,30,4,2,0,0.000000,0
7,positive,30,5,2,0,0.000000,0
7,positive,30,6,2,0,0.000000,0
7,positive,30,7,2,0,0.000000,0
7,positive,30,8,1,0,0.000000,0
7,positive,30,9,2,0,0.000000,0
7,positive,30,10,2,0,0.000000,0
7,positive,30,11,2,0,0.000000,0
7,positive,30,12,1,0,0.000000,0
7,positive,30,13,2,0,0.000000,0
7,positive,30,14,1,0,0.000000,0
7,positive,30,15,2,0,0.000000,0
7,positive,30,16,2,0,0.000000,0
7,positive,30,17,2,0,0.000000,0
7,positive,30,18,2,0,0.000000,0
7,positive,30,19,2,0,0.000000,0
7,positive,30,20,2,0,0.000000,0
7,positive,30,21,2,0,0.000000,0
7,positive,30,22,2,0,0.000000,0
7,positive,30,23,0,0,0.000000,0
7,positive,30,24,2,0,0.000000,0
7,positive,30,25,2,0,0.000000,0
7,positive,30,26,2,0,0.000000,0
7,positive,30,27,2,0,0.000000,0
7,positive,30,28,2,0,0.000000,0
7,positive,30,29,2,0,0.000000,0
7,positive,30,30,2,0,0.000000,0
7,positive,30,31,2,0,0.000000,0
7,positive,30,32,2,0,0.000000,0
7,positive,30,33,2,0,0.000000,0
7,positive,30,34,2,0,0.000000,0
7,positive,30,35,2,0,0.000000,0
7,positive,30,36,2,0,0.000000,0
7,positive,30,37,2,0,0.000000,0
7,positive,30,38,2,0,0.000000,0
7,positive,30,39,2,0,0.000000,0
7,positive,30,40,2,0,0.000000,0
7,positive,30,41,0,0,0.000000,0
7,positive,30,42,2,0,0.000000,0
7,positive,30,43,1,0,0.000000,0
7,positive,30,44,2,0,0.000000,0
7,positive,30,45,2,0,0.000000,0
7,positive,30,46,2,0,0.000000,0
7,positive,30,47,2,0,0.000000,0
7,positive,30,48,2,0,0.000000,0
7,positive,30,49,0,0,0.000000,0
7,positive,31,0,0,0,0.000000,0
7,positive,31,1,2,0,0.000000,0
7,positive,31,2,2,0,0.000000,0
7,positive,31,3,1,0,0.000000,0
7,positive,31,4,2,0,0.000000,0
7,positive,31,5,0,0,0.000000,0
7,positive,31,6,2,0,0.000000,0
7,positive,31,7,2,0,0.000000,0
7,positive,31,8,2,0,0.000000,0
7,positive,31,9,2,0,0.000000,0
7,positive,31,10,2,0,0.000000,0
7,positive,31,11,2,0,0.000000,0
7,positive,31,12,0,0,0.000000,0
7,positive,31,13,2,0,0.000000,0
7,positive,31,14,2,0,0.000000,0
7,positive,31,15,2,0,0.000000,0
7,positive,31,16,2,0,0.000000,0
7,positive,31,17,2,0,0.000000,0
7,positive,31,18,2,0,0.000000,0
7,positive,31,19,2,0,0.000000,0
7,positive,31,20,1,0,0.000000,0
7,positive,31,21,2,0,0.000000,0
7,positive,31,22,0,0,0.000000,0
7,positive,31,23,2,0,0.000000,0
7,positive,31,24,0,0,0.000000,0
7,positive,31,25,2,0,0.000000,0
7,positive,31,26,2,0,0.000000,0
7,positive,31,27,2,0,0.000000,0
7,positive,31,28,1,0,0.000000,0
7,positive,31,29,2,0,0.000000,0
7,positive,31,30,2,0,0.000000,0
7,positive,31,31,1,0,0.000000,0
7,positive,31,32,2,0,0.000000,0
7,positive,31,33,2,0,0.000000,0
7,positive,31,34,2,0,0.000000,0
7,positive,31,35,2,0,0.000000,0
7,positive,31,36,2,0,0.000000,0
7,positive,31,37,2,0,0.000000,0
7,positive,31,38,1,0,0.000000,0
7,positive,31,39,2,0,0.000000,0
7,positive,31,40,2,0,0.000000,0
7,positive,31,41,2,0,0.000000,0
7,positive,31,42,2,0,0.000000,0
7,positive,31,43,1,0,0.000000,0
7,positive,31,44,2,0,0.000000,0
7,positive,31,45,1,0,0.000000,0
7,positive,31,46,2,0,0.000000,0
7,positive,31,47,2,0,0.000000,0
7,positive,31,48,2,0,0.000000,0
7,positive,31,49,2,0,0.000000,0
7,positive,32,0,2,0,0.000000,0
7,positive,32,1,2,0,0.000000,0
7,positive,32,2,2,0,0.000000,0
7,positive,32,3,2,0,0.000000,0
7,positive,32,4,2,0,0.000000,0
7,positive,32,5,2,0,0.000000,0
7,positive,32,6,2,0,0.000000,0
7,positive,32,7,2,0,0.000000,0
7,positive,32,8,2,0,0.000000,0
7,positive,32,9,2,0,0.000000,0
7,positive,32,10,2,0,0.000000,0
7,positive,32,11,2,0,0.000000,0
7,positive,32,12,1,0,0.000000,0
7,positive,32,13,2,0,0.000000,0
7,positive,32,14,2,0,0.000000,0
7,positive,32,15,2,0,0.000000,0
7,positive,32,16,2,0,0.000000,0
7,positive,32,17,2,0,0.000000,0
7,positive,32,18,2,0,0.000000,0
7,positive,32,19,2,0,0.000000,0
7,positive,32,20,2,0,0.000000,0
7,positive,32,21,1,0,0.000000,0
7,positive,32,22,1,0,0.000000,0
7,positive,32,23,2,0,0.000000,0
7,positive,32,24,2,0,0.000000,0
7,positive,32,25,1,0,0.000000,0
7,positive,32,26,2,0,0.000000,0
7,positive,32,27,0,0,0.000000,0
7,positive,32,28,2,0,0.000000,0
7,positive,32,29,2,0,0.000000,0
7,positive,32,30,1,0,0.000000,0
7,positive,32,31,2,0,0.000000,0
7,positive,32,32,1,0,0.000000,0
7,positive,32,33,2,0,0.000000,0
7,positive,32,34,2,0,0.000000,0
7,positive,32,35,2,0,0.000000,0
7,positive,32,36,2,0,0.000000,0
7,positive,32,37,2,0,0.000000,0
7,positive,32,38,2,0,0.000000,0
7,positive,32,39,2,0,0.000000,0
7,positive,32,40,2,0,0.000000,0
7,positive,32,41,2,0,0.000000,0
7,positive,32,42,1,0,0.000000,0
7,positive,32,43,2,0,0.000000,0
7,positive,32,44,2,0,0.000000,0
7,positive,32,45,2,0,0.000000,0
7,positive,32,46,1,0,0.000000,0
7,positive,32,47,2,0,0.000000,0
7,positive,32,48,2,0,0.000000,0
7,positive,32,49,2,0,0.000000,0
7,positive,33,0,0,0,0.000000,0
7,positive,33,1,2,0,0.000000,0
7,positive,33,2,2,0,0.000000,0
7,positive,33,3,2,0,0.000000,0
7,positive,33,4,2,0,0.000000,0
7,positive,33,5,2,0,0.000000,0
7,positive,33,6,2,0,0.000000,0
7,positive,33,7,2,0,0.000000,0
7,positive,33,8,1,0,0.000000,0
7,positive,33,9,2,0,0.000000,0
7,positive,33,10,2,0,0.000000,0
7,positive,33,11,2,0,0.000000,0
7,positive,33,12,2,0,0.000000,0
7,positive,33,13,2,0,0.000000,0
7,positive,33,14,2,0,0.000000,0
7,positive,33,15,2,0,0.000000,0
7,positive,33,16,2,0,0.000000,0
7,positive,33,17,2,0,0.000000,0
7,positive,33,18,2,0,0.000000,0
7,positive,33,19,2,0,0.000000,0
7,positive,33,20,2,0,0.000000,0
7,positive,33,21,2,0,0.000000,0
7,positive,33,22,1,0,0.000000,0
7,positive,33,23,2,0,0.000000,0
7,positive,33,24,2,0,0.000000,0
7,positive,33,25,1,0,0.000000,0
7,positive,33,26,2,0,0.000000,0
7,positive,33,27,2,0,0.000000,0
7,positive,33,28,2,0,0.000000,0
7,positive,33,29,2,0,0.000000,0
7,positive,33,30,2,0,0.000000,0
7,positive,33,31,2,0,0.000000,0
7,positive,33,32,2,0,0.000000,0
7,positive,33,33,2,0,0.000000,0
7,positive,33,34,2,0,0.000000,0
7,positive,33,35,2,0,0.000000,0
7,positive,33,36,2,0,0.000000,0
7,positive,33,37,2,0,0.000000,0
7,positive,33,38,2,0,0.000000,0
7,positive,33,39,2,0,0.000000,0
7,positive,33,40,2,0,0.000000,0
7,positive,33,41,2,0,0.000000,0
7,positive,33,42,2,0,0.000000,0
7,positive,33,43,2,0,0.000000,0
7,positive,33,44,2,0,0.000000,0
7,positive,33,45,2,0,0.000000,0
7,positive,33,46,2,0,0.000000,0
7,positive,33,47,2,0,0.000000,0
7,positive,33,48,2,0,0.000000,0
7,positive,33,49,2,0,0.000000,0
7,positive,34,0,2,0,0.000000,0
7,positive,34,1,2,0,0.000000,0
7,positive,34,2,1,0,0.000000,0
7,positive,34,3,2,0,0.000000,0
7,positive,34,4,2,0,0.000000,0
7,positive,34,5,2,0,0.000000,0
7,positive,34,6,2,0,0.000000,0
7,positive,34,7,0,0,0.000000,0
7,positive,34,8,2,0,0.000000,0
7,positive,34,9,2,0,0.000000,0
7,positive,34,10,2,0,0.000000,0
7,positive,34,11,0,0,0.000000,0
7,positive,34,12,2,0,0.000000,0
7,positive,34,13,2,0,0.000000,0
7,positive,34,14,2,0,0.000000,0
7,positive,34,15,2,0,0.000000,0
7,positive,34,16,2,0,0.000000,0
7,positive,34,17,2,0,0.000000,0
7,positive,34,18,2,0,0.000000,0
7,positive,34,19,2,0,0.000000,0
7,positive,34,20,2,0,0.000000,0
7,positive,34,21,2,0,0.000000,0
7,positive,34,22,2,0,0.000000,0
7,positive,34,23,1,0,0.000000,0
7,positive,34,24,2,0,0.000000,0
7,positive,34,25,2,0,0.000000,0
7,positive,34,26,2,0,0.000000,0
7,positive,34,27,2,0,0.000000,0
7,positive,34,28,1,0,0.000000,0
7,positive,34,29,2,0,0.000000,0
7,positive,34,30,2,0,0.000000,0
7,positive,34,31,2,0,0.000000,0
7,positive,34,32,1,0,0.000000,0
7,positive,34,33,2,0,0.000000,0
7,positive,34,34,2,0,0.000000,0
7,positive,34,35,2,0,0.000000,0
7,positive,34,36,2,0,0.000000,0
7,positive,34,37,2,0,0.000000,0
7,positive,34,38,2,0,0.000000,0
7,positive,34,39,0,0,0.000000,0
7,positive,34,40,1,0,0.000000,0
7,positive,34,41,2,0,0.000000,0
7,positive,34,42,2,0,0.000000,0
7,positive,34,43,2,0,0.000000,0
7,positive,34,44,2,0,0.000000,0
7,positive,34,45,2,0,0.000000,0
7,positive,34,46,2,0,0.000000,0
7,positive,34,47,2,0,0.000000,0
7,positive,34,48,2,0,0.000000,0
7,positive,34,49,2,0,0.000000,0
7,positive,35,0,1,0,0.000000,0
7,positive,35,1,2,0,0.000000,0
7,positive,35,2,2,0,0.000000,0
7,positive,35,3,2,0,0.000000,0
7,positive,35,4,2,0,0.000000,0
7,positive,35,5,2,0,0.000000,0
7,positive,35,6,2,0,0.000000,0
7,positive,35,7,2,0,0.000000,0
7,positive,35,8,2,0,0.000000,0
7,positive,35,9,0,0,0.000000,0
7,positive,35,10,2,0,0.000000,0
7,positive,35,11,2,0,0.000000,0
7,positive,35,12,2,0,0.000000,0
7,positive,35,13,2,0,0.000000,0
7,positive,35,14,2,0,0.000000,0
7,positive,35,15,2,0,0.000000,0
7,positive,35,16,2,0,0.000000,0
7,positive,35,17,0,0,0.000000,0
7,positive,35,18,2,0,0.000000,0
7,positive,35,19,1,0,0.000000,0
7,positive,35,20,2,0,0.000000,0
7,positive,35,21,2,0,0.000000,0
7,positive,35,22,0,0,0.000000,0
7,positive,35,23,2,0,0.000000,0
7,positive,35,24,2,0,0.000000,0
7,positive,35,25,2,0,0.000000,0
7,positive,35,26,2,0,0.000000,0
7,positive,35,27,2,0,0.000000,0
7,positive,35,28,2,0,0.000000,0
7,positive,35,29,2,0,0.000000,0
7,positive,35,30,2,0,0.000000,0
7,positive,35,31,2,0,0.000000,0
7,positive,35,32,2,0,0.000000,0
7,positive,35,33,2,0,0.000000,0
7,positive,35,34,2,0,0.000000,0
7,positive,35,35,2,0,0.000000,0
7,positive,35,36,2,0,0.000000,0
7,positive,35,37,2,0,0.000000,0
7,positive,35,38,2,0,0.000000,0
7,positive,35,39,2,0,0.000000,0
7,positive,35,40,1,0,0.000000,0
7,positive,35,41,2,0,0.000000,0
7,positive,35,42,2,0,0.000000,0
7,positive,35,43,2,0,0.000000,0
7,positive,35,44,2,0,0.000000,0
7,positive,35,45,2,0,0.000000,0
7,positive,35,46,1,0,0.000000,0
7,positive,35,47,2,0,0.000000,0
7,positive,35,48,2,0,0.000000,0
7,positive,35,49,2,0,0.000000,0
7,positive,36,0,2,0,0.000000,0
7,positive,36,1,2,0,0.000000,0
7,positive,36,2,2,0,0.000000,0
7,positive,36,3,2,0,0.000000,0
7,positive,36,4,2,0,0.000000,0
7,positive,36,5,2,0,0.000000,0
7,positive,36,6,2,0,0.000000,0
7,positive,36,7,2,0,0.000000,0
7,positive,36,8,2,0,0.000000,0
7,positive,36,9,1,0,0.000000,0
7,positive,36,10,2,0,0.000000,0
7,positive,36,11,2,0,0.000000,0
7,positive,36,12,1,0,0.000000,0
7,positive,36,13,2,0,0.000000,0
7,positive,36,14,2,0,0.000000,0
7,positive,36,15,0,0,0.000000,0
7,positive,36,16,2,0,0.000000,0
7,positive,36,17,2,0,0.000000,0
7,positive,36,18,2,0,0.000000,0
7,positive,36,19,1,0,0.000000,0
7,positive,36,20,2,0,0.000000,0
7,positive,36,21,2,0,0.000000,0
7,positive,36,22,2,0,0.000000,0
7,positive,36,23,2,0,0.000000,0
7,positive,36,24,1,0,0.000000,0
7,positive,36,25,0,0,0.000000,0
7,positive,36,26,0,0,0.000000,0
7,positive,36,27,2,0,0.000000,0
7,positive,36,28,2,0,0.000000,0
7,positive,36,29,2,0,0.000000,0
7,positive,36,30,2,0,0.000000,0
7,positive,36,31,2,0,0.000000,0
7,positive,36,32,1,0,0.000000,0
7,positive,36,33,2,0,0.000000,0
7,positive,36,34,0,0,0.000000,0
7,positive,36,35,2,0,0.000000,0
7,positive,36,36,2,0,0.000000,0
7,positive,36,37,2,0,0.000000,0
7,positive,36,38,2,0,0.000000,0
7,positive,36,39,2,0,0.000000,0
7,positive,36,40,2,0,0.000000,0
7,positive,36,41,2,0,0.000000,0
7,positive,36,42,2,0,0.000000,0
7,positive,36,43,2,0,0.000000,0
7,positive,36,44,2,0,0.000000,0
7,positive,36,45,0,0,0.000000,0
7,positive,36,46,2,0,0.000000,0
7,positive,36,47,2,0,0.000000,0
7,positive,36,48,2,0,0.000000,0
7,positive,36,49,0,0,0.000000,0
7,positive,37,0,2,0,0.000000,0
7,positive,37,1,2,0,0.000000,0
7,positive,37,2,2,0,0.000000,0
7,positive,37,3,2,0,0.000000,0
7,positive,37,4,2,0,0.000000,0
7,positive,37,5,0,0,0.000000,0
7,positive,37,6,2,0,0.000000,0
7,positive,37,7,2,0,0.000000,0
7,positive,37,8,0,0,0.000000,0
7,positive,37,9,2,0,0.000000,0
7,positive,37,10,2,0,0.000000,0
7,positive,37,11,0,0,0.000000,0
7,positive,37,12,2,0,0.000000,0
7,positive,37,13,2,0,0.000000,0
7,positive,37,14,2,0,0.000000,0
7,positive,37,15,2,0,0.000000,0
7,positive,37,16,2,0,0.000000,0
7,positive,37,17,2,0,0.000000,0
7,positive,37,18,2,0,0.000000,0
7,positive,37,19,2,0,0.000000,0
7,positive,37,20,2,0,0.000000,0
7,positive,37,21,2,0,0.000000,0
7,positive,37,22,2,0,0.000000,0
7,positive,37,23,2,0,0.000000,0
7,positive,37,24,2,0,0.000000,0
7,positive,37,25,2,0,0.000000,0
7,positive,37,26,2,0,0.000000,0
7,positive,37,27,2,0,0.000000,0
7,positive,37,28,2,0,0.000000,0
7,positive,37,29,2,0,0.000000,0
7,positive,37,30,2,0,0.000000,0
7,positive,37,31,2,0,0.000000,0
7,positive,37,32,2,0,0.000000,0
7,positive,37,33,2,0,0.000000,0
7,positive,37,34,2,0,0.000000,0
7,positive,37,35,2,0,0.000000,0
7,positive,37,36,2,0,0.000000,0
7,positive,37,37,2,0,0.000000,0
7,positive,37,38,2,0,0.000000,0
7,positive,37,39,1,0,0.000000,0
7,positive,37,40,2,0,0.000000,0
7,positive,37,41,2,0,0.000000,0
7,positive,37,42,2,0,0.000000,0
7,positive,37,43,2,0,0.000000,0
7,positive,37,44,2,0,0.000000,0
7,positive,37,45,2,0,0.000000,0
7,positive,37,46,2,0,0.000000,0
7,positive,37,47,2,0,0.000000,0
7,positive,37,48,2,0,0.000000,0
7,positive,37,49,2,0,0.000000,0
7,positive,38,0,2,0,0.000000,0
7,positive,38,1,1,0,0.000000,0
7,positive,38,2,2,0,0.000000,0
7,positive,38,3,0,0,0.000000,0
7,positive,38,4,2,0,0.000000,0
7,positive,38,5,2,0,0.000000,0
7,positive,38,6,2,0,0.000000,0
7,positive,38,7,2,0,0.000000,0
7,positive,38,8,2,0,0.000000,0
7,positive,38,9,2,0,0.000000,0
7,positive,38,10,1,0,0.000000,0
7,positive,38,11,2,0,0.000000,0
7,positive,38,12,2,0,0.000000,0
7,positive,38,13,2,0,0.000000,0
7,positive,38,14,2,0,0.000000,0
7,positive,38,15,2,0,0.000000,0
7,positive,38,16,2,0,0.000000,0
7,positive,38,17,2,0,0.000000,0
7,positive,38,18,2,0,0.000000,0
7,positive,38,19,2,0,0.000000,0
7,positive,38,20,2,0,0.000000,0
7,positive,38,21,2,0,0.000000,0
7,positive,38,22,2,0,0.000000,0
7,positive,38,23,2,0,0.000000,0
7,positive,38,24,2,0,0.000000,0
7,positive,38,25,2,0,0.000000,0
7,positive,38,26,1,0,0.000000,0
7,positive,38,27,2,0,0.000000,0
7,positive,38,28,2,0,0.000000,0
7,positive,38,29,2,0,0.000000,0
7,positive,38,30,2,0,0.000000,0
7,positive,38,31,2,0,0.000000,0
7,positive,38,32,0,0,0.000000,0
7,positive,38,33,2,0,0.000000,0
7,positive,38,34,2,0,0.000000,0
7,positive,38,35,2,0,0.000000,0
7,positive,38,36,2,0,0.000000,0
7,positive,38,37,2,0,0.000000,0
7,positive,38,38,2,0,0.000000,0
7,positive,38,39,2,0,0.000000,0
7,positive,38,40,1,0,0.000000,0
7,positive,38,41,1,0,0.000000,0
7,positive,38,42,2,0,0.000000,0
7,positive,38,43,2,0,0.000000,0
7,positive,38,44,2,0,0.000000,0
7,positive,38,45,2,0,0.000000,0
7,positive,38,46,2,0,0.000000,0
7,positive,38,47,2,0,0.000000,0
7,positive,38,48,2,0,0.000000,0
7,positive,38,49,2,0,0.000000,0
7,positive,39,0,2,0,0.000000,0
7,positive,39,1,2,0,0.000000,0
7,positive,39,2,2,0,0.000000,0
7,positive,39,3,2,0,0.000000,0
7,positive,39,4,0,0,0.000000,0
7,positive,39,5,2,0,0.000000,0
7,positive,39,6,1,0,0.000000,0
7,positive,39,7,0,0,0.000000,0
7,positive,39,8,2,0,0.000000,0
7,positive,39,9,2,0,0.000000,0
7,positive,39,10,2,0,0.000000,0
7,positive,39,11,2,0,0.000000,0
7,positive,39,12,1,0,0.000000,0
7,positive,39,13,2,0,0.000000,0
7,positive,39,14,2,0,0.000000,0
7,positive,39,15,2,0,0.000000,0
7,positive,39,16,2,0,0.000000,0
7,positive,39,17,2,0,0.000000,0
7,positive,39,18,2,0,0.000000,0
7,positive,39,19,2,0,0.000000,0
7,positive,39,20,2,0,0.000000,0
7,positive,39,21,2,0,0.000000,0
7,positive,39,22,0,0,0.000000,0
7,positive,39,23,2,0,0.000000,0
7,positive,39,24,2,0,0.000000,0
7,positive,39,25,2,0,0.000000,0
7,positive,39,26,2,0,0.000000,0
7,positive,39,27,2,0,0.000000,0
7,positive,39,28,2,0,0.000000,0
7,positive,39,29,2,0,0.000000,0
7,positive,39,30,2,0,0.000000,0
7,positive,39,31,2,0,0.000000,0
7,positive,39,32,2,0,0.000000,0
7,positive,39,33,1,0,0.000000,0
7,positive,39,34,2,0,0.000000,0
7,positive,39,35,2,0,0.000000,0
7,positive,39,36,2,0,0.000000,0
7,positive,39,37,0,0,0.000000,0
7,positive,39,38,2,0,0.000000,0
7,positive,39,39,2,0,0.000000,0
7,positive,39,40,2,0,0.000000,0
7,positive,39,41,2,0,0.000000,0
7,positive,39,42,2,0,0.000000,0
7,positive,39,43,2,0,0.000000,0
7,positive,39,44,2,0,0.000000,0
7,positive,39,45,2,0,0.000000,0
7,positive,39,46,2,0,0.000000,0
7,positive,39,47,2,0,0.000000,0
7,positive,39,48,2,0,0.000000,0
7,positive,39,49,1,0,0.000000,0
7,positive,40,0,2,0,0.000000,0
7,positive,40,1,2,0,0.000000,0
7,positive,40,2,2,0,0.000000,0
7,positive,40,3,2,0,0.000000,0
7,positive,40,4,2,0,0.000000,0
7,positive,40,5,2,0,0.000000,0
7,positive,40,6,0,0,0.000000,0
7,positive,40,7,2,0,0.000000,0
7,positive,40,8,2,0,0.000000,0
7,positive,40,9,2,0,0.000000,0
7,positive,40,10,2,0,0.000000,0
7,positive,40,11,2,0,0.000000,0
7,positive,40,12,2,0,0.000000,0
7,positive,40,13,2,0,0.000000,0
7,positive,40,14,2,0,0.000000,0
7,positive,40,15,2,0,0.000000,0
7,positive,40,16,2,0,0.000000,0
7,positive,40,17,2,0,0.000000,0
7,positive,40,18,2,0,0.000000,0
7,positive,40,19,2,0,0.000000,0
7,positive,40,20,1,0,0.000000,0
7,positive,40,21,1,0,0.000000,0
7,positive,40,22,2,0,0.000000,0
7,positive,40,23,2,0,0.000000,0
7,positive,40,24,2,0,0.000000,0
7,positive,40,25,2,0,0.000000,0
7,positive,40,26,1,0,0.000000,0
7,positive,40,27,2,0,0.000000,0
7,positive,40,28,2,0,0.000000,0
7,positive,40,29,2,0,0.000000,0
7,positive,40,30,1,0,0.000000,0
7,positive,40,31,0,0,0.000000,0
7,positive,40,32,2,0,0.000000,0
7,positive,40,33,2,0,0.000000,0
7,positive,40,34,2,0,0.000000,0
7,positive,40,35,2,0,0.000000,0
7,positive,40,36,2,0,0.000000,0
7,positive,40,37,2,0,0.000000,0
7,positive,40,38,2,0,0.000000,0
7,positive,40,39,2,0,0.000000,0
7,positive,40,40,1,0,0.000000,0
7,positive,40,41,2,0,0.000000,0
7,positive,40,42,2,0,0.000000,0
7,positive,40,43,2,0,0.000000,0
7,positive,40,44,2,0,0.000000,0
7,positive,40,45,2,0,0.000000,0
7,positive,40,46,1,0,0.000000,0
7,positive,40,47,2,0,0.000000,0
7,positive,40,48,0,0,0.000000,0
7,positive,40,49,2,0,0.000000,0
7,positive,41,0,2,0,0.000000,0
7,positive,41,1,2,0,0.000000,0
7,positive,41,2,2,0,0.000000,0
7,positive,41,3,2,0,0.000000,0
7,positive,41,4,2,0,0.000000,0
7,positive,41,5,2,0,0.000000,0
7,positive,41,6,0,0,0.000000,0
7,positive,41,7,2,0,0.000000,0
7,positive,41,8,2,0,0.000000,0
7,positive,41,9,2,0,0.000000,0
7,positive,41,10,0,0,0.000000,0
7,positive,41,11,2,0,0.000000,0
7,positive,41,12,2,0,0.000000,0
7,positive,41,13,2,0,0.000000,0
7,positive,41,14,1,0,0.000000,0
7,positive,41,15,2,0,0.000000,0
7,positive,41,16,2,0,0.000000,0
7,positive,41,17,2,0,0.000000,0
7,positive,41,18,2,0,0.000000,0
7,positive,41,19,1,0,0.000000,0
7,positive,41,20,1,0,0.000000,0
7,positive,41,21,2,0,0.000000,0
7,positive,41,22,2,0,0.000000,0
7,positive,41,23,2,0,0.000000,0
7,positive,41,24,2,0,0.000000,0
7,positive,41,25,2,0,0.000000,0
7,positive,41,26,2,0,0.000000,0
7,positive,41,27,2,0,0.000000,0
7,positive,41,28,0,0,0.000000,0
7,positive,41,29,0,0,0.000000,0
7,positive,41,30,2,0,0.000000,0
7,positive,41,31,2,0,0.000000,0
7,positive,41,32,2,0,0.000000,0
7,positive,41,33,2,0,0.000000,0
7,positive,41,34,2,0,0.000000,0
7,positive,41,35,2,0,0.000000,0
7,positive,41,36,2,0,0.000000,0
7,positive,41,37,2,0,0.000000,0
7,positive,41,38,2,0,0.000000,0
7,positive,41,39,1,0,0.000000,0
7,positive,41,40,2,0,0.000000,0
7,positive,41,41,2,0,0.000000,0
7,positive,41,42,2,0,0.000000,0
7,positive,41,43,2,0,0.000000,0
7,positive,41,44,2,0,0.000000,0
7,positive,41,45,2,0,0.000000,0
7,positive,41,46,2,0,0.000000,0
7,positive,41,47,2,0,0.000000,0
7,positive,41,48,2,0,0.000000,0
7,positive,41,49,0,0,0.000000,0
7,positive,42,0,2,0,0.000000,0
7,positive,42,1,2,0,0.000000,0
7,positive,42,2,2,0,0.000000,0
7,positive,42,3,2,0,0.000000,0
7,positive,42,4,2,0,0.000000,0
7,positive,42,5,2,0,0.000000,0
7,positive,42,6,2,0,0.000000,0
7,positive,42,7,2,0,0.000000,0
7,positive,42,8,2,0,0.000000,0
7,positive,42,9,2,0,0.000000,0
7,positive,42,10,2,0,0.000000,0
7,positive,42,11,2,0,0.000000,0
7,positive,42,12,2,0,0.000000,0
7,positive,42,13,2,0,0.000000,0
7,positive,42,14,2,0,0.000000,0
7,positive,42,15,2,0,0.000000,0
7,positive,42,16,2,0,0.000000,0
7,positive,42,17,2,0,0.000000,0
7,positive,42,18,2,0,0.000000,0
7,positive,42,19,2,0,0.000000,0
7,positive,42,20,2,0,0.000000,0
7,positive,42,21,2,0,0.000000,0
7,positive,42,22,1,0,0.000000,0
7,positive,42,23,2,0,0.000000,0
7,positive,42,24,2,0,0.000000,0
7,positive,42,25,1,0,0.000000,0
7,positive,42,26,1,0,0.000000,0
7,positive,42,27,2,0,0.000000,0
7,positive,42,28,2,0,0.000000,0
7,positive,42,29,2,0,0.000000,0
7,positive,42,30,2,0,0.000000,0
7,positive,42,31,1,0,0.000000,0
7,positive,42,32,2,0,0.000000,0
7,positive,42,33,0,0,0.000000,0
7,positive,42,34,2,0,0.000000,0
7,positive,42,35,2,0,0.000000,0
7,positive,42,36,2,0,0.000000,0
7,positive,42,37,2,0,0.000000,0
7,positive,42,38,2,0,0.000000,0
7,positive,42,39,1,0,0.000000,0
7,positive,42,40,2,0,0.000000,0
7,positive,42,41,2,0,0.000000,0
7,positive,42,42,2,0,0.000000,0
7,positive,42,43,2,0,0.000000,0
7,positive,42,44,0,0,0.000000,0
7,positive,42,45,2,0,0.000000,0
7,positive,42,46,2,0,0.000000,0
7,positive,42,47,2,0,0.000000,0
7,positive,42,48,2,0,0.000000,0
7,positive,42,49,2,0,0.000000,0
7,positive,43,0,2,0,0.000000,0
7,positive,43,1,0,0,0.000000,0
7,positive,43,2,1,0,0.000000,0
7,positive,43,3,2,0,0.000000,0
7,positive,43,4,0,0,0.000000,0
7,positive,43,5,2,0,0.000000,0
7,positive,43,6,2,0,0.000000,0
7,positive,43,7,2,0,0.000000,0
7,positive,43,8,2,0,0.000000,0
7,positive,43,9,2,0,0.000000,0
7,positive,43,10,2,0,0.000000,0
7,positive,43,11,1,0,0.000000,0
7,positive,43,12,2,0,0.000000,0
7,positive,43,13,2,0,0.000000,0
7,positive,43,14,0,0,0.000000,0
7,positive,43,15,2,0,0.000000,0
7,positive,43,16,2,0,0.000000,0
7,positive,43,17,0,0,0.000000,0
7,positive,43,18,0,0,0.000000,0
7,positive,43,19,0,0,0.000000,0
7,positive,43,20,2,0,0.000000,0
7,positive,43,21,2,0,0.000000,0
7,positive,43,22,2,0,0.000000,0
7,positive,43,23,2,0,0.000000,0
7,positive,43,24,2,0,0.000000,0
7,positive,43,25,0,0,0.000000,0
7,positive,43,26,2,0,0.000000,0
7,positive,43,27,2,0,0.000000,0
7,positive,43,28,2,0,0.000000,0
7,positive,43,29,2,0,0.000000,0
7,positive,43,30,1,0,0.000000,0
7,positive,43,31,2,0,0.000000,0
7,positive,43,32,2,0,0.000000,0
7,positive,43,33,2,0,0.000000,0
7,positive,43,34,2,0,0.000000,0
7,positive,43,35,1,0,0.000000,0
7,positive,43,36,2,0,0.000000,0
7,positive,43,37,2,0,0.000000,0
7,positive,43,38,0,0,0.000000,0
7,positive,43,39,2,0,0.000000,0
7,positive,43,40,2,0,0.000000,0
7,positive,43,41,2,0,0.000000,0
7,positive,43,42,0,0,0.000000,0
7,positive,43,43,2,0,0.000000,0
7,positive,43,44,2,0,0.000000,0
7,positive,43,45,2,0,0.000000,0
7,positive,43,46,2,0,0.000000,0
7,positive,43,47,2,0,0.000000,0
7,positive,43,48,2,0,0.000000,0
7,positive,43,49,2,0,0.000000,0
7,positive,44,0,2,0,0.000000,0
7,positive,44,1,2,0,0.000000,0
7,positive,44,2,2,0,0.000000,0
7,positive,44,3,0,0,0.000000,0
7,positive,44,4,2,0,0.000000,0
7,positive,44,5,2,0,0.000000,0
7,positive,44,6,2,0,0.000000,0
7,positive,44,7,2,0,0.000000,0
7,positive,44,8,2,0,0.000000,0
7,positive,44,9,0,0,0.000000,0
7,positive,44,10,2,0,0.000000,0
7,positive,44,11,1,0,0.000000,0
7,positive,44,12,2,0,0.000000,0
7,positive,44,13,1,0,0.000000,0
7,positive,44,14,2,0,0.000000,0
7,positive,44,15,2,0,0.000000,0
7,positive,44,16,2,0,0.000000,0
7,positive,44,17,2,0,0.000000,0
7,positive,44,18,2,0,0.000000,0
7,positive,44,19,2,0,0.000000,0
7,positive,44,20,2,0,0.000000,0
7,positive,44,21,2,0,0.000000,0
7,positive,44,22,2,0,0.000000,0
7,positive,44,23,2,0,0.000000,0
7,positive,44,24,2,0,0.000000,0
7,positive,44,25,2,0,0.000000,0
7,positive,44,26,2,0,0.000000,0
7,positive,44,27,1,0,0.000000,0
7,positive,44,28,2,0,0.000000,0
7,positive,44,29,2,0,0.000000,0
7,positive,44,30,2,0,0.000000,0
7,positive,44,31,2,0,0.000000,0
7,positive,44,32,2,0,0.000000,0
7,positive,44,33,2,0,0.000000,0
7,positive,44,34,2,0,0.000000,0
7,positive,44,35,1,0,0.000000,0
7,positive,44,36,2,0,0.000000,0
7,positive,44,37,2,0,0.000000,0
7,positive,44,38,2,0,0.000000,0
7,positive,44,39,2,0,0.000000,0
7,positive,44,40,2,0,0.000000,0
7,positive,44,41,2,0,0.000000,0
7,positive,44,42,0,0,0.000000,0
7,positive,44,43,2,0,0.000000,0
7,positive,44,44,2,0,0.000000,0
7,positive,44,45,2,0,0.000000,0
7,positive,44,46,2,0,0.000000,0
7,positive,44,47,2,0,0.000000,0
7,positive,44,48,2,0,0.000000,0
7,positive,44,49,0,0,0.000000,0
7,positive,45,0,2,0,0.000000,0
7,positive,45,1,2,0,0.000000,0
7,positive,45,2,2,0,0.000000,0
7,positive,45,3,1,0,0.000000,0
7,positive,45,4,2,0,0.000000,0
7,positive,45,5,1,0,0.000000,0
7,positive,45,6,2,0,0.000000,0
7,positive,45,7,2,0,0.000000,0
7,positive,45,8,2,0,0.000000,0
7,positive,45,9,2,0,0.000000,0
7,positive,45,10,2,0,0.000000,0
7,positive,45,11,2,0,0.000000,0
7,positive,45,12,2,0,0.000000,0
7,positive,45,13,2,0,0.000000,0
7,positive,45,14,2,0,0.000000,0
7,positive,45,15,2,0,0.000000,0
7,positive,45,16,2,0,0.000000,0
7,positive,45,17,2,0,0.000000,0
7,positive,45,18,1,0,0.000000,0
7,positive,45,19,2,0,0.000000,0
7,positive,45,20,2,0,0.000000,0
7,positive,45,21,2,0,0.000000,0
7,positive,45,22,2,0,0.000000,0
7,positive,45,23,2,0,0.000000,0
7,positive,45,24,2,0,0.000000,0
7,positive,45,25,0,0,0.000000,0
7,positive,45,26,2,0,0.000000,0
7,positive,45,27,2,0,0.000000,0
7,positive,45,28,2,0,0.000000,0
7,positive,45,29,2,0,0.000000,0
7,positive,45,30,2,0,0.000000,0
7,positive,45,31,1,0,0.000000,0
7,positive,45,32,2,0,0.000000,0
7,positive,45,33,2,0,0.000000,0
7,positive,45,34,2,0,0.000000,0
7,positive,45,35,2,0,0.000000,0
7,positive,45,36,2,0,0.000000,0
7,positive,45,37,2,0,0.000000,0
7,positive,45,38,0,0,0.000000,0
7,positive,45,39,2,0,0.000000,0
7,positive,45,40,2,0,0.000000,0
7,positive,45,41,2,0,0.000000,0
7,positive,45,42,2,0,0.000000,0
7,positive,45,43,2,0,0.000000,0
7,positive,45,44,1,0,0.000000,0
7,positive,45,45,1,0,0.000000,0
7,positive,45,46,2,0,0.000000,0
7,positive,45,47,0,0,0.000000,0
7,positive,45,48,2,0,0.000000,0
7,positive,45,49,2,0,0.000000,0
7,positive,46,0,2,0,0.000000,0
7,positive,46,1,2,0,0.000000,0
7,positive,46,2,2,0,0.000000,0
7,positive,46,3,2,0,0.000000,0
7,positive,46,4,2,0,0.000000,0
7,positive,46,5,2,0,0.000000,0
7,positive,46,6,2,0,0.000000,0
7,positive,46,7,2,0,0.000000,0
7,positive,46,8,2,0,0.000000,0
7,positive,46,9,2,0,0.000000,0
7,positive,46,10,2,0,0.000000,0
7,positive,46,11,2,0,0.000000,0
7,positive,46,12,2,0,0.000000,0
7,positive,46,13,2,0,0.000000,0
7,positive,46,14,2,0,0.000000,0
7,positive,46,15,2,0,0.000000,0
7,positive,46,16,2,0,0.000000,0
7,positive,46,17,0,0,0.000000,0
7,positive,46,18,2,0,0.000000,0
7,positive,46,19,2,0,0.000000,0
7,positive,46,20,2,0,0.000000,0
7,positive,46,21,2,0,0.000000,0
7,positive,46,22,2,0,0.000000,0
7,positive,46,23,2,0,0.000000,0
7,positive,46,24,2,0,0.000000,0
7,positive,46,25,2,0,0.000000,0
7,positive,46,26,2,0,0.000000,0
7,positive,46,27,2,0,0.000000,0
7,positive,46,28,0,0,0.000000,0
7,positive,46,29,0,0,0.000000,0
7,positive,46,30,2,0,0.000000,0
7,positive,46,31,2,0,0.000000,0
7,positive,46,32,1,0,0.000000,0
7,positive,46,33,2,0,0.000000,0
7,positive,46,34,2,0,0.000000,0
7,positive,46,35,2,0,0.000000,0
7,positive,46,36,2,0,0.000000,0
7,positive,46,37,2,0,0.000000,0
7,positive,46,38,2,0,0.000000,0
7,positive,46,39,2,0,0.000000,0
7,positive,46,40,2,0,0.000000,0
7,positive,46,41,2,0,0.000000,0
7,positive,46,42,2,0,0.000000,0
7,positive,46,43,2,0,0.000000,0
7,positive,46,44,2,0,0.000000,0
7,positive,46,45,2,0,0.000000,0
7,positive,46,46,2,0,0.000000,0
7,positive,46,47,2,0,0.000000,0
7,positive,46,48,2,0,0.000000,0
7,positive,46,49,2,0,0.000000,0
7,positive,47,0,2,0,0.000000,0
7,positive,47,1,2,0,0.000000,0
7,positive,47,2,2,0,0.000000,0
7,positive,47,3,2,0,0.000000,0
7,positive,47,4,2,0,0.000000,0
7,positive,47,5,1,0,0.000000,0
7,positive,47,6,1,0,0.000000,0
7,positive,47,7,2,0,0.000000,0
7,positive,47,8,2,0,0.000000,0
7,positive,47,9,2,0,0.000000,0
7,positive,47,10,2,0,0.000000,0
7,positive,47,11,0,0,0.000000,0
7,positive,47,12,2,0,0.000000,0
7,positive,47,13,2,0,0.000000,0
7,positive,47,14,2,0,0.000000,0
7,positive,47,15,2,0,0.000000,0
7,positive,47,16,2,0,0.000000,0
7,positive,47,17,2,0,0.000000,0
7,positive,47,18,2,0,0.000000,0
7,positive,47,19,2,0,0.000000,0
7,positive,47,20,2,0,0.000000,0
7,positive,47,21,2,0,0.000000,0
7,positive,47,22,2,0,0.000000,0
7,positive,47,23,2,0,0.000000,0
7,positive,47,24,2,0,0.000000,0
7,positive,47,25,2,0,0.000000,0
7,positive,47,26,2,0,0.000000,0
7,positive,47,27,2,0,0.000000,0
7,positive,47,28,2,0,0.000000,0
7,positive,47,29,2,0,0.000000,0
7,positive,47,30,2,0,0.000000,0
7,positive,47,31,2,0,0.000000,0
7,positive,47,32,2,0,0.000000,0
7,positive,47,33,0,0,0.000000,0
7,positive,47,34,2,0,0.000000,0
7,positive,47,35,2,0,0.000000,0
7,positive,47,36,2,0,0.000000,0
7,positive,47,37,2,0,0.000000,0
7,positive,47,38,2,0,0.000000,0
7,positive,47,39,2,0,0.000000,0
7,positive,47,40,2,0,0.000000,0
7,positive,47,41,2,0,0.000000,0
7,positive,47,42,2,0,0.000000,0
7,positive,47,43,2,0,0.000000,0
7,positive,47,44,0,0,0.000000,0
7,positive,47,45,2,0,0.000000,0
7,positive,47,46,2,0,0.000000,0
7,positive,47,47,2,0,0.000000,0
7,positive,47,48,2,0,0.000000,0
7,positive,47,49,2,0,0.000000,0
7,positive,48,0,0,0,0.000000,0
7,positive,48,1,2,0,0.000000,0
7,positive,48,2,2,0,0.000000,0
7,positive,48,3,2,0,0.000000,0
7,positive,48,4,2,0,0.000000,0
7,positive,48,5,2,0,0.000000,0
7,positive,48,6,2,0,0.000000,0
7,positive,48,7,2,0,0.000000,0
7,positive,48,8,2,0,0.000000,0
7,positive,48,9,2,0,0.000000,0
7,positive,48,10,2,0,0.000000,0
7,positive,48,11,2,0,0.000000,0
7,positive,48,12,2,0,0.000000,0
7,positive,48,13,0,0,0.000000,0
7,positive,48,14,2,0,0.000000,0
7,positive,48,15,0,0,0.000000,0
7,positive,48,16,2,0,0.000000,0
7,positive,48,17,2,0,0.000000,0
7,positive,48,18,2,0,0.000000,0
7,positive,48,19,2,0,0.000000,0
7,positive,48,20,1,0,0.000000,0
7,positive,48,21,2,0,0.000000,0
7,positive,48,22,2,0,0.000000,0
7,positive,48,23,2,0,0.000000,0
7,positive,48,24,2,0,0.000000,0
7,positive,48,25,2,0,0.000000,0
7,positive,48,26,2,0,0.000000,0
7,positive,48,27,0,0,0.000000,0
7,positive,48,28,2,0,0.000000,0
7,positive,48,29,2,0,0.000000,0
7,positive,48,30,2,0,0.000000,0
7,positive,48,31,2,0,0.000000,0
7,positive,48,32,2,0,0.000000,0
7,positive,48,33,2,0,0.000000,0
7,positive,48,34,2,0,0.000000,0
7,positive,48,35,1,0,0.000000,0
7,positive,48,36,2,0,0.000000,0
7,positive,48,37,2,0,0.000000,0
7,positive,48,38,2,0,0.000000,0
7,positive,48,39,2,0,0.000000,0
7,positive,48,40,2,0,0.000000,0
7,positive,48,41,2,0,0.000000,0
7,positive,48,42,2,0,0.000000,0
7,positive,48,43,2,0,0.000000,0
7,positive,48,44,1,0,0.000000,0
7,positive,48,45,2,0,0.000000,0
7,positive,48,46,0,0,0.000000,0
7,positive,48,47,2,0,0.000000,0
7,positive,48,48,0,0,0.000000,0
7,positive,48,49,0,0,0.000000,0
7,positive,49,0,2,0,0.000000,0
7,positive,49,1,2,0,0.000000,0
7,positive,49,2,2,0,0.000000,0
7,positive,49,3,2,0,0.000000,0
7,positive,49,4,2,0,0.000000,0
7,positive,49,5,0,0,0.000000,0
7,positive,49,6,2,0,0.000000,0
7,positive,49,7,2,0,0.000000,0
7,positive,49,8,1,0,0.000000,0
7,positive,49,9,2,0,0.000000,0
7,positive,49,10,1,0,0.000000,0
7,positive,49,11,2,0,0.000000,0
7,positive,49,12,2,0,0.000000,0
7,positive,49,13,0,0,0.000000,0
7,positive,49,14,2,0,0.000000,0
7,positive,49,15,2,0,0.000000,0
7,positive,49,16,2,0,0.000000,0
7,positive,49,17,1,0,0.000000,0
7,positive,49,18,2,0,0.000000,0
7,positive,49,19,2,0,0.000000,0
7,positive,49,20,2,0,0.000000,0
7,positive,49,21,2,0,0.000000,0
7,positive,49,22,0,0,0.000000,0
7,positive,49,23,2,0,0.000000,0
7,positive,49,24,2,0,0.000000,0
7,positive,49,25,2,0,0.000000,0
7,positive,49,26,2,0,0.000000,0
7,positive,49,27,2,0,0.000000,0
7,positive,49,28,2,0,0.000000,0
7,positive,49,29,2,0,0.000000,0
7,positive,49,30,2,0,0.000000,0
7,positive,49,31,2,0,0.000000,0
7,positive,49,32,2,0,0.000000,0
7,positive,49,33,2,0,0.000000,0
7,positive,49,34,2,0,0.000000,0
7,positive,49,35,1,0,0.000000,0
7,positive,49,36,2,0,0.000000,0
7,positive,49,37,2,0,0.000000,0
7,positive,49,38,2,0,0.000000,0
7,positive,49,39,0,0,0.000000,0
7,positive,49,40,2,0,0.000000,0
7,positive,49,41,2,0,0.000000,0
7,positive,49,42,1,0,0.000000,0
7,positive,49,43,0,0,0.000000,0
7,positive,49,44,2,0,0.000000,0
7,positive,49,45,2,0,0.000000,0
7,positive,49,46,0,0,0.000000,0
7,positive,49,47,2,0,0.000000,0
7,positive,49,48,2,0,0.000000,0
7,positive,49,49,2,0,0.000000,0
8,positive,0,0,2,0,0.000000,0
8,positive,0,1,2,0,0.000000,0
8,positive,0,2,2,0,0.000000,0
8,positive,0,3,2,0,0.000000,0
8,positive,0,4,2,0,0.000000,0
8,positive,0,5,2,0,0.000000,0
8,positive,0,6,0,0,0.000000,0
8,positive,0,7,2,0,0.000000,0
8,positive,0,8,2,0,0.000000,0
8,positive,0,9,2,0,0.000000,0
8,positive,0,10,2,0,0.000000,0
8,positive,0,11,2,0,0.000000,0
8,positive,0,12,2,0,0.000000,0
8,positive,0,13,2,0,0.000000,0
8,positive,0,14,2,0,0.000000,0
8,positive,0,15,2,0,0.000000,0
8,positive,0,16,2,0,0.000000,0
8,positive,0,17,2,0,0.000000,0
8,positive,0,18,2,0,0.000000,0
8,positive,0,19,2,0,0.000000,0
8,positive,0,20,2,0,0.000000,0
8,positive,0,21,2,0,0.000000,0
8,positive,0,22,0,0,0.000000,0
8,positive,0,23,2,0,0.000000,0
8,positive,0,24,2,0,0.000000,0
8,positive,0,25,2,0,0.000000,0
8,positive,0,26,2,0,0.000000,0
8,positive,0,27,2,0,0.000000,0
8,positive,0,28,2,0,0.000000,0
8,positive,0,29,2,0,0.000000,0
8,positive,0,30,2,0,0.000000,0
8,positive,0,31,2,0,0.000000,0
8,positive,0,32,2,0,0.000000,0
8,positive,0,33,2,0,0.000000,0
8,positive,0,34,2,0,0.000000,0
8,positive,0,35,0,0,0.000000,0
8,positive,0,36,2,0,0.000000,0
8,positive,0,37,2,0,0.000000,0
8,positive,0,38,2,0,0.000000,0
8,positive,0,39,2,0,0.000000,0
8,positive,0,40,2,0,0.000000,0
8,positive,0,41,2,0,0.000000,0
8,positive,0,42,2,0,0.000000,0
8,positive,0,43,2,0,0.000000,0
8,positive,0,44,2,0,0.000000,0
8,positive,0,45,2,0,0.000000,0
8,positive,0,46,2,0,0.000000,0
8,positive,0,47,2,0,0.000000,0
8,positive,0,48,2,0,0.000000,0
8,positive,0,49,2,0,0.000000,0
8,positive,1,0,2,0,0.000000,0
8,positive,1,1,2,0,0.000000,0
8,positive,1,2,2,0,0.000000,0
8,positive,1,3,2,0,0.000000,0
8,positive,1,4,2,0,0.000000,0
8,positive,1,5,2,0,0.000000,0
8,positive,1,6,2,0,0.000000,0
8,positive,1,7,2,0,0.000000,0
8,positive,1,8,2,0,0.000000,0
8,positive,1,9,2,0,0.000000,0
8,positive,1,10,2,0,0.000000,0
8,positive,1,11,2,0,0.000000,0
8,positive,1,12,2,0,0.000000,0
8,positive,1,13,2,0,0.000000,0
8,positive,1,14,2,0,0.000000,0
8,positive,1,15,2,0,0.000000,0
8,positive,1,16,2,0,0.000000,0
8,positive,1,17,2,0,0.000000,0
8,positive,1,18,2,0,0.000000,0
8,positive,1,19,2,0,0.000000,0
8,positive,1,20,2,0,0.000000,0
8,positive,1,21,2,0,0.000000,0
8,positive,1,22,2,0,0.000000,0
8,positive,1,23,2,0,0.000000,0
8,positive,1,24,2,0,0.000000,0
8,positive,1,25,2,0,0.000000,0
8,positive,1,26,2,0,0.000000,0
8,positive,1,27,2,0,0.000000,0
8,positive,1,28,2,0,0.000000,0
8,positive,1,29,2,0,0.000000,0
8,positive,1,30,2,0,0.000000,0
8,positive,1,31,2,0,0.000000,0
8,positive,1,32,2,0,0.000000,0
8,positive,1,33,2,0,0.000000,0
8,positive,1,34,2,0,0.000000,0
8,positive,1,35,2,0,0.000000,0
8,positive,1,36,2,0,0.000000,0
8,positive,1,37,2,0,0.000000,0
8,positive,1,38,0,0,0.000000,0
8,positive,1,39,2,0,0.000000,0
8,positive,1,40,2,0,0.000000,0
8,positive,1,41,2,0,0.000000,0
8,positive,1,42,2,0,0.000000,0
8,positive,1,43,2,0,0.000000,0
8,positive,1,44,2,0,0.000000,0
8,positive,1,45,2,0,0.000000,0
8,positive,1,46,2,0,0.000000,0
8,positive,1,47,2,0,0.000000,0
8,positive,1,48,2,0,0.000000,0
8,positive,1,49,0,0,0.000000,0
8,positive,2,0,2,0,0.000000,0
8,positive,2,1,2,0,0.000000,0
8,positive,2,2,2,0,0.000000,0
8,positive,2,3,0,0,0.000000,0
8,positive,2,4,2,0,0.000000,0
8,positive,2,5,2,0,0.000000,0
8,positive,2,6,2,0,0.000000,0
8,positive,2,7,2,0,0.000000,0
8,positive,2,8,2,0,0.000000,0
8,positive,2,9,0,0,0.000000,0
8,positive,2,10,2,0,0.000000,0
8,positive,2,11,2,0,0.000000,0
8,positive,2,12,0,0,0.000000,0
8,positive,2,13,2,0,0.000000,0
8,positive,2,14,2,0,0.000000,0
8,positive,2,15,2,0,0.000000,0
8,positive,2,16,2,0,0.000000,0
8,positive,2,17,2,0,0.000000,0
8,positive,2,18,2,0,0.000000,0
8,positive,2,19,2,0,0.000000,0
8,positive,2,20,0,0,0.000000,0
8,positive,2,21,2,0,0.000000,0
8,positive,2,22,2,0,0.000000,0
8,positive,2,23,2,0,0.000000,0
8,positive,2,24,2,0,0.000000,0
8,positive,2,25,2,0,0.000000,0
8,positive,2,26,2,0,0.000000,0
8,positive,2,27,0,0,0.000000,0
8,positive,2,28,2,0,0.000000,0
8,positive,2,29,2,0,0.000000,0
8,positive,2,30,2,0,0.000000,0
8,positive,2,31,2,0,0.000000,0
8,positive,2,32,2,0,0.000000,0
8,positive,2,33,2,0,0.000000,0
8,positive,2,34,2,0,0.000000,0
8,positive,2,35,2,0,0.000000,0
8,positive,2,36,2,0,0.000000,0
8,positive,2,37,0,0,0.000000,0
8,positive,2,38,2,0,0.000000,0
8,positive,2,39,0,0,0.000000,0
8,positive,2,40,2,0,0.000000,0
8,positive,2,41,2,0,0.000000,0
8,positive,2,42,2,0,0.000000,0
8,positive,2,43,2,0,0.000000,0
8,positive,2,44,2,0,0.000000,0
8,positive,2,45,2,0,0.000000,0
8,positive,2,46,2,0,0.000000,0
8,positive,2,47,2,0,0.000000,0
8,positive,2,48,2,0,0.000000,0
8,positive,2,49,2,0,0.000000,0
8,positive,3,0,2,0,0.000000,0
8,positive,3,1,2,0,0.000000,0
8,positive,3,2,2,0,0.000000,0
8,positive,3,3,2,0,0.000000,0
8,positive,3,4,2,0,0.000000,0
8,positive,3,5,2,0,0.000000,0
8,positive,3,6,2,0,0.000000,0
8,positive,3,7,2,0,0.000000,0
8,positive,3,8,2,0,0.000000,0
8,positive,3,9,2,0,0.000000,0
8,positive,3,10,2,0,0.000000,0
8,positive,3,11,2,0,0.000000,0
8,positive,3,12,2,0,0.000000,0
8,positive,3,13,2,0,0.000000,0
8,positive,3,14,2,0,0.000000,0
8,positive,3,15,2,0,0.000000,0
8,positive,3,16,2,0,0.000000,0
8,positive,3,17,2,0,0.000000,0
8,positive,3,18,2,0,0.000000,0
8,positive,3,19,2,0,0.000000,0
8,positive,3,20,2,0,0.000000,0
8,positive,3,21,2,0,0.000000,0
8,positive,3,22,2,0,0.000000,0
8,positive,3,23,2,0,0.000000,0
8,positive,3,24,2,0,0.000000,0
8,positive,3,25,2,0,0.000000,0
8,positive,3,26,2,0,0.000000,0
8,positive,3,27,2,0,0.000000,0
8,positive,3,28,2,0,0.000000,0
8,positive,3,29,2,0,0.000000,0
8,positive,3,30,2,0,0.000000,0
8,positive,3,31,2,0,0.000000,0
8,positive,3,32,2,0,0.000000,0
8,positive,3,33,2,0,0.000000,0
8,positive,3,34,2,0,0.000000,0
8,positive,3,35,2,0,0.000000,0
8,positive,3,36,2,0,0.000000,0
8,positive,3,37,2,0,0.000000,0
8,positive,3,38,2,0,0.000000,0
8,positive,3,39,2,0,0.000000,0
8,positive,3,40,2,0,0.000000,0
8,positive,3,41,2,0,0.000000,0
8,positive,3,42,2,0,0.000000,0
8,positive,3,43,2,0,0.000000,0
8,positive,3,44,2,0,0.000000,0
8,positive,3,45,2,0,0.000000,0
8,positive,3,46,2,0,0.000000,0
8,positive,3,47,0,0,0.000000,0
8,positive,3,48,2,0,0.000000,0
8,positive,3,49,0,0,0.000000,0
8,positive,4,0,2,0,0.000000,0
8,positive,4,1,0,0,0.000000,0
8,positive,4,2,2,0,0.000000,0
8,positive,4,3,2,0,0.000000,0
8,positive,4,4,2,0,0.000000,0
8,positive,4,5,2,0,0.000000,0
8,positive,4,6,2,0,0.000000,0
8,positive,4,7,2,0,0.000000,0
8,positive,4,8,2,0,0.000000,0
8,positive,4,9,2,0,0.000000,0
8,positive,4,10,2,0,0.000000,0
8,positive,4,11,2,0,0.000000,0
8,positive,4,12,2,0,0.000000,0
8,positive,4,13,2,0,0.000000,0
8,positive,4,14,2,0,0.000000,0
8,positive,4,15,2,0,0.000000,0
8,positive,4,16,2,0,0.000000,0
8,positive,4,17,2,0,0.000000,0
8,positive,4,18,2,0,0.000000,0
8,positive,4,19,2,0,0.000000,0
8,positive,4,20,2,0,0.000000,0
8,positive,4,21,0,0,0.000000,0
8,positive,4,22,2,0,0.000000,0
8,positive,4,23,2,0,0.000000,0
8,positive,4,24,2,0,0.000000,0
8,positive,4,25,2,0,0.000000,0
8,positive,4,26,2,0,0.000000,0
8,positive,4,27,2,0,0.000000,0
8,positive,4,28,0,0,0.000000,0
8,positive,4,29,2,0,0.000000,0
8,positive,4,30,2,0,0.000000,0
8,positive,4,31,2,0,0.000000,0
8,positive,4,32,2,0,0.000000,0
8,positive,4,33,2,0,0.000000,0
8,positive,4,34,2,0,0.000000,0
8,positive,4,35,2,0,0.000000,0
8,positive,4,36,2,0,0.000000,0
8,positive,4,37,0,0,0.000000,0
8,positive,4,38,2,0,0.000000,0
8,positive,4,39,2,0,0.000000,0
8,positive,4,40,2,0,0.000000,0
8,positive,4,41,2,0,0.000000,0
8,positive,4,42,2,0,0.000000,0
8,positive,4,43,2,0,0.000000,0
8,positive,4,44,2,0,0.000000,0
8,positive,4,45,0,0,0.000000,0
8,positive,4,46,2,0,0.000000,0
8,positive,4,47,2,0,0.000000,0
8,positive,4,48,2,0,0.000000,0
8,positive,4,49,2,0,0.000000,0
8,positive,5,0,2,0,0.000000,0
8,positive,5,1,2,0,0.000000,0
8,positive,5,2,2,0,0.000000,0
8,positive,5,3,0,0,0.000000,0
8,positive,5,4,2,0,0.000000,0
8,positive,5,5,2,0,0.000000,0
8,positive,5,6,2,0,0.000000,0
8,positive,5,7,2,0,0.000000,0
8,positive,5,8,2,0,0.000000,0
8,positive,5,9,2,0,0.000000,0
8,positive,5,10,2,0,0.000000,0
8,positive,5,11,0,0,0.000000,0
8,positive,5,12,2,0,0.000000,0
8,positive,5,13,2,0,0.000000,0
8,positive,5,14,2,0,0.000000,0
8,positive,5,15,2,0,0.000000,0
8,positive,5,16,2,0,0.000000,0
8,positive,5,17,2,0,0.000000,0
8,positive,5,18,2,0,0.000000,0
8,positive,5,19,2,0,0.000000,0
8,positive,5,20,2,0,0.000000,0
8,positive,5,21,0,0,0.000000,0
8,positive,5,22,2,0,0.000000,0
8,positive,5,23,2,0,0.000000,0
8,positive,5,24,2,0,0.000000,0
8,positive,5,25,2,0,0.000000,0
8,positive,5,26,2,0,0.000000,0
8,positive,5,27,2,0,0.000000,0
8,positive,5,28,2,0,0.000000,0
8,positive,5,29,2,0,0.000000,0
8,positive,5,30,2,0,0.000000,0
8,positive,5,31,2,0,0.000000,0
8,positive,5,32,2,0,0.000000,0
8,positive,5,33,2,0,0.000000,0
8,positive,5,34,0,0,0.000000,0
8,positive,5,35,2,0,0.000000,0
8,positive,5,36,2,0,0.000000,0
8,positive,5,37,0,0,0.000000,0
8,positive,5,38,2,0,0.000000,0
8,positive,5,39,2,0,0.000000,0
8,positive,5,40,2,0,0.000000,0
8,positive,5,41,2,0,0.000000,0
8,positive,5,42,2,0,0.000000,0
8,positive,5,43,2,0,0.000000,0
8,positive,5,44,2,0,0.000000,0
8,positive,5,45,2,0,0.000000,0
8,positive,5,46,2,0,0.000000,0
8,positive,5,47,2,0,0.000000,0
8,positive,5,48,2,0,0.000000,0
8,positive,5,49,2,0,0.000000,0
8,positive,6,0,2,0,0.000000,0
8,positive,6,1,2,0,0.000000,0
8,positive,6,2,2,0,0.000000,0
8,positive,6,3,0,0,0.000000,0
8,positive,6,4,2,0,0.000000,0
8,positive,6,5,0,0,0.000000,0
8,positive,6,6,2,0,0.000000,0
8,positive,6,7,2,0,0.000000,0
8,positive,6,8,2,0,0.000000,0
8,positive,6,9,2,0,0.000000,0
8,positive,6,10,0,0,0.000000,0
8,positive,6,11,2,0,0.000000,0
8,positive,6,12,2,0,0.000000,0
8,positive,6,13,2,0,0.000000,0
8,positive,6,14,2,0,0.000000,0
8,positive,6,15,0,0,0.000000,0
8,positive,6,16,2,0,0.000000,0
8,positive,6,17,2,0,0.000000,0
8,positive,6,18,2,0,0.000000,0
8,positive,6,19,2,0,0.000000,0
8,positive,6,20,2,0,0.000000,0
8,positive,6,21,2,0,0.000000,0
8,positive,6,22,2,0,0.000000,0
8,positive,6,23,2,0,0.000000,0
8,positive,6,24,2,0,0.000000,0
8,positive,6,25,2,0,0.000000,0
8,positive,6,26,2,0,0.000000,0
8,positive,6,27,2,0,0.000000,0
8,positive,6,28,2,0,0.000000,0
8,positive,6,29,2,0,0.000000,0
8,positive,6,30,2,0,0.000000,0
8,positive,6,31,2,0,0.000000,0
8,positive,6,32,2,0,0.000000,0
8,positive,6,33,2,0,0.000000,0
8,positive,6,34,2,0,0.000000,0
8,positive,6,35,2,0,0.000000,0
8,positive,6,36,2,0,0.000000,0
8,positive,6,37,2,0,0.000000,0
8,positive,6,38,2,0,0.000000,0
8,positive,6,39,2,0,0.000000,0
8,positive,6,40,2,0,0.000000,0
8,positive,6,41,2,0,0.000000,0
8,positive,6,42,2,0,0.000000,0
8,positive,6,43,2,0,0.000000,0
8,positive,6,44,0,0,0.000000,0
8,positive,6,45,0,0,0.000000,0
8,positive,6,46,2,0,0.000000,0
8,positive,6,47,2,0,0.000000,0
8,positive,6,48,2,0,0.000000,0
8,positive,6,49,2,0,0.000000,0
8,positive,7,0,2,0,0.000000,0
8,positive,7,1,2,0,0.000000,0
8,positive,7,2,2,0,0.000000,0
8,positive,7,3,2,0,0.000000,0
8,positive,7,4,2,0,0.000000,0
8,positive,7,5,2,0,0.000000,0
8,positive,7,6,0,0,0.000000,0
8,positive,7,7,2,0,0.000000,0
8,positive,7,8,2,0,0.000000,0
8,positive,7,9,2,0,0.000000,0
8,positive,7,10,2,0,0.000000,0
8,positive,7,11,2,0,0.000000,0
8,positive,7,12,2,0,0.000000,0
8,positive,7,13,2,0,0.000000,0
8,positive,7,14,2,0,0.000000,0
8,positive,7,15,2,0,0.000000,0
8,positive,7,16,2,0,0.000000,0
8,positive,7,17,2,0,0.000000,0
8,positive,7,18,2,0,0.000000,0
8,positive,7,19,2,0,0.000000,0
8,positive,7,20,2,0,0.000000,0
8,positive,7,21,2,0,0.000000,0
8,positive,7,22,2,0,0.000000,0
8,positive,7,23,2,0,0.000000,0
8,positive,7,24,2,0,0.000000,0
8,positive,7,25,2,0,0.000000,0
8,positive,7,26,2,0,0.000000,0
8,positive,7,27,2,0,0.000000,0
8,positive,7,28,2,0,0.000000,0
8,positive,7,29,0,0,0.000000,0
8,positive,7,30,2,0,0.000000,0
8,positive,7,31,2,0,0.000000,0
8,positive,7,32,2,0,0.000000,0
8,positive,7,33,2,0,0.000000,0
8,positive,7,34,2,0,0.000000,0
8,positive,7,35,2,0,0.000000,0
8,positive,7,36,2,0,0.000000,0
8,positive,7,37,0,0,0.000000,0
8,positive,7,38,2,0,0.000000,0
8,positive,7,39,2,0,0.000000,0
8,positive,7,40,2,0,0.000000,0
8,positive,7,41,2,0,0.000000,0
8,positive,7,42,2,0,0.000000,0
8,positive,7,43,2,0,0.000000,0
8,positive,7,44,2,0,0.000000,0
8,positive,7,45,0,0,0.000000,0
8,positive,7,46,2,0,0.000000,0
8,positive,7,47,2,0,0.000000,0
8,positive,7,48,2,0,0.000000,0
8,positive,7,49,2,0,0.000000,0
8,positive,8,0,2,0,0.000000,0
8,positive,8,1,2,0,0.000000,0
8,positive,8,2,2,0,0.000000,0
8,positive,8,3,2,0,0.000000,0
8,positive,8,4,2,0,0.000000,0
8,positive,8,5,2,0,0.000000,0
8,positive,8,6,2,0,0.000000,0
8,positive,8,7,2,0,0.000000,0
8,positive,8,8,2,0,0.000000,0
8,positive,8,9,2,0,0.000000,0
8,positive,8,10,2,0,0.000000,0
8,positive,8,11,2,0,0.000000,0
8,positive,8,12,2,0,0.000000,0
8,positive,8,13,2,0,0.000000,0
8,positive,8,14,2,0,0.000000,0
8,positive,8,15,2,0,0.000000,0
8,positive,8,16,2,0,0.000000,0
8,positive,8,17,2,0,0.000000,0
8,positive,8,18,2,0,0.000000,0
8,positive,8,19,2,0,0.000000,0
8,positive,8,20,2,0,0.000000,0
8,positive,8,21,2,0,0.000000,0
8,positive,8,22,2,0,0.000000,0
8,positive,8,23,2,0,0.000000,0
8,positive,8,24,2,0,0.000000,0
8,positive,8,25,2,0,0.000000,0
8,positive,8,26,2,0,0.000000,0
8,positive,8,27,2,0,0.000000,0
8,positive,8,28,2,0,0.000000,0
8,positive,8,29,2,0,0.000000,0
8,positive,8,30,2,0,0.000000,0
8,positive,8,31,2,0,0.000000,0
8,positive,8,32,2,0,0.000000,0
8,positive,8,33,2,0,0.000000,0
8,positive,8,34,2,0,0.000000,0
8,positive,8,35,2,0,0.000000,0
8,positive,8,36,2,0,0.000000,0
8,positive,8,37,0,0,0.000000,0
8,positive,8,38,2,0,0.000000,0
8,positive,8,39,2,0,0.000000,0
8,positive,8,40,2,0,0.000000,0
8,positive,8,41,2,0,0.000000,0
8,positive,8,42,2,0,0.000000,0
8,positive,8,43,2,0,0.000000,0
8,positive,8,44,2,0,0.000000,0
8,positive,8,45,2,0,0.000000,0
8,positive,8,46,2,0,0.000000,0
8,positive,8,47,2,0,0.000000,0
8,positive,8,48,2,0,0.000000,0
8,positive,8,49,2,0,0.000000,0
8,positive,9,0,2,0,0.000000,0
8,positive,9,1,2,0,0.000000,0
8,positive,9,2,2,0,0.000000,0
8,positive,9,3,2,0,0.000000,0
8,positive,9,4,2,0,0.000000,0
8,positive,9,5,2,0,0.000000,0
8,positive,9,6,2,0,0.000000,0
8,positive,9,7,2,0,0.000000,0
8,positive,9,8,2,0,0.000000,0
8,positive,9,9,2,0,0.000000,0
8,positive,9,10,2,0,0.000000,0
8,positive,9,11,0,0,0.000000,0
8,positive,9,12,0,0,0.000000,0
8,positive,9,13,0,0,0.000000,0
8,positive,9,14,2,0,0.000000,0
8,positive,9,15,2,0,0.000000,0
8,positive,9,16,2,0,0.000000,0
8,positive,9,17,2,0,0.000000,0
8,positive,9,18,2,0,0.000000,0
8,positive,9,19,2,0,0.000000,0
8,positive,9,20,2,0,0.000000,0
8,positive,9,21,2,0,0.000000,0
8,positive,9,22,2,0,0.000000,0
8,positive,9,23,2,0,0.000000,0
8,positive,9,24,2,0,0.000000,0
8,positive,9,25,0,0,0.000000,0
8,positive,9,26,2,0,0.000000,0
8,positive,9,27,2,0,0.000000,0
8,positive,9,28,2,0,0.000000,0
8,positive,9,29,2,0,0.000000,0
8,positive,9,30,2,0,0.000000,0
8,positive,9,31,2,0,0.000000,0
8,positive,9,32,2,0,0.000000,0
8,positive,9,33,2,0,0.000000,0
8,positive,9,34,2,0,0.000000,0
8,positive,9,35,2,0,0.000000,0
8,positive,9,36,2,0,0.000000,0
8,positive,9,37,2,0,0.000000,0
8,positive,9,38,2,0,0.000000,0
8,positive,9,39,2,0,0.000000,0
8,positive,9,40,2,0,0.000000,0
8,positive,9,41,2,0,0.000000,0
8,positive,9,42,2,0,0.000000,0
8,positive,9,43,2,0,0.000000,0
8,positive,9,44,2,0,0.000000,0
8,positive,9,45,2,0,0.000000,0
8,positive,9,46,2,0,0.000000,0
8,positive,9,47,2,0,0.000000,0
8,positive,9,48,0,0,0.000000,0
8,positive,9,49,2,0,0.000000,0
8,positive,10,0,2,0,0.000000,0
8,positive,10,1,2,0,0.000000,0
8,positive,10,2,2,0,0.000000,0
8,positive,10,3,2,0,0.000000,0
8,positive,10,4,2,0,0.000000,0
8,positive,10,5,2,0,0.000000,0
8,positive,10,6,2,0,0.000000,0
8,positive,10,7,2,0,0.000000,0
8,positive,10,8,2,0,0.000000,0
8,positive,10,9,2,0,0.000000,0
8,positive,10,10,2,0,0.000000,0
8,positive,10,11,2,0,0.000000,0
8,positive,10,12,2,0,0.000000,0
8,positive,10,13,0,0,0.000000,0
8,positive,10,14,2,0,0.000000,0
8,positive,10,15,0,0,0.000000,0
8,positive,10,16,2,0,0.000000,0
8,positive,10,17,2,0,0.000000,0
8,positive,10,18,2,0,0.000000,0
8,positive,10,19,2,0,0.000000,0
8,positive,10,20,2,0,0.000000,0
8,positive,10,21,0,0,0.000000,0
8,positive,10,22,2,0,0.000000,0
8,positive,10,23,2,0,0.000000,0
8,positive,10,24,2,0,0.000000,0
8,positive,10,25,2,0,0.000000,0
8,positive,10,26,2,0,0.000000,0
8,positive,10,27,0,0,0.000000,0
8,positive,10,28,0,0,0.000000,0
8,positive,10,29,2,0,0.000000,0
8,positive,10,30,2,0,0.000000,0
8,positive,10,31,2,0,0.000000,0
8,positive,10,32,2,0,0.000000,0
8,positive,10,33,2,0,0.000000,0
8,positive,10,34,2,0,0.000000,0
8,positive,10,35,2,0,0.000000,0
8,positive,10,36,2,0,0.000000,0
8,positive,10,37,2,0,0.000000,0
8,positive,10,38,2,0,0.000000,0
8,positive,10,39,2,0,0.000000,0
8,positive,10,40,2,0,0.000000,0
8,positive,10,41,2,0,0.000000,0
8,positive,10,42,2,0,0.000000,0
8,positive,10,43,2,0,0.000000,0
8,positive,10,44,2,0,0.000000,0
8,positive,10,45,2,0,0.000000,0
8,positive,10,46,2,0,0.000000,0
8,positive,10,47,2,0,0.000000,0
8,positive,10,48,2,0,0.000000,0
8,positive,10,49,2,0,0.000000,0
8,positive,11,0,2,0,0.000000,0
8,positive,11,1,2,0,0.000000,0
8,positive,11,2,2,0,0.000000,0
8,positive,11,3,2,0,0.000000,0
8,positive,11,4,2,0,0.000000,0
8,positive,11,5,2,0,0.000000,0
8,positive,11,6,2,0,0.000000,0
8,positive,11,7,2,0,0.000000,0
8,positive,11,8,2,0,0.000000,0
8,positive,11,9,2,0,0.000000,0
8,positive,11,10,2,0,0.000000,0
8,positive,11,11,2,0,0.000000,0
8,positive,11,12,2,0,0.000000,0
8,positive,11,13,2,0,0.000000,0
8,positive,11,14,2,0,0.000000,0
8,positive,11,15,2,0,0.000000,0
8,positive,11,16,2,0,0.000000,0
8,positive,11,17,2,0,0.000000,0
8,positive,11,18,2,0,0.000000,0
8,positive,11,19,2,0,0.000000,0
8,positive,11,20,2,0,0.000000,0
8,positive,11,21,2,0,0.000000,0
8,positive,11,22,2,0,0.000000,0
8,positive,11,23,2,0,0.000000,0
8,positive,11,24,2,0,0.000000,0
8,positive,11,25,2,0,0.000000,0
8,positive,11,26,2,0,0.000000,0
8,positive,11,27,2,0,0.000000,0
8,positive,11,28,2,0,0.000000,0
8,positive,11,29,2,0,0.000000,0
8,positive,11,30,2,0,0.000000,0
8,positive,11,31,2,0,0.000000,0
8,positive,11,32,2,0,0.000000,0
8,positive,11,33,2,0,0.000000,0
8,positive,11,34,2,0,0.000000,0
8,positive,11,35,2,0,0.000000,0
8,positive,11,36,2,0,0.000000,0
8,positive,11,37,2,0,0.000000,0
8,positive,11,38,2,0,0.000000,0
8,positive,11,39,2,0,0.000000,0
8,positive,11,40,2,0,0.000000,0
8,positive,11,41,2,0,0.000000,0
8,positive,11,42,2,0,0.000000,0
8,positive,11,43,2,0,0.000000,0
8,positive,11,44,2,0,0.000000,0
8,positive,11,45,2,0,0.000000,0
8,positive,11,46,2,0,0.000000,0
8,positive,11,47,2,0,0.000000,0
8,positive,11,48,2,0,0.000000,0
8,positive,11,49,2,0,0.000000,0
8,positive,12,0,2,0,0.000000,0
8,positive,12,1,2,0,0.000000,0
8,positive,12,2,2,0,0.000000,0
8,positive,12,3,2,0,0.000000,0
8,positive,12,4,2,0,0.000000,0
8,positive,12,5,0,0,0.000000,0
8,positive,12,6,2,0,0.000000,0
8,positive,12,7,0,0,0.000000,0
8,positive,12,8,2,0,0.000000,0
8,positive,12,9,2,0,0.000000,0
8,positive,12,10,2,0,0.000000,0
8,positive,12,11,2,0,0.000000,0
8,positive,12,12,2,0,0.000000,0
8,positive,12,13,2,0,0.000000,0
8,positive,12,14,2,0,0.000000,0
8,positive,12,15,2,0,0.000000,0
8,positive,12,16,2,0,0.000000,0
8,positive,12,17,2,0,0.000000,0
8,positive,12,18,2,0,0.000000,0
8,positive,12,19,0,0,0.000000,0
8,positive,12,20,2,0,0.000000,0
8,positive,12,21,2,0,0.000000,0
8,positive,12,22,2,0,0.000000,0
8,positive,12,23,2,0,0.000000,0
8,positive,12,24,2,0,0.000000,0
8,positive,12,25,2,0,0.000000,0
8,positive,12,26,2,0,0.000000,0
8,positive,12,27,2,0,0.000000,0
8,positive,12,28,2,0,0.000000,0
8,positive,12,29,2,0,0.000000,0
8,positive,12,30,2,0,0.000000,0
8,positive,12,31,2,0,0.000000,0
8,positive,12,32,2,0,0.000000,0
8,positive,12,33,2,0,0.000000,0
8,positive,12,34,2,0,0.000000,0
8,positive,12,35,2,0,0.000000,0
8,positive,12,36,2,0,0.000000,0
8,positive,12,37,2,0,0.000000,0
8,positive,12,38,2,0,0.000000,0
8,positive,12,39,0,0,0.000000,0
8,positive,12,40,0,0,0.000000,0
8,positive,12,41,2,0,0.000000,0
8,positive,12,42,2,0,0.000000,0
8,positive,12,43,2,0,0.000000,0
8,positive,12,44,2,0,0.000000,0
8,positive,12,45,2,0,0.000000,0
8,positive,12,46,2,0,0.000000,0
8,positive,12,47,2,0,0.000000,0
8,positive,12,48,2,0,0.000000,0
8,positive,12,49,2,0,0.000000,0
8,positive,13,0,2,0,0.000000,0
8,positive,13,1,2,0,0.000000,0
8,positive,13,2,0,0,0.000000,0
8,positive,13,3,2,0,0.000000,0
8,positive,13,4,2,0,0.000000,0
8,positive,13,5,2,0,0.000000,0
8,positive,13,6,2,0,0.000000,0
8,positive,13,7,2,0,0.000000,0
8,positive,13,8,2,0,0.000000,0
8,positive,13,9,2,0,0.000000,0
8,positive,13,10,2,0,0.000000,0
8,positive,13,11,2,0,0.000000,0
8,positive,13,12,2,0,0.000000,0
8,positive,13,13,2,0,0.000000,0
8,positive,13,14,2,0,0.000000,0
8,positive,13,15,2,0,0.000000,0
8,positive,13,16,0,0,0.000000,0
8,positive,13,17,2,0,0.000000,0
8,positive,13,18,2,0,0.000000,0
8,positive,13,19,2,0,0.000000,0
8,positive,13,20,2,0,0.000000,0
8,positive,13,21,2,0,0.000000,0
8,positive,13,22,2,0,0.000000,0
8,positive,13,23,2,0,0.000000,0
8,positive,13,24,2,0,0.000000,0
8,positive,13,25,2,0,0.000000,0
8,positive,13,26,2,0,0.000000,0
8,positive,13,27,0,0,0.000000,0
8,positive,13,28,2,0,0.000000,0
8,positive,13,29,2,0,0.000000,0
8,positive,13,30,2,0,0.000000,0
8,positive,13,31,2,0,0.000000,0
8,positive,13,32,2,0,0.000000,0
8,positive,13,33,2,0,0.000000,0
8,positive,13,34,2,0,0.000000,0
8,positive,13,35,2,0,0.000000,0
8,positive,13,36,2,0,0.000000,0
8,positive,13,37,2,0,0.000000,0
8,positive,13,38,2,0,0.000000,0
8,positive,13,39,2,0,0.000000,0
8,positive,13,40,2,0,0.000000,0
8,positive,13,41,2,0,0.000000,0
8,positive,13,42,2,0,0.000000,0
8,positive,13,43,2,0,0.000000,0
8,positive,13,44,2,0,0.000000,0
8,positive,13,45,2,0,0.000000,0
8,positive,13,46,2,0,0.000000,0
8,positive,13,47,2,0,0.000000,0
8,positive,13,48,2,0,0.000000,0
8,positive,13,49,2,0,0.000000,0
8,positive,14,0,2,0,0.000000,0
8,positive,14,1,2,0,0.000000,0
8,positive,14,2,2,0,0.000000,0
8,positive,14,3,2,0,0.000000,0
8,positive,14,4,2,0,0.000000,0
8,positive,14,5,2,0,0.000000,0
8,positive,14,6,2,0,0.000000,0
8,positive,14,7,2,0,0.000000,0
8,positive,14,8,2,0,0.000000,0
8,positive,14,9,2,0,0.000000,0
8,positive,14,10,2,0,0.000000,0
8,positive,14,11,2,0,0.000000,0
8,positive,14,12,2,0,0.000000,0
8,positive,14,13,2,0,0.000000,0
8,positive,14,14,0,0,0.000000,0
8,positive,14,15,2,0,0.000000,0
8,positive,14,16,2,0,0.000000,0
8,positive,14,17,2,0,0.000000,0
8,positive,14,18,2,0,0.000000,0
8,positive,14,19,2,0,0.000000,0
8,positive,14,20,0,0,0.000000,0
8,positive,14,21,2,0,0.000000,0
8,positive,14,22,2,0,0.000000,0
8,positive,14,23,2,0,0.000000,0
8,positive,14,24,2,0,0.000000,0
8,positive,14,25,2,0,0.000000,0
8,positive,14,26,2,0,0.000000,0
8,positive,14,27,0,0,0.000000,0
8,positive,14,28,2,0,0.000000,0
8,positive,14,29,2,0,0.000000,0
8,positive,14,30,2,0,0.000000,0
8,positive,14,31,2,0,0.000000,0
8,positive,14,32,2,0,0.000000,0
8,positive,14,33,2,0,0.000000,0
8,positive,14,34,2,0,0.000000,0
8,positive,14,35,0,0,0.000000,0
8,positive,14,36,2,0,0.000000,0
8,positive,14,37,2,0,0.000000,0
8,positive,14,38,2,0,0.000000,0
8,positive,14,39,2,0,0.000000,0
8,positive,14,40,2,0,0.000000,0
8,positive,14,41,0,0,0.000000,0
8,positive,14,42,2,0,0.000000,0
8,positive,14,43,2,0,0.000000,0
8,positive,14,44,2,0,0.000000,0
8,positive,14,45,2,0,0.000000,0
8,positive,14,46,2,0,0.000000,0
8,positive,14,47,0,0,0.000000,0
8,positive,14,48,2,0,0.000000,0
8,positive,14,49,2,0,0.000000,0
8,positive,15,0,2,0,0.000000,0
8,positive,15,1,2,0,0.000000,0
8,positive,15,2,2,0,0.000000,0
8,positive,15,3,2,0,0.000000,0
8,positive,15,4,2,0,0.000000,0
8,positive,15,5,2,0,0.000000,0
8,positive,15,6,2,0,0.000000,0
8,positive,15,7,2,0,0.000000,0
8,positive,15,8,2,0,0.000000,0
8,positive,15,9,2,0,0.000000,0
8,positive,15,10,2,0,0.000000,0
8,positive,15,11,2,0,0.000000,0
8,positive,15,12,2,0,0.000000,0
8,positive,15,13,2,0,0.000000,0
8,positive,15,14,0,0,0.000000,0
8,positive,15,15,2,0,0.000000,0
8,positive,15,16,0,0,0.000000,0
8,positive,15,17,0,0,0.000000,0
8,positive,15,18,2,0,0.000000,0
8,positive,15,19,2,0,0.000000,0
8,positive,15,20,2,0,0.000000,0
8,positive,15,21,2,0,0.000000,0
8,positive,15,22,2,0,0.000000,0
8,positive,15,23,0,0,0.000000,0
8,positive,15,24,2,0,0.000000,0
8,positive,15,25,2,0,0.000000,0
8,positive,15,26,2,0,0.000000,0
8,positive,15,27,2,0,0.000000,0
8,positive,15,28,2,0,0.000000,0
8,positive,15,29,2,0,0.000000,0
8,positive,15,30,2,0,0.000000,0
8,positive,15,31,2,0,0.000000,0
8,positive,15,32,2,0,0.000000,0
8,positive,15,33,2,0,0.000000,0
8,positive,15,34,2,0,0.000000,0
8,positive,15,35,2,0,0.000000,0
8,positive,15,36,2,0,0.000000,0
8,positive,15,37,2,0,0.000000,0
8,positive,15,38,2,0,0.000000,0
8,positive,15,39,2,0,0.000000,0
8,positive,15,40,2,0,0.000000,0
8,positive,15,41,2,0,0.000000,0
8,positive,15,42,2,0,0.000000,0
8,positive,15,43,2,0,0.000000,0
8,positive,15,44,2,0,0.000000,0
8,positive,15,45,2,0,0.000000,0
8,positive,15,46,2,0,0.000000,0
8,positive,15,47,2,0,0.000000,0
8,positive,15,48,2,0,0.000000,0
8,positive,15,49,2,0,0.000000,0
8,positive,16,0,2,0,0.000000,0
8,positive,16,1,2,0,0.000000,0
8,positive,16,2,2,0,0.000000,0
8,positive,16,3,2,0,0.000000,0
8,positive,16,4,2,0,0.000000,0
8,positive,16,5,2,0,0.000000,0
8,positive,16,6,2,0,0.000000,0
8,positive,16,7,2,0,0.000000,0
8,positive,16,8,2,0,0.000000,0
8,positive,16,9,2,0,0.000000,0
8,positive,16,10,2,0,0.000000,0
8,positive,16,11,2,0,0.000000,0
8,positive,16,12,0,0,0.000000,0
8,positive,16,13,2,0,0.000000,0
8,positive,16,14,2,0,0.000000,0
8,positive,16,15,2,0,0.000000,0
8,positive,16,16,0,0,0.000000,0
8,positive,16,17,0,0,0.000000,0
8,positive,16,18,2,0,0.000000,0
8,positive,16,19,2,0,0.000000,0
8,positive,16,20,0,0,0.000000,0
8,positive,16,21,2,0,0.000000,0
8,positive,16,22,0,0,0.000000,0
8,positive,16,23,2,0,0.000000,0
8,positive,16,24,2,0,0.000000,0
8,positive,16,25,2,0,0.000000,0
8,positive,16,26,2,0,0.000000,0
8,positive,16,27,2,0,0.000000,0
8,positive,16,28,0,0,0.000000,0
8,positive,16,29,2,0,0.000000,0
8,positive,16,30,2,0,0.000000,0
8,positive,16,31,2,0,0.000000,0
8,positive,16,32,2,0,0.000000,0
8,positive,16,33,2,0,0.000000,0
8,positive,16,34,2,0,0.000000,0
8,positive,16,35,2,0,0.000000,0
8,positive,16,36,2,0,0.000000,0
8,positive,16,37,2,0,0.000000,0
8,positive,16,38,2,0,0.000000,0
8,positive,16,39,2,0,0.000000,0
8,positive,16,40,2,0,0.000000,0
8,positive,16,41,2,0,0.000000,0
8,positive,16,42,2,0,0.000000,0
8,positive,16,43,2,0,0.000000,0
8,positive,16,44,2,0,0.000000,0
8,positive,16,45,2,0,0.000000,0
8,positive,16,46,0,0,0.000000,0
8,positive,16,47,2,0,0.000000,0
8,positive,16,48,2,0,0.000000,0
8,positive,16,49,2,0,0.000000,0
8,positive,17,0,2,0,0.000000,0
8,positive,17,1,2,0,0.000000,0
8,positive,17,2,2,0,0.000000,0
8,positive,17,3,2,0,0.000000,0
8,positive,17,4,2,0,0.000000,0
8,positive,17,5,2,0,0.000000,0
8,positive,17,6,2,0,0.000000,0
8,positive,17,7,2,0,0.000000,0
8,positive,17,8,2,0,0.000000,0
8,positive,17,9,2,0,0.000000,0
8,positive,17,10,0,0,0.000000,0
8,positive,17,11,2,0,0.000000,0
8,positive,17,12,2,0,0.000000,0
8,positive,17,13,2,0,0.000000,0
8,positive,17,14,2,0,0.000000,0
8,positive,17,15,2,0,0.000000,0
8,positive,17,16,2,0,0.000000,0
8,positive,17,17,2,0,0.000000,0
8,positive,17,18,2,0,0.000000,0
8,positive,17,19,2,0,0.000000,0
8,positive,17,20,2,0,0.000000,0
8,positive,17,21,2,0,0.000000,0
8,positive,17,22,2,0,0.000000,0
8,positive,17,23,2,0,0.000000,0
8,positive,17,24,2,0,0.000000,0
8,positive,17,25,2,0,0.000000,0
8,positive,17,26,2,0,0.000000,0
8,positive,17,27,2,0,0.000000,0
8,positive,17,28,2,0,0.000000,0
8,positive,17,29,2,0,0.000000,0
8,positive,17,30,2,0,0.000000,0
8,positive,17,31,2,0,0.000000,0
8,positive,17,32,2,0,0.000000,0
8,positive,17,33,2,0,0.000000,0
8,positive,17,34,0,0,0.000000,0
8,positive,17,35,2,0,0.000000,0
8,positive,17,36,2,0,0.000000,0
8,positive,17,37,2,0,0.000000,0
8,positive,17,38,2,0,0.000000,0
8,positive,17,39,2,0,0.000000,0
8,positive,17,40,2,0,0.000000,0
8,positive,17,41,2,0,0.000000,0
8,positive,17,42,2,0,0.000000,0
8,positive,17,43,2,0,0.000000,0
8,positive,17,44,2,0,0.000000,0
8,positive,17,45,2,0,0.000000,0
8,positive,17,46,2,0,0.000000,0
8,positive,17,47,2,0,0.000000,0
8,positive,17,48,2,0,0.000000,0
8,positive,17,49,2,0,0.000000,0
8,positive,18,0,2,0,0.000000,0
8,positive,18,1,2,0,0.000000,0
8,positive,18,2,2,0,0.000000,0
8,positive,18,3,2,0,0.000000,0
8,positive,18,4,0,0,0.000000,0
8,positive,18,5,2,0,0.000000,0
8,positive,18,6,2,0,0.000000,0
8,positive,18,7,2,0,0.000000,0
8,positive,18,8,2,0,0.000000,0
8,positive,18,9,0,0,0.000000,0
8,positive,18,10,0,0,0.000000,0
8,positive,18,11,2,0,0.000000,0
8,positive,18,12,0,0,0.000000,0
8,positive,18,13,2,0,0.000000,0
8,positive,18,14,2,0,0.000000,0
8,positive,18,15,2,0,0.000000,0
8,positive,18,16,2,0,0.000000,0
8,positive,18,17,2,0,0.000000,0
8,positive,18,18,2,0,0.000000,0
8,positive,18,19,2,0,0.000000,0
8,positive,18,20,2,0,0.000000,0
8,positive,18,21,2,0,0.000000,0
8,positive,18,22,2,0,0.000000,0
8,positive,18,23,2,0,0.000000,0
8,positive,18,24,2,0,0.000000,0
8,positive,18,25,2,0,0.000000,0
8,positive,18,26,2,0,0.000000,0
8,positive,18,27,2,0,0.000000,0
8,positive,18,28,2,0,0.000000,0
8,positive,18,29,2,0,0.000000,0
8,positive,18,30,2,0,0.000000,0
8,positive,18,31,2,0,0.000000,0
8,positive,18,32,2,0,0.000000,0
8,positive,18,33,2,0,0.000000,0
8,positive,18,34,0,0,0.000000,0
8,positive,18,35,2,0,0.000000,0
8,positive,18,36,2,0,0.000000,0
8,positive,18,37,2,0,0.000000,0
8,positive,18,38,2,0,0.000000,0
8,positive,18,39,2,0,0.000000,0
8,positive,18,40,2,0,0.000000,0
8,positive,18,41,2,0,0.000000,0
8,positive,18,42,2,0,0.000000,0
8,positive,18,43,2,0,0.000000,0
8,positive,18,44,2,0,0.000000,0
8,positive,18,45,2,0,0.000000,0
8,positive,18,46,2,0,0.000000,0
8,positive,18,47,2,0,0.000000,0
8,positive,18,48,2,0,0.000000,0
8,positive,18,49,2,0,0.000000,0
8,positive,19,0,2,0,0.000000,0
8,positive,19,1,2,0,0.000000,0
8,positive,19,2,2,0,0.000000,0
8,positive,19,3,2,0,0.000000,0
8,positive,19,4,2,0,0.000000,0
8,positive,19,5,0,0,0.000000,0
8,positive,19,6,0,0,0.000000,0
8,positive,19,7,2,0,0.000000,0
8,positive,19,8,2,0,0.000000,0
8,positive,19,9,2,0,0.000000,0
8,positive,19,10,2,0,0.000000,0
8,positive,19,11,2,0,0.000000,0
8,positive,19,12,2,0,0.000000,0
8,positive,19,13,2,0,0.000000,0
8,positive,19,14,2,0,0.000000,0
8,positive,19,15,2,0,0.000000,0
8,positive,19,16,0,0,0.000000,0
8,positive,19,17,2,0,0.000000,0
8,positive,19,18,2,0,0.000000,0
8,positive,19,19,2,0,0.000000,0
8,positive,19,20,2,0,0.000000,0
8,positive,19,21,2,0,0.000000,0
8,positive,19,22,2,0,0.000000,0
8,positive,19,23,2,0,0.000000,0
8,positive,19,24,2,0,0.000000,0
8,positive,19,25,2,0,0.000000,0
8,positive,19,26,0,0,0.000000,0
8,positive,19,27,2,0,0.000000,0
8,positive,19,28,2,0,0.000000,0
8,positive,19,29,2,0,0.000000,0
8,positive,19,30,2,0,0.000000,0
8,positive,19,31,0,0,0.000000,0
8,positive,19,32,2,0,0.000000,0
8,positive,19,33,2,0,0.000000,0
8,positive,19,34,2,0,0.000000,0
8,positive,19,35,2,0,0.000000,0
8,positive,19,36,2,0,0.000000,0
8,positive,19,37,2,0,0.000000,0
8,positive,19,38,2,0,0.000000,0
8,positive,19,39,2,0,0.000000,0
8,positive,19,40,2,0,0.000000,0
8,positive,19,41,2,0,0.000000,0
8,positive,19,42,2,0,0.000000,0
8,positive,19,43,2,0,0.000000,0
8,positive,19,44,2,0,0.000000,0
8,positive,19,45,0,0,0.000000,0
8,positive,19,46,2,0,0.000000,0
8,positive,19,47,2,0,0.000000,0
8,positive,19,48,2,0,0.000000,0
8,positive,19,49,2,0,0.000000,0
8,positive,20,0,2,0,0.000000,0
8,positive,20,1,2,0,0.000000,0
8,positive,20,2,2,0,0.000000,0
8,positive,20,3,2,0,0.000000,0
8,positive,20,4,2,0,0.000000,0
8,positive,20,5,0,0,0.000000,0
8,positive,20,6,2,0,0.000000,0
8,positive,20,7,2,0,0.000000,0
8,positive,20,8,2,0,0.000000,0
8,positive,20,9,2,0,0.000000,0
8,positive,20,10,0,0,0.000000,0
8,positive,20,11,0,0,0.000000,0
8,positive,20,12,2,0,0.000000,0
8,positive,20,13,2,0,0.000000,0
8,positive,20,14,2,0,0.000000,0
8,positive,20,15,2,0,0.000000,0
8,positive,20,16,2,0,0.000000,0
8,positive,20,17,0,0,0.000000,0
8,positive,20,18,2,0,0.000000,0
8,positive,20,19,2,0,0.000000,0
8,positive,20,20,2,0,0.000000,0
8,positive,20,21,2,0,0.000000,0
8,positive,20,22,0,0,0.000000,0
8,positive,20,23,2,0,0.000000,0
8,positive,20,24,2,0,0.000000,0
8,positive,20,25,2,0,0.000000,0
8,positive,20,26,2,0,0.000000,0
8,positive,20,27,2,0,0.000000,0
8,positive,20,28,2,0,0.000000,0
8,positive,20,29,0,0,0.000000,0
8,positive,20,30,2,0,0.000000,0
8,positive,20,31,2,0,0.000000,0
8,positive,20,32,2,0,0.000000,0
8,positive,20,33,2,0,0.000000,0
8,positive,20,34,2,0,0.000000,0
8,positive,20,35,2,0,0.000000,0
8,positive,20,36,2,0,0.000000,0
8,positive,20,37,2,0,0.000000,0
8,positive,20,38,2,0,0.000000,0
8,positive,20,39,2,0,0.000000,0
8,positive,20,40,2,0,0.000000,0
8,positive,20,41,2,0,0.000000,0
8,positive,20,42,2,0,0.000000,0
8,positive,20,43,2,0,0.000000,0
8,positive,20,44,2,0,0.000000,0
8,positive,20,45,2,0,0.000000,0
8,positive,20,46,0,0,0.000000,0
8,positive,20,47,2,0,0.000000,0
8,positive,20,48,2,0,0.000000,0
8,positive,20,49,2,0,0.000000,0
8,positive,21,0,2,0,0.000000,0
8,positive,21,1,2,0,0.000000,0
8,positive,21,2,2,0,0.000000,0
8,positive,21,3,2,0,0.000000,0
8,positive,21,4,2,0,0.000000,0
8,positive,21,5,0,0,0.000000,0
8,positive,21,6,2,0,0.000000,0
8,positive,21,7,2,0,0.000000,0
8,positive,21,8,2,0,0.000000,0
8,positive,21,9,2,0,0.000000,0
8,positive,21,10,2,0,0.000000,0
8,positive,21,11,2,0,0.000000,0
8,positive,21,12,2,0,0.000000,0
8,positive,21,13,2,0,0.000000,0
8,positive,21,14,2,0,0.000000,0
8,positive,21,15,2,0,0.000000,0
8,positive,21,16,2,0,0.000000,0
8,positive,21,17,2,0,0.000000,0
8,positive,21,18,2,0,0.000000,0
8,positive,21,19,2,0,0.000000,0
8,positive,21,20,2,0,0.000000,0
8,positive,21,21,2,0,0.000000,0
8,positive,21,22,2,0,0.000000,0
8,positive,21,23,2,0,0.000000,0
8,positive,21,24,2,0,0.000000,0
8,positive,21,25,2,0,0.000000,0
8,positive,21,26,2,0,0.000000,0
8,positive,21,27,0,0,0.000000,0
8,positive,21,28,2,0,0.000000,0
8,positive,21,29,2,0,0.000000,0
8,positive,21,30,2,0,0.000000,0
8,positive,21,31,2,0,0.000000,0
8,positive,21,32,2,0,0.000000,0
8,positive,21,33,2,0,0.000000,0
8,positive,21,34,2,0,0.000000,0
8,positive,21,35,2,0,0.000000,0
8,positive,21,36,2,0,0.000000,0
8,positive,21,37,2,0,0.000000,0
8,positive,21,38,2,0,0.000000,0
8,positive,21,39,2,0,0.000000,0
8,positive,21,40,2,0,0.000000,0
8,positive,21,41,2,0,0.000000,0
8,positive,21,42,2,0,0.000000,0
8,positive,21,43,2,0,0.000000,0
8,positive,21,44,2,0,0.000000,0
8,positive,21,45,2,0,0.000000,0
8,positive,21,46,2,0,0.000000,0
8,positive,21,47,0,0,0.000000,0
8,positive,21,48,2,0,0.000000,0
8,positive,21,49,2,0,0.000000,0
8,positive,22,0,2,0,0.000000,0
8,positive,22,1,2,0,0.000000,0
8,positive,22,2,2,0,0.000000,0
8,positive,22,3,2,0,0.000000,0
8,positive,22,4,2,0,0.000000,0
8,positive,22,5,2,0,0.000000,0
8,positive,22,6,2,0,0.000000,0
8,positive,22,7,2,0,0.000000,0
8,positive,22,8,2,0,0.000000,0
8,positive,22,9,2,0,0.000000,0
8,positive,22,10,2,0,0.000000,0
8,positive,22,11,0,0,0.000000,0
8,positive,22,12,2,0,0.000000,0
8,positive,22,13,2,0,0.000000,0
8,positive,22,14,2,0,0.000000,0
8,positive,22,15,0,0,0.000000,0
8,positive,22,16,0,0,0.000000,0
8,positive,22,17,2,0,0.000000,0
8,positive,22,18,2,0,0.000000,0
8,positive,22,19,2,0,0.000000,0
8,positive,22,20,2,0,0.000000,0
8,positive,22,21,2,0,0.000000,0
8,positive,22,22,2,0,0.000000,0
8,positive,22,23,2,0,0.000000,0
8,positive,22,24,2,0,0.000000,0
8,positive,22,25,2,0,0.000000,0
8,positive,22,26,2,0,0.000000,0
8,positive,22,27,2,0,0.000000,0
8,positive,22,28,0,0,0.000000,0
8,positive,22,29,2,0,0.000000,0
8,positive,22,30,0,0,0.000000,0
8,positive,22,31,0,0,0.000000,0
8,positive,22,32,2,0,0.000000,0
8,positive,22,33,2,0,0.000000,0
8,positive,22,34,2,0,0.000000,0
8,positive,22,35,2,0,0.000000,0
8,positive,22,36,0,0,0.000000,0
8,positive,22,37,2,0,0.000000,0
8,positive,22,38,2,0,0.000000,0
8,positive,22,39,2,0,0.000000,0
8,positive,22,40,2,0,0.000000,0
8,positive,22,41,2,0,0.000000,0
8,positive,22,42,2,0,0.000000,0
8,positive,22,43,2,0,0.000000,0
8,positive,22,44,2,0,0.000000,0
8,positive,22,45,2,0,0.000000,0
8,positive,22,46,2,0,0.000000,0
8,positive,22,47,2,0,0.000000,0
8,positive,22,48,2,0,0.000000,0
8,positive,22,49,2,0,0.000000,0
8,positive,23,0,2,0,0.000000,0
8,positive,23,1,2,0,0.000000,0
8,positive,23,2,2,0,0.000000,0
8,positive,23,3,2,0,0.000000,0
8,positive,23,4,2,0,0.000000,0
8,positive,23,5,2,0,0.000000,0
8,positive,23,6,2,0,0.000000,0
8,positive,23,7,2,0,0.000000,0
8,positive,23,8,2,0,0.000000,0
8,positive,23,9,2,0,0.000000,0
8,positive,23,10,0,0,0.000000,0
8,positive,23,11,2,0,0.000000,0
8,positive,23,12,2,0,0.000000,0
8,positive,23,13,2,0,0.000000,0
8,positive,23,14,2,0,0.000000,0
8,positive,23,15,2,0,0.000000,0
8,positive,23,16,2,0,0.000000,0
8,positive,23,17,2,0,0.000000,0
8,positive,23,18,2,0,0.000000,0
8,positive,23,19,2,0,0.000000,0
8,positive,23,20,0,0,0.000000,0
8,positive,23,21,2,0,0.000000,0
8,positive,23,22,2,0,0.000000,0
8,positive,23,23,2,0,0.000000,0
8,positive,23,24,2,0,0.000000,0
8,positive,23,25,2,0,0.000000,0
8,positive,23,26,0,0,0.000000,0
8,positive,23,27,0,0,0.000000,0
8,positive,23,28,2,0,0.000000,0
8,positive,23,29,2,0,0.000000,0
8,positive,23,30,2,0,0.000000,0
8,positive,23,31,2,0,0.000000,0
8,positive,23,32,2,0,0.000000,0
8,positive,23,33,2,0,0.000000,0
8,positive,23,34,2,0,0.000000,0
8,positive,23,35,2,0,0.000000,0
8,positive,23,36,2,0,0.000000,0
8,positive,23,37,2,0,0.000000,0
8,positive,23,38,2,0,0.000000,0
8,positive,23,39,2,0,0.000000,0
8,positive,23,40,2,0,0.000000,0
8,positive,23,41,2,0,0.000000,0
8,positive,23,42,2,0,0.000000,0
8,positive,23,43,2,0,0.000000,0
8,positive,23,44,0,0,0.000000,0
8,positive,23,45,2,0,0.000000,0
8,positive,23,46,2,0,0.000000,0
8,positive,23,47,2,0,0.000000,0
8,positive,23,48,2,0,0.000000,0
8,positive,23,49,2,0,0.000000,0
8,positive,24,0,2,0,0.000000,0
8,positive,24,1,0,0,0.000000,0
8,positive,24,2,2,0,0.000000,0
8,positive,24,3,2,0,0.000000,0
8,positive,24,4,2,0,0.000000,0
8,positive,24,5,2,0,0.000000,0
8,positive,24,6,2,0,0.000000,0
8,positive,24,7,2,0,0.000000,0
8,positive,24,8,2,0,0.000000,0
8,positive,24,9,2,0,0.000000,0
8,positive,24,10,2,0,0.000000,0
8,positive,24,11,0,0,0.000000,0
8,positive,24,12,2,0,0.000000,0
8,positive,24,13,2,0,0.000000,0
8,positive,24,14,2,0,0.000000,0
8,positive,24,15,2,0,0.000000,0
8,positive,24,16,2,0,0.000000,0
8,positive,24,17,0,0,0.000000,0
8,positive,24,18,2,0,0.000000,0
8,positive,24,19,2,0,0.000000,0
8,positive,24,20,2,0,0.000000,0
8,positive,24,21,2,0,0.000000,0
8,positive,24,22,2,0,0.000000,0
8,positive,24,23,2,0,0.000000,0
8,positive,24,24,2,0,0.000000,0
8,positive,24,25,2,0,0.000000,0
8,positive,24,26,2,0,0.000000,0
8,positive,24,27,2,0,0.000000,0
8,positive,24,28,2,0,0.000000,0
8,positive,24,29,2,0,0.000000,0
8,positive,24,30,2,0,0.000000,0
8,positive,24,31,2,0,0.000000,0
8,positive,24,32,2,0,0.000000,0
8,positive,24,33,2,0,0.000000,0
8,positive,24,34,2,0,0.000000,0
8,positive,24,35,2,0,0.000000,0
8,positive,24,36,2,0,0.000000,0
8,positive,24,37,2,0,0.000000,0
8,positive,24,38,2,0,0.000000,0
8,positive,24,39,2,0,0.000000,0
8,positive,24,40,2,0,0.000000,0
8,positive,24,41,2,0,0.000000,0
8,positive,24,42,2,0,0.000000,0
8,positive,24,43,2,0,0.000000,0
8,positive,24,44,2,0,0.000000,0
8,positive,24,45,2,0,0.000000,0
8,positive,24,46,2,0,0.000000,0
8,positive,24,47,2,0,0.000000,0
8,positive,24,48,2,0,0.000000,0
8,positive,24,49,2,0,0.000000,0
8,positive,25,0,2,0,0.000000,0
8,positive,25,1,2,0,0.000000,0
8,positive,25,2,2,0,0.000000,0
8,positive,25,3,2,0,0.000000,0
8,positive,25,4,2,0,0.000000,0
8,positive,25,5,2,0,0.000000,0
8,positive,25,6,0,0,0.000000,0
8,positive,25,7,2,0,0.000000,0
8,positive,25,8,0,0,0.000000,0
8,positive,25,9,2,0,0.000000,0
8,positive,25,10,2,0,0.000000,0
8,positive,25,11,2,0,0.000000,0
8,positive,25,12,2,0,0.000000,0
8,positive,25,13,2,0,0.000000,0
8,positive,25,14,2,0,0.000000,0
8,positive,25,15,2,0,0.000000,0
8,positive,25,16,2,0,0.000000,0
8,positive,25,17,2,0,0.000000,0
8,positive,25,18,2,0,0.000000,0
8,positive,25,19,2,0,0.000000,0
8,positive,25,20,2,0,0.000000,0
8,positive,25,21,2,0,0.000000,0
8,positive,25,22,2,0,0.000000,0
8,positive,25,23,0,0,0.000000,0
8,positive,25,24,2,0,0.000000,0
8,positive,25,25,2,0,0.000000,0
8,positive,25,26,2,0,0.000000,0
8,positive,25,27,2,0,0.000000,0
8,positive,25,28,2,0,0.000000,0
8,positive,25,29,2,0,0.000000,0
8,positive,25,30,2,0,0.000000,0
8,positive,25,31,2,0,0.000000,0
8,positive,25,32,2,0,0.000000,0
8,positive,25,33,2,0,0.000000,0
8,positive,25,34,2,0,0.000000,0
8,positive,25,35,2,0,0.000000,0
8,positive,25,36,2,0,0.000000,0
8,positive,25,37,2,0,0.000000,0
8,positive,25,38,2,0,0.000000,0
8,positive,25,39,2,0,0.000000,0
8,positive,25,40,2,0,0.000000,0
8,positive,25,41,2,0,0.000000,0
8,positive,25,42,2,0,0.000000,0
8,positive,25,43,2,0,0.000000,0
8,positive,25,44,2,0,0.000000,0
8,positive,25,45,2,0,0.000000,0
8,positive,25,46,0,0,0.000000,0
8,positive,25,47,2,0,0.000000,0
8,positive,25,48,2,0,0.000000,0
8,positive,25,49,2,0,0.000000,0
8,positive,26,0,2,0,0.000000,0
8,positive,26,1,2,0,0.000000,0
8,positive,26,2,2,0,0.000000,0
8,positive,26,3,0,0,0.000000,0
8,positive,26,4,2,0,0.000000,0
8,positive,26,5,2,0,0.000000,0
8,positive,26,6,2,0,0.000000,0
8,positive,26,7,2,0,0.000000,0
8,positive,26,8,2,0,0.000000,0
8,positive,26,9,2,0,0.000000,0
8,positive,26,10,2,0,0.000000,0
8,positive,26,11,2,0,0.000000,0
8,positive,26,12,2,0,0.000000,0
8,positive,26,13,2,0,0.000000,0
8,positive,26,14,2,0,0.000000,0
8,positive,26,15,2,0,0.000000,0
8,positive,26,16,2,0,0.000000,0
8,positive,26,17,0,0,0.000000,0
8,positive,26,18,2,0,0.000000,0
8,positive,26,19,2,0,0.000000,0
8,positive,26,20,2,0,0.000000,0
8,positive,26,21,2,0,0.000000,0
8,positive,26,22,2,0,0.000000,0
8,positive,26,23,2,0,0.000000,0
8,positive,26,24,2,0,0.000000,0
8,positive,26,25,2,0,0.000000,0
8,positive,26,26,2,0,0.000000,0
8,positive,26,27,2,0,0.000000,0
8,positive,26,28,2,0,0.000000,0
8,positive,26,29,2,0,0.000000,0
8,positive,26,30,2,0,0.000000,0
8,positive,26,31,2,0,0.000000,0
8,positive,26,32,2,0,0.000000,0
8,positive,26,33,0,0,0.000000,0
8,positive,26,34,2,0,0.000000,0
8,positive,26,35,2,0,0.000000,0
8,positive,26,36,2,0,0.000000,0
8,positive,26,37,2,0,0.000000,0
8,positive,26,38,2,0,0.000000,0
8,positive,26,39,2,0,0.000000,0
8,positive,26,40,2,0,0.000000,0
8,positive,26,41,2,0,0.000000,0
8,positive,26,42,2,0,0.000000,0
8,positive,26,43,2,0,0.000000,0
8,positive,26,44,2,0,0.000000,0
8,positive,26,45,2,0,0.000000,0
8,positive,26,46,2,0,0.000000,0
8,positive,26,47,2,0,0.000000,0
8,positive,26,48,2,0,0.000000,0
8,positive,26,49,2,0,0.000000,0
8,positive,27,0,2,0,0.000000,0
8,positive,27,1,2,0,0.000000,0
8,positive,27,2,0,0,0.000000,0
8,positive,27,3,2,0,0.000000,0
8,positive,27,4,2,0,0.000000,0
8,positive,27,5,2,0,0.000000,0
8,positive,27,6,2,0,0.000000,0
8,positive,27,7,2,0,0.000000,0
8,positive,27,8,2,0,0.000000,0
8,positive,27,9,2,0,0.000000,0
8,positive,27,10,2,0,0.000000,0
8,positive,27,11,2,0,0.000000,0
8,positive,27,12,2,0,0.000000,0
8,positive,27,13,2,0,0.000000,0
8,positive,27,14,2,0,0.000000,0
8,positive,27,15,2,0,0.000000,0
8,positive,27,16,2,0,0.000000,0
8,positive,27,17,2,0,0.000000,0
8,positive,27,18,2,0,0.000000,0
8,positive,27,19,2,0,0.000000,0
8,positive,27,20,2,0,0.000000,0
8,positive,27,21,2,0,0.000000,0
8,positive,27,22,2,0,0.000000,0
8,positive,27,23,2,0,0.000000,0
8,positive,27,24,0,0,0.000000,0
8,positive,27,25,2,0,0.000000,0
8,positive,27,26,2,0,0.000000,0
8,positive,27,27,2,0,0.000000,0
8,positive,27,28,2,0,0.000000,0
8,positive,27,29,2,0,0.000000,0
8,positive,27,30,0,0,0.000000,0
8,positive,27,31,2,0,0.000000,0
8,positive,27,32,2,0,0.000000,0
8,positive,27,33,2,0,0.000000,0
8,positive,27,34,2,0,0.000000,0
8,positive,27,35,2,0,0.000000,0
8,positive,27,36,2,0,0.000000,0
8,positive,27,37,2,0,0.000000,0
8,positive,27,38,2,0,0.000000,0
8,positive,27,39,2,0,0.000000,0
8,positive,27,40,2,0,0.000000,0
8,positive,27,41,2,0,0.000000,0
8,positive,27,42,2,0,0.000000,0
8,positive,27,43,2,0,0.000000,0
8,positive,27,44,2,0,0.000000,0
8,positive,27,45,2,0,0.000000,0
8,positive,27,46,2,0,0.000000,0
8,positive,27,47,2,0,0.000000,0
8,positive,27,48,2,0,0.000000,0
8,positive,27,49,2,0,0.000000,0
8,positive,28,0,0,0,0.000000,0
8,positive,28,1,2,0,0.000000,0
8,positive,28,2,2,0,0.000000,0
8,positive,28,3,2,0,0.000000,0
8,positive,28,4,2,0,0.000000,0
8,positive,28,5,2,0,0.000000,0
8,positive,28,6,2,0,0.000000,0
8,positive,28,7,2,0,0.000000,0
8,positive,28,8,2,0,0.000000,0
8,positive,28,9,2,0,0.000000,0
8,positive,28,10,2,0,0.000000,0
8,positive,28,11,2,0,0.000000,0
8,positive,28,12,2,0,0.000000,0
8,positive,28,13,2,0,0.000000,0
8,positive,28,14,2,0,0.000000,0
8,positive,28,15,2,0,0.000000,0
8,positive,28,16,2,0,0.000000,0
8,positive,28,17,2,0,0.000000,0
8,positive,28,18,2,0,0.000000,0
8,positive,28,19,2,0,0.000000,0
8,positive,28,20,2,0,0.000000,0
8,positive,28,21,2,0,0.000000,0
8,positive,28,22,2,0,0.000000,0
8,positive,28,23,2,0,0.000000,0
8,positive,28,24,0,0,0.000000,0
8,positive,28,25,2,0,0.000000,0
8,positive,28,26,0,0,0.000000,0
8,positive,28,27,0,0,0.000000,0
8,positive,28,28,0,0,0.000000,0
8,positive,28,29,2,0,0.000000,0
8,positive,28,30,2,0,0.000000,0
8,positive,28,31,2,0,0.000000,0
8,positive,28,32,2,0,0.000000,0
8,positive,28,33,2,0,0.000000,0
8,positive,28,34,2,0,0.000000,0
8,positive,28,35,2,0,0.000000,0
8,positive,28,36,2,0,0.000000,0
8,positive,28,37,2,0,0.000000,0
8,positive,28,38,2,0,0.000000,0
8,positive,28,39,2,0,0.000000,0
8,positive,28,40,2,0,0.000000,0
8,positive,28,41,2,0,0.000000,0
8,positive,28,42,2,0,0.000000,0
8,positive,28,43,2,0,0.000000,0
8,positive,28,44,2,0,0.000000,0
8,positive,28,45,2,0,0.000000,0
8,positive,28,46,2,0,0.000000,0
8,positive,28,47,2,0,0.000000,0
8,positive,28,48,2,0,0.000000,0
8,positive,28,49,2,0,0.000000,0
8,positive,29,0,2,0,0.000000,0
8,positive,29,1,2,0,0.000000,0
8,positive,29,2,2,0,0.000000,0
8,positive,29,3,0,0,0.000000,0
8,positive,29,4,2,0,0.000000,0
8,positive,29,5,2,0,0.000000,0
8,positive,29,6,2,0,0.000000,0
8,positive,29,7,2,0,0.000000,0
8,positive,29,8,2,0,0.000000,0
8,positive,29,9,2,0,0.000000,0
8,positive,29,10,2,0,0.000000,0
8,positive,29,11,2,0,0.000000,0
8,positive,29,12,2,0,0.000000,0
8,positive,29,13,2,0,0.000000,0
8,positive,29,14,2,0,0.000000,0
8,positive,29,15,2,0,0.000000,0
8,positive,29,16,2,0,0.000000,0
8,positive,29,17,2,0,0.000000,0
8,positive,29,18,2,0,0.000000,0
8,positive,29,19,0,0,0.000000,0
8,positive,29,20,2,0,0.000000,0
8,positive,29,21,2,0,0.000000,0
8,positive,29,22,2,0,0.000000,0
8,positive,29,23,2,0,0.000000,0
8,positive,29,24,2,0,0.000000,0
8,positive,29,25,2,0,0.000000,0
8,positive,29,26,2,0,0.000000,0
8,positive,29,27,2,0,0.000000,0
8,positive,29,28,2,0,0.000000,0
8,positive,29,29,2,0,0.000000,0
8,positive,29,30,2,0,0.000000,0
8,positive,29,31,2,0,0.000000,0
8,positive,29,32,2,0,0.000000,0
8,positive,29,33,2,0,0.000000,0
8,positive,29,34,2,0,0.000000,0
8,positive,29,35,2,0,0.000000,0
8,positive,29,36,2,0,0.000000,0
8,positive,29,37,2,0,0.000000,0
8,positive,29,38,2,0,0.000000,0
8,positive,29,39,2,0,0.000000,0
8,positive,29,40,2,0,0.000000,0
8,positive,29,41,2,0,0.000000,0
8,positive,29,42,2,0,0.000000,0
8,positive,29,43,2,0,0.000000,0
8,positive,29,44,2,0,0.000000,0
8,positive,29,45,2,0,0.000000,0
8,positive,29,46,2,0,0.000000,0
8,positive,29,47,2,0,0.000000,0
8,positive,29,48,2,0,0.000000,0
8,positive,29,49,2,0,0.000000,0
8,positive,30,0,2,0,0.000000,0
8,positive,30,1,2,0,0.000000,0
8,positive,30,2,2,0,0.000000,0
8,positive,30,3,2,0,0.000000,0
8,positive,30,4,0,0,0.000000,0
8,positive,30,5,2,0,0.000000,0
8,positive,30,6,2,0,0.000000,0
8,positive,30,7,2,0,0.000000,0
8,positive,30,8,2,0,0.000000,0
8,positive,30,9,2,0,0.000000,0
8,positive,30,10,2,0,0.000000,0
8,positive,30,11,2,0,0.000000,0
8,positive,30,12,0,0,0.000000,0
8,positive,30,13,2,0,0.000000,0
8,positive,30,14,2,0,0.000000,0
8,positive,30,15,2,0,0.000000,0
8,positive,30,16,2,0,0.000000,0
8,positive,30,17,2,0,0.000000,0
8,positive,30,18,2,0,0.000000,0
8,positive,30,19,2,0,0.000000,0
8,positive,30,20,2,0,0.000000,0
8,positive,30,21,2,0,0.000000,0
8,positive,30,22,2,0,0.000000,0
8,positive,30,23,2,0,0.000000,0
8,positive,30,24,0,0,0.000000,0
8,positive,30,25,2,0,0.000000,0
8,positive,30,26,2,0,0.000000,0
8,positive,30,27,2,0,0.000000,0
8,positive,30,28,2,0,0.000000,0
8,positive,30,29,2,0,0.000000,0
8,positive,30,30,2,0,0.000000,0
8,positive,30,31,2,0,0.000000,0
8,positive,30,32,2,0,0.000000,0
8,positive,30,33,2,0,0.000000,0
8,positive,30,34,2,0,0.000000,0
8,positive,30,35,2,0,0.000000,0
8,positive,30,36,2,0,0.000000,0
8,positive,30,37,2,0,0.000000,0
8,positive,30,38,2,0,0.000000,0
8,positive,30,39,2,0,0.000000,0
8,positive,30,40,2,0,0.000000,0
8,positive,30,41,2,0,0.000000,0
8,positive,30,42,2,0,0.000000,0
8,positive,30,43,2,0,0.000000,0
8,positive,30,44,2,0,0.000000,0
8,positive,30,45,0,0,0.000000,0
8,positive,30,46,2,0,0.000000,0
8,positive,30,47,2,0,0.000000,0
8,positive,30,48,2,0,0.000000,0
8,positive,30,49,2,0,0.000000,0
8,positive,31,0,2,0,0.000000,0
8,positive,31,1,2,0,0.000000,0
8,positive,31,2,2,0,0.000000,0
8,positive,31,3,2,0,0.000000,0
8,positive,31,4,0,0,0.000000,0
8,positive,31,5,2,0,0.000000,0
8,positive,31,6,2,0,0.000000,0
8,positive,31,7,0,0,0.000000,0
8,positive,31,8,2,0,0.000000,0
8,positive,31,9,2,0,0.000000,0
8,positive,31,10,2,0,0.000000,0
8,positive,31,11,2,0,0.000000,0
8,positive,31,12,2,0,0.000000,0
8,positive,31,13,2,0,0.000000,0
8,positive,31,14,2,0,0.000000,0
8,positive,31,15,2,0,0.000000,0
8,positive,31,16,2,0,0.000000,0
8,positive,31,17,2,0,0.000000,0
8,positive,31,18,0,0,0.000000,0
8,positive,31,19,2,0,0.000000,0
8,positive,31,20,2,0,0.000000,0
8,positive,31,21,2,0,0.000000,0
8,positive,31,22,2,0,0.000000,0
8,positive,31,23,2,0,0.000000,0
8,positive,31,24,2,0,0.000000,0
8,positive,31,25,2,0,0.000000,0
8,positive,31,26,2,0,0.000000,0
8,positive,31,27,2,0,0.000000,0
8,positive,31,28,2,0,0.000000,0
8,positive,31,29,2,0,0.000000,0
8,positive,31,30,2,0,0.000000,0
8,positive,31,31,2,0,0.000000,0
8,positive,31,32,2,0,0.000000,0
8,positive,31,33,2,0,0.000000,0
8,positive,31,34,2,0,0.000000,0
8,positive,31,35,2,0,0.000000,0
8,positive,31,36,2,0,0.000000,0
8,positive,31,37,0,0,0.000000,0
8,positive,31,38,2,0,0.000000,0
8,positive,31,39,2,0,0.000000,0
8,positive,31,40,2,0,0.000000,0
8,positive,31,41,2,0,0.000000,0
8,positive,31,42,2,0,0.000000,0
8,positive,31,43,2,0,0.000000,0
8,positive,31,44,2,0,0.000000,0
8,positive,31,45,2,0,0.000000,0
8,positive,31,46,2,0,0.000000,0
8,positive,31,47,2,0,0.000000,0
8,positive,31,48,2,0,0.000000,0
8,positive,31,49,2,0,0.000000,0
8,positive,32,0,2,0,0.000000,0
8,positive,32,1,2,0,0.000000,0
8,positive,32,2,2,0,0.000000,0
8,positive,32,3,2,0,0.000000,0
8,positive,32,4,2,0,0.000000,0
8,positive,32,5,2,0,0.000000,0
8,positive,32,6,2,0,0.000000,0
8,positive,32,7,0,0,0.000000,0
8,positive,32,8,2,0,0.000000,0
8,positive,32,9,2,0,0.000000,0
8,positive,32,10,2,0,0.000000,0
8,positive,32,11,2,0,0.000000,0
8,positive,32,12,2,0,0.000000,0
8,positive,32,13,2,0,0.000000,0
8,positive,32,14,2,0,0.000000,0
8,positive,32,15,2,0,0.000000,0
8,positive,32,16,2,0,0.000000,0
8,positive,32,17,2,0,0.000000,0
8,positive,32,18,2,0,0.000000,0
8,positive,32,19,2,0,0.000000,0
8,positive,32,20,2,0,0.000000,0
8,positive,32,21,2,0,0.000000,0
8,positive,32,22,2,0,0.000000,0
8,positive,32,23,2,0,0.000000,0
8,positive,32,24,2,0,0.000000,0
8,positive,32,25,2,0,0.000000,0
8,positive,32,26,2,0,0.000000,0
8,positive,32,27,0,0,0.000000,0
8,positive,32,28,2,0,0.000000,0
8,positive,32,29,0,0,0.000000,0
8,positive,32,30,2,0,0.000000,0
8,positive,32,31,2,0,0.000000,0
8,positive,32,32,2,0,0.000000,0
8,positive,32,33,2,0,0.000000,0
8,positive,32,34,2,0,0.000000,0
8,positive,32,35,2,0,0.000000,0
8,positive,32,36,2,0,0.000000,0
8,positive,32,37,2,0,0.000000,0
8,positive,32,38,2,0,0.000000,0
8,positive,32,39,2,0,0.000000,0
8,positive,32,40,2,0,0.000000,0
8,positive,32,41,0,0,0.000000,0
8,positive,32,42,0,0,0.000000,0
8,positive,32,43,2,0,0.000000,0
8,positive,32,44,2,0,0.000000,0
8,positive,32,45,2,0,0.000000,0
8,positive,32,46,2,0,0.000000,0
8,positive,32,47,2,0,0.000000,0
8,positive,32,48,2,0,0.000000,0
8,positive,32,49,2,0,0.000000,0
8,positive,33,0,2,0,0.000000,0
8,positive,33,1,2,0,0.000000,0
8,positive,33,2,2,0,0.000000,0
8,positive,33,3,2,0,0.000000,0
8,positive,33,4,2,0,0.000000,0
8,positive,33,5,2,0,0.000000,0
8,positive,33,6,2,0,0.000000,0
8,positive,33,7,2,0,0.000000,0
8,positive,33,8,2,0,0.000000,0
8,positive,33,9,2,0,0.000000,0
8,positive,33,10,2,0,0.000000,0
8,positive,33,11,2,0,0.000000,0
8,positive,33,12,2,0,0.000000,0
8,positive,33,13,0,0,0.000000,0
8,positive,33,14,2,0,0.000000,0
8,positive,33,15,2,0,0.000000,0
8,positive,33,16,2,0,0.000000,0
8,positive,33,17,2,0,0.000000,0
8,positive,33,18,2,0,0.000000,0
8,positive,33,19,2,0,0.000000,0
8,positive,33,20,2,0,0.000000,0
8,positive,33,21,2,0,0.000000,0
8,positive,33,22,2,0,0.000000,0
8,positive,33,23,2,0,0.000000,0
8,positive,33,24,2,0,0.000000,0
8,positive,33,25,0,0,0.000000,0
8,positive,33,26,2,0,0.000000,0
8,positive,33,27,2,0,0.000000,0
8,positive,33,28,2,0,0.000000,0
8,positive,33,29,2,0,0.000000,0
8,positive,33,30,2,0,0.000000,0
8,positive,33,31,2,0,0.000000,0
8,positive,33,32,2,0,0.000000,0
8,positive,33,33,2,0,0.000000,0
8,positive,33,34,2,0,0.000000,0
8,positive,33,35,2,0,0.000000,0
8,positive,33,36,2,0,0.000000,0
8,positive,33,37,2,0,0.000000,0
8,positive,33,38,2,0,0.000000,0
8,positive,33,39,2,0,0.000000,0
8,positive,33,40,2,0,0.000000,0
8,positive,33,41,2,0,0.000000,0
8,positive,33,42,2,0,0.000000,0
8,positive,33,43,2,0,0.000000,0
8,positive,33,44,2,0,0.000000,0
8,positive,33,45,2,0,0.000000,0
8,positive,33,46,2,0,0.000000,0
8,positive,33,47,2,0,0.000000,0
8,positive,33,48,0,0,0.000000,0
8,positive,33,49,2,0,0.000000,0
8,positive,34,0,0,0,0.000000,0
8,positive,34,1,2,0,0.000000,0
8,positive,34,2,2,0,0.000000,0
8,positive,34,3,2,0,0.000000,0
8,positive,34,4,2,0,0.000000,0
8,positive,34,5,2,0,0.000000,0
8,positive,34,6,2,0,0.000000,0
8,positive,34,7,0,0,0.000000,0
8,positive,34,8,2,0,0.000000,0
8,positive,34,9,2,0,0.000000,0
8,positive,34,10,2,0,0.000000,0
8,positive,34,11,2,0,0.000000,0
8,positive,34,12,2,0,0.000000,0
8,positive,34,13,2,0,0.000000,0
8,positive,34,14,0,0,0.000000,0
8,positive,34,15,2,0,0.000000,0
8,positive,34,16,2,0,0.000000,0
8,positive,34,17,2,1,1.000000,1
8,positive,34,18,2,0,0.000000,0
8,positive,34,19,2,0,0.000000,0
8,positive,34,20,2,0,0.000000,0
8,positive,34,21,2,0,0.000000,0
8,positive,34,22,2,0,0.000000,0
8,positive,34,23,0,0,0.000000,0
8,positive,34,24,2,0,0.000000,0
8,positive,34,25,2,0,0.000000,0
8,positive,34,26,2,0,0.000000,0
8,positive,34,27,2,0,0.000000,0
8,positive,34,28,2,0,0.000000,0
8,positive,34,29,2,0,0.000000,0
8,positive,34,30,2,0,0.000000,0
8,positive,34,31,2,0,0.000000,0
8,positive,34,32,2,0,0.000000,0
8,positive,34,33,2,0,0.000000,0
8,positive,34,34,2,0,0.000000,0
8,positive,34,35,2,0,0.000000,0
8,positive,34,36,2,0,0.000000,0
8,positive,34,37,0,0,0.000000,0
8,positive,34,38,2,0,0.000000,0
8,positive,34,39,2,0,0.000000,0
8,positive,34,40,2,0,0.000000,0
8,positive,34,41,2,0,0.000000,0
8,positive,34,42,2,0,0.000000,0
8,positive,34,43,2,0,0.000000,0
8,positive,34,44,2,0,0.000000,0
8,positive,34,45,2,0,0.000000,0
8,positive,34,46,2,0,0.000000,0
8,positive,34,47,2,0,0.000000,0
8,positive,34,48,2,0,0.000000,0
8,positive,34,49,2,0,0.000000,0
8,positive,35,0,2,0,0.000000,0
8,positive,35,1,2,0,0.000000,0
8,positive,35,2,2,0,0.000000,0
8,positive,35,3,2,0,0.000000,0
8,positive,35,4,2,0,0.000000,0
8,positive,35,5,2,0,0.000000,0
8,positive,35,6,2,0,0.000000,0
8,positive,35,7,2,0,0.000000,0
8,positive,35,8,2,0,0.000000,0
8,positive,35,9,2,0,0.000000,0
8,positive,35,10,2,0,0.000000,0
8,positive,35,11,2,0,0.000000,0
8,positive,35,12,2,0,0.000000,0
8,positive,35,13,2,0,0.000000,0
8,positive,35,14,2,0,0.000000,0
8,positive,35,15,2,0,0.000000,0
8,positive,35,16,2,0,0.000000,0
8,positive,35,17,2,1,1.000000,1
8,positive,35,18,2,0,0.000000,0
8,positive,35,19,2,0,0.000000,0
8,positive,35,20,2,0,0.000000,0
8,positive,35,21,2,0,0.000000,0
8,positive,35,22,2,0,0.000000,0
8,positive,35,23,2,0,0.000000,0
8,positive,35,24,2,0,0.000000,0
8,positive,35,25,0,0,0.000000,0
8,positive,35,26,2,0,0.000000,0
8,positive,35,27,2,0,0.000000,0
8,positive,35,28,2,0,0.000000,0
8,positive,35,29,2,0,0.000000,0
8,positive,35,30,2,0,0.000000,0
8,positive,35,31,2,0,0.000000,0
8,positive,35,32,2,0,0.000000,0
8,positive,35,33,2,0,0.000000,0
8,positive,35,34,2,0,0.000000,0
8,positive,35,35,2,0,0.000000,0
8,positive,35,36,2,0,0.000000,0
8,positive,35,37,2,0,0.000000,0
8,positive,35,38,0,0,0.000000,0
8,positive,35,39,2,0,0.000000,0
8,positive,35,40,2,0,0.000000,0
8,positive,35,41,2,0,0.000000,0
8,positive,35,42,0,0,0.000000,0
8,positive,35,43,0,0,0.000000,0
8,positive,35,44,2,0,0.000000,0
8,positive,35,45,2,0,0.000000,0
8,positive,35,46,2,0,0.000000,0
8,positive,35,47,2,0,0.000000,0
8,positive,35,48,2,0,0.000000,0
8,positive,35,49,2,0,0.000000,0
8,positive,36,0,2,0,0.000000,0
8,positive,36,1,2,0,0.000000,0
8,positive,36,2,0,0,0.000000,0
8,positive,36,3,0,0,0.000000,0
8,positive,36,4,2,0,0.000000,0
8,positive,36,5,2,0,0.000000,0
8,positive,36,6,2,0,0.000000,0
8,positive,36,7,2,0,0.000000,0
8,positive,36,8,2,0,0.000000,0
8,positive,36,9,2,0,0.000000,0
8,positive,36,10,2,0,0.000000,0
8,positive,36,11,0,0,0.000000,0
8,positive,36,12,2,0,0.000000,0
8,positive,36,13,2,0,0.000000,0
8,positive,36,14,0,0,0.000000,0
8,positive,36,15,0,0,0.000000,0
8,positive,36,16,2,0,0.000000,0
8,positive,36,17,2,1,1.000000,1
8,positive,36,18,2,0,0.000000,0
8,positive,36,19,2,0,0.000000,0
8,positive,36,20,2,0,0.000000,0
8,positive,36,21,2,0,0.000000,0
8,positive,36,22,2,0,0.000000,0
8,positive,36,23,2,0,0.000000,0
8,positive,36,24,2,0,0.000000,0
8,positive,36,25,2,0,0.000000,0
8,positive,36,26,2,0,0.000000,0
8,positive,36,27,2,0,0.000000,0
8,positive,36,28,2,0,0.000000,0
8,positive,36,29,2,0,0.000000,0
8,positive,36,30,2,0,0.000000,0
8,positive,36,31,2,0,0.000000,0
8,positive,36,32,0,0,0.000000,0
8,positive,36,33,2,0,0.000000,0
8,positive,36,34,2,0,0.000000,0
8,positive,36,35,2,0,0.000000,0
8,positive,36,36,2,0,0.000000,0
8,positive,36,37,2,0,0.000000,0
8,positive,36,38,2,0,0.000000,0
8,positive,36,39,2,0,0.000000,0
8,positive,36,40,2,0,0.000000,0
8,positive,36,41,2,0,0.000000,0
8,positive,36,42,2,0,0.000000,0
8,positive,36,43,2,0,0.000000,0
8,positive,36,44,0,0,0.000000,0
8,positive,36,45,2,0,0.000000,0
8,positive,36,46,2,0,0.000000,0
8,positive,36,47,2,0,0.000000,0
8,positive,36,48,2,0,0.000000,0
8,positive,36,49,2,0,0.000000,0
8,positive,37,0,2,0,0.000000,0
8,positive,37,1,2,0,0.000000,0
8,positive,37,2,2,0,0.000000,0
8,positive,37,3,2,0,0.000000,0
8,positive,37,4,2,0,0.000000,0
8,positive,37,5,2,0,0.000000,0
8,positive,37,6,2,0,0.000000,0
8,positive,37,7,2,0,0.000000,0
8,positive,37,8,2,0,0.000000,0
8,positive,37,9,2,0,0.000000,0
8,positive,37,10,2,0,0.000000,0
8,positive,37,11,2,0,0.000000,0
8,positive,37,12,2,0,0.000000,0
8,positive,37,13,2,0,0.000000,0
8,positive,37,14,2,0,0.000000,0
8,positive,37,15,2,0,0.000000,0
8,positive,37,16,2,0,0.000000,0
8,positive,37,17,2,1,1.000000,1
8,positive,37,18,2,0,0.000000,0
8,positive,37,19,2,0,0.000000,0
8,positive,37,20,2,0,0.000000,0
8,positive,37,21,2,0,0.000000,0
8,positive,37,22,0,0,0.000000,0
8,positive,37,23,2,0,0.000000,0
8,positive,37,24,2,0,0.000000,0
8,positive,37,25,2,0,0.000000,0
8,positive,37,26,2,0,0.000000,0
8,positive,37,27,2,0,0.000000,0
8,positive,37,28,2,0,0.000000,0
8,positive,37,29,2,0,0.000000,0
8,positive,37,30,2,0,0.000000,0
8,positive,37,31,2,0,0.000000,0
8,positive,37,32,2,0,0.000000,0
8,positive,37,33,2,0,0.000000,0
8,positive,37,34,2,0,0.000000,0
8,positive,37,35,2,0,0.000000,0
8,positive,37,36,2,0,0.000000,0
8,positive,37,37,2,0,0.000000,0
8,positive,37,38,2,0,0.000000,0
8,positive,37,39,0,0,0.000000,0
8,positive,37,40,2,0,0.000000,0
8,positive,37,41,2,0,0.000000,0
8,positive,37,42,2,0,0.000000,0
8,positive,37,43,2,0,0.000000,0
8,positive,37,44,2,0,0.000000,0
8,positive,37,45,2,0,0.000000,0
8,positive,37,46,2,0,0.000000,0
8,positive,37,47,2,0,0.000000,0
8,positive,37,48,2,0,0.000000,0
8,positive,37,49,2,0,0.000000,0
8,positive,38,0,2,0,0.000000,0
8,positive,38,1,2,0,0.000000,0
8,positive,38,2,2,0,0.000000,0
8,positive,38,3,2,0,0.000000,0
8,positive,38,4,2,0,0.000000,0
8,positive,38,5,2,0,0.000000,0
8,positive,38,6,2,0,0.000000,0
8,positive,38,7,2,0,0.000000,0
8,positive,38,8,2,0,0.000000,0
8,positive,38,9,2,0,0.000000,0
8,positive,38,10,2,0,0.000000,0
8,positive,38,11,2,0,0.000000,0
8,positive,38,12,2,0,0.000000,0
8,positive,38,13,2,0,0.000000,0
8,positive,38,14,2,0,0.000000,0
8,positive,38,15,2,0,0.000000,0
8,positive,38,16,2,0,0.000000,0
8,positive,38,17,2,1,1.000000,1
8,positive,38,18,0,0,0.000000,0
8,positive,38,19,2,0,0.000000,0
8,positive,38,20,2,0,0.000000,0
8,positive,38,21,2,0,0.000000,0
8,positive,38,22,2,0,0.000000,0
8,positive,38,23,2,0,0.000000,0
8,positive,38,24,2,0,0.000000,0
8,positive,38,25,2,0,0.000000,0
8,positive,38,26,0,0,0.000000,0
8,positive,38,27,2,0,0.000000,0
8,positive,38,28,2,0,0.000000,0
8,positive,38,29,2,0,0.000000,0
8,positive,38,30,0,0,0.000000,0
8,positive,38,31,2,0,0.000000,0
8,positive,38,32,2,0,0.000000,0
8,positive,38,33,0,0,0.000000,0
8,positive,38,34,2,0,0.000000,0
8,positive,38,35,2,0,0.000000,0
8,positive,38,36,2,0,0.000000,0
8,positive,38,37,2,0,0.000000,0
8,positive,38,38,2,0,0.000000,0
8,positive,38,39,2,0,0.000000,0
8,positive,38,40,2,0,0.000000,0
8,positive,38,41,0,0,0.000000,0
8,positive,38,42,2,0,0.000000,0
8,positive,38,43,2,0,0.000000,0
8,positive,38,44,2,0,0.000000,0
8,positive,38,45,2,0,0.000000,0
8,positive,38,46,2,0,0.000000,0
8,positive,38,47,2,0,0.000000,0
8,positive,38,48,2,0,0.000000,0
8,positive,38,49,2,0,0.000000,0
8,positive,39,0,0,0,0.000000,0
8,positive,39,1,2,0,0.000000,0
8,positive,39,2,2,0,0.000000,0
8,positive,39,3,2,0,0.000000,0
8,positive,39,4,0,0,0.000000,0
8,positive,39,5,2,0,0.000000,0
8,positive,39,6,2,0,0.000000,0
8,positive,39,7,2,0,0.000000,0
8,positive,39,8,2,0,0.000000,0
8,positive,39,9,2,0,0.000000,0
8,positive,39,10,2,0,0.000000,0
8,positive,39,11,2,0,0.000000,0
8,positive,39,12,2,0,0.000000,0
8,positive,39,13,2,0,0.000000,0
8,positive,39,14,2,0,0.000000,0
8,positive,39,15,2,0,0.000000,0
8,positive,39,16,2,0,0.000000,0
8,positive,39,17,2,1,1.000000,1
8,positive,39,18,2,0,0.000000,0
8,positive,39,19,2,0,0.000000,0
8,positive,39,20,2,0,0.000000,0
8,positive,39,21,2,0,0.000000,0
8,positive,39,22,2,1,1.000000,1
8,positive,39,23,2,1,1.000000,1
8,positive,39,24,2,1,1.000000,1
8,positive,39,25,2,1,1.000000,1
8,positive,39,26,2,1,1.000000,1
8,positive,39,27,2,1,1.000000,1
8,positive,39,28,2,1,1.000000,1
8,positive,39,29,2,0,0.000000,0
8,positive,39,30,2,0,0.000000,0
8,positive,39,31,2,0,0.000000,0
8,positive,39,32,2,0,0.000000,0
8,positive,39,33,2,0,0.000000,0
8,positive,39,34,2,0,0.000000,0
8,positive,39,35,2,0,0.000000,0
8,positive,39,36,2,0,0.000000,0
8,positive,39,37,2,0,0.000000,0
8,positive,39,38,2,0,0.000000,0
8,positive,39,39,2,0,0.000000,0
8,positive,39,40,2,0,0.000000,0
8,positive,39,41,2,0,0.000000,0
8,positive,39,42,2,0,0.000000,0
8,positive,39,43,2,0,0.000000,0
8,positive,39,44,2,0,0.000000,0
8,positive,39,45,2,0,0.000000,0
8,positive,39,46,2,0,0.000000,0
8,positive,39,47,2,0,0.000000,0
8,positive,39,48,2,0,0.000000,0
8,positive,39,49,2,0,0.000000,0
8,positive,40,0,2,0,0.000000,0
8,positive,40,1,2,0,0.000000,0
8,positive,40,2,2,0,0.000000,0
8,positive,40,3,2,0,0.000000,0
8,positive,40,4,2,0,0.000000,0
8,positive,40,5,2,0,0.000000,0
8,positive,40,6,2,0,0.000000,0
8,positive,40,7,2,0,0.000000,0
8,positive,40,8,2,0,0.000000,0
8,positive,40,9,0,0,0.000000,0
8,positive,40,10,2,0,0.000000,0
8,positive,40,11,2,0,0.000000,0
8,positive,40,12,2,0,0.000000,0
8,positive,40,13,2,0,0.000000,0
8,positive,40,14,0,0,0.000000,0
8,positive,40,15,2,0,0.000000,0
8,positive,40,16,2,0,0.000000,0
8,positive,40,17,2,1,1.000000,1
8,positive,40,18,2,0,0.000000,0
8,positive,40,19,2,0,0.000000,0
8,positive,40,20,2,0,0.000000,0
8,positive,40,21,2,0,0.000000,0
8,positive,40,22,2,0,0.000000,0
8,positive,40,23,2,0,0.000000,0
8,positive,40,24,0,0,0.000000,0
8,positive,40,25,2,0,0.000000,0
8,positive,40,26,2,0,0.000000,0
8,positive,40,27,2,0,0.000000,0
8,positive,40,28,2,0,0.000000,0
8,positive,40,29,2,0,0.000000,0
8,positive,40,30,2,0,0.000000,0
8,positive,40,31,2,0,0.000000,0
8,positive,40,32,2,0,0.000000,0
8,positive,40,33,2,0,0.000000,0
8,positive,40,34,2,0,0.000000,0
8,positive,40,35,2,0,0.000000,0
8,positive,40,36,0,0,0.000000,0
8,positive,40,37,0,0,0.000000,0
8,positive,40,38,2,0,0.000000,0
8,positive,40,39,2,0,0.000000,0
8,positive,40,40,2,0,0.000000,0
8,positive,40,41,2,0,0.000000,0
8,positive,40,42,2,0,0.000000,0
8,positive,40,43,2,0,0.000000,0
8,positive,40,44,2,0,0.000000,0
8,positive,40,45,2,0,0.000000,0
8,positive,40,46,2,0,0.000000,0
8,positive,40,47,0,0,0.000000,0
8,positive,40,48,2,0,0.000000,0
8,positive,40,49,2,0,0.000000,0
8,positive,41,0,2,0,0.000000,0
8,positive,41,1,2,0,0.000000,0
8,positive,41,2,2,0,0.000000,0
8,positive,41,3,2,0,0.000000,0
8,positive,41,4,2,0,0.000000,0
8,positive,41,5,2,0,0.000000,0
8,positive,41,6,2,0,0.000000,0
8,positive,41,7,2,0,0.000000,0
8,positive,41,8,2,0,0.000000,0
8,positive,41,9,2,0,0.000000,0
8,positive,41,10,2,0,0.000000,0
8,positive,41,11,2,0,0.000000,0
8,positive,41,12,2,0,0.000000,0
8,positive,41,13,2,0,0.000000,0
8,positive,41,14,2,0,0.000000,0
8,positive,41,15,2,0,0.000000,0
8,positive,41,16,2,0,0.000000,0
8,positive,41,17,2,1,1.000000,1
8,positive,41,18,2,0,0.000000,0
8,positive,41,19,0,0,0.000000,0
8,positive,41,20,2,0,0.000000,0
8,positive,41,21,2,0,0.000000,0
8,positive,41,22,2,0,0.000000,0
8,positive,41,23,2,0,0.000000,0
8,positive,41,24,2,0,0.000000,0
8,positive,41,25,2,0,0.000000,0
8,positive,41,26,2,0,0.000000,0
8,positive,41,27,2,0,0.000000,0
8,positive,41,28,2,0,0.000000,0
8,positive,41,29,2,0,0.000000,0
8,positive,41,30,2,0,0.000000,0
8,positive,41,31,2,0,0.000000,0
8,positive,41,32,2,0,0.000000,0
8,positive,41,33,2,0,0.000000,0
8,positive,41,34,2,0,0.000000,0
8,positive,41,35,2,0,0.000000,0
8,positive,41,36,2,0,0.000000,0
8,positive,41,37,2,0,0.000000,0
8,positive,41,38,2,0,0.000000,0
8,positive,41,39,2,0,0.000000,0
8,positive,41,40,2,0,0.000000,0
8,positive,41,41,2,0,0.000000,0
8,positive,41,42,2,0,0.000000,0
8,positive,41,43,2,0,0.000000,0
8,positive,41,44,2,0,0.000000,0
8,positive,41,45,2,0,0.000000,0
8,positive,41,46,0,0,0.000000,0
8,positive,41,47,2,0,0.000000,0
8,positive,41,48,2,0,0.000000,0
8,positive,41,49,2,0,0.000000,0
8,positive,42,0,2,0,0.000000,0
8,positive,42,1,2,0,0.000000,0
8,positive,42,2,2,0,0.000000,0
8,positive,42,3,2,0,0.000000,0
8,positive,42,4,2,0,0.000000,0
8,positive,42,5,2,0,0.000000,0
8,positive,42,6,2,0,0.000000,0
8,positive,42,7,2,0,0.000000,0
8,positive,42,8,2,0,0.000000,0
8,positive,42,9,2,0,0.000000,0
8,positive,42,10,2,0,0.000000,0
8,positive,42,11,2,0,0.000000,0
8,positive,42,12,2,0,0.000000,0
8,positive,42,13,2,0,0.000000,0
8,positive,42,14,2,0,0.000000,0
8,positive,42,15,2,0,0.000000,0
8,positive,42,16,2,0,0.000000,0
8,positive,42,17,2,0,0.000000,0
8,positive,42,18,2,0,0.000000,0
8,positive,42,19,2,0,0.000000,0
8,positive,42,20,2,0,0.000000,0
8,positive,42,21,2,0,0.000000,0
8,positive,42,22,0,0,0.000000,0
8,positive,42,23,2,0,0.000000,0
8,positive,42,24,2,0,0.000000,0
8,positive,42,25,2,0,0.000000,0
8,positive,42,26,2,0,0.000000,0
8,positive,42,27,2,0,0.000000,0
8,positive,42,28,2,0,0.000000,0
8,positive,42,29,0,0,0.000000,0
8,positive,42,30,2,0,0.000000,0
8,positive,42,31,2,0,0.000000,0
8,positive,42,32,0,0,0.000000,0
8,positive,42,33,2,0,0.000000,0
8,positive,42,34,2,0,0.000000,0
8,positive,42,35,0,0,0.000000,0
8,positive,42,36,2,0,0.000000,0
8,positive,42,37,2,0,0.000000,0
8,positive,42,38,2,0,0.000000,0
8,positive,42,39,2,0,0.000000,0
8,positive,42,40,2,0,0.000000,0
8,positive,42,41,2,0,0.000000,0
8,positive,42,42,0,0,0.000000,0
8,positive,42,43,2,0,0.000000,0
8,positive,42,44,2,0,0.000000,0
8,positive,42,45,2,0,0.000000,0
8,positive,42,46,0,0,0.000000,0
8,positive,42,47,2,0,0.000000,0
8,positive,42,48,2,0,0.000000,0
8,positive,42,49,2,0,0.000000,0
8,positive,43,0,2,0,0.000000,0
8,positive,43,1,2,0,0.000000,0
8,positive,43,2,2,0,0.000000,0
8,positive,43,3,2,0,0.000000,0
8,positive,43,4,2,0,0.000000,0
8,positive,43,5,0,0,0.000000,0
8,positive,43,6,2,0,0.000000,0
8,positive,43,7,2,0,0.000000,0
8,positive,43,8,2,0,0.000000,0
8,positive,43,9,2,0,0.000000,0
8,positive,43,10,2,0,0.000000,0
8,positive,43,11,2,0,0.000000,0
8,positive,43,12,2,0,0.000000,0
8,positive,43,13,2,0,0.000000,0
8,positive,43,14,2,0,0.000000,0
8,positive,43,15,2,0,0.000000,0
8,positive,43,16,0,0,0.000000,0
8,positive,43,17,2,0,0.000000,0
8,positive,43,18,2,0,0.000000,0
8,positive,43,19,2,0,0.000000,0
8,positive,43,20,2,0,0.000000,0
8,positive,43,21,2,0,0.000000,0
8,positive,43,22,2,0,0.000000,0
8,positive,43,23,2,0,0.000000,0
8,positive,43,24,2,0,0.000000,0
8,positive,43,25,2,0,0.000000,0
8,positive,43,26,0,0,0.000000,0
8,positive,43,27,2,0,0.000000,0
8,positive,43,28,2,0,0.000000,0
8,positive,43,29,2,0,0.000000,0
8,positive,43,30,2,0,0.000000,0
8,positive,43,31,2,0,0.000000,0
8,positive,43,32,2,1,1.000000,1
8,positive,43,33,2,1,1.000000,1
8,positive,43,34,2,1,1.000000,1
8,positive,43,35,2,1,1.000000,1
8,positive,43,36,2,1,1.000000,1
8,positive,43,37,2,1,1.000000,1
8,positive,43,38,2,0,0.000000,0
8,positive,43,39,2,0,0.000000,0
8,positive,43,40,2,0,0.000000,0
8,positive,43,41,2,0,0.000000,0
8,positive,43,42,2,0,0.000000,0
8,positive,43,43,2,0,0.000000,0
8,positive,43,44,0,0,0.000000,0
8,positive,43,45,2,0,0.000000,0
8,positive,43,46,2,0,0.000000,0
8,positive,43,47,2,0,0.000000,0
8,positive,43,48,2,0,0.000000,0
8,positive,43,49,2,0,0.000000,0
8,positive,44,0,2,0,0.000000,0
8,positive,44,1,2,0,0.000000,0
8,positive,44,2,2,0,0.000000,0
8,positive,44,3,2,0,0.000000,0
8,positive,44,4,0,0,0.000000,0
8,positive,44,5,0,0,0.000000,0
8,positive,44,6,2,0,0.000000,0
8,positive,44,7,2,0,0.000000,0
8,positive,44,8,2,0,0.000000,0
8,positive,44,9,2,0,0.000000,0
8,positive,44,10,2,0,0.000000,0
8,positive,44,11,2,0,0.000000,0
8,positive,44,12,2,0,0.000000,0
8,positive,44,13,2,0,0.000000,0
8,positive,44,14,2,0,0.000000,0
8,positive,44,15,2,0,0.000000,0
8,positive,44,16,2,0,0.000000,0
8,positive,44,17,2,0,0.000000,0
8,positive,44,18,2,0,0.000000,0
8,positive,44,19,2,0,0.000000,0
8,positive,44,20,2,0,0.000000,0
8,positive,44,21,2,0,0.000000,0
8,positive,44,22,0,0,0.000000,0
8,positive,44,23,2,0,0.000000,0
8,positive,44,24,2,0,0.000000,0
8,positive,44,25,2,0,0.000000,0
8,positive,44,26,2,0,0.000000,0
8,positive,44,27,0,0,0.000000,0
8,positive,44,28,2,0,0.000000,0
8,positive,44,29,2,0,0.000000,0
8,positive,44,30,2,0,0.000000,0
8,positive,44,31,2,0,0.000000,0
8,positive,44,32,2,0,0.000000,0
8,positive,44,33,2,0,0.000000,0
8,positive,44,34,2,0,0.000000,0
8,positive,44,35,2,0,0.000000,0
8,positive,44,36,2,0,0.000000,0
8,positive,44,37,0,0,0.000000,0
8,positive,44,38,2,0,0.000000,0
8,positive,44,39,2,0,0.000000,0
8,positive,44,40,2,0,0.000000,0
8,positive,44,41,2,0,0.000000,0
8,positive,44,42,2,0,0.000000,0
8,positive,44,43,2,0,0.000000,0
8,positive,44,44,2,0,0.000000,0
8,positive,44,45,2,0,0.000000,0
8,positive,44,46,2,0,0.000000,0
8,positive,44,47,0,0,0.000000,0
8,positive,44,48,2,0,0.000000,0
8,positive,44,49,2,0,0.000000,0
8,positive,45,0,2,0,0.000000,0
8,positive,45,1,2,0,0.000000,0
8,positive,45,2,2,0,0.000000,0
8,positive,45,3,2,0,0.000000,0
8,positive,45,4,0,0,0.000000,0
8,positive,45,5,2,0,0.000000,0
8,positive,45,6,2,0,0.000000,0
8,positive,45,7,2,0,0.000000,0
8,positive,45,8,0,0,0.000000,0
8,positive,45,9,2,0,0.000000,0
8,positive,45,10,2,0,0.000000,0
8,positive,45,11,2,0,0.000000,0
8,positive,45,12,2,0,0.000000,0
8,positive,45,13,2,0,0.000000,0
8,positive,45,14,2,0,0.000000,0
8,positive,45,15,2,0,0.000000,0
8,positive,45,16,2,0,0.000000,0
8,positive,45,17,2,0,0.000000,0
8,positive,45,18,2,0,0.000000,0
8,positive,45,19,0,0,0.000000,0
8,positive,45,20,2,0,0.000000,0
8,positive,45,21,2,0,0.000000,0
8,positive,45,22,0,0,0.000000,0
8,positive,45,23,2,0,0.000000,0
8,positive,45,24,2,0,0.000000,0
8,positive,45,25,2,0,0.000000,0
8,positive,45,26,2,0,0.000000,0
8,positive,45,27,2,0,0.000000,0
8,positive,45,28,2,0,0.000000,0
8,positive,45,29,2,0,0.000000,0
8,positive,45,30,2,0,0.000000,0
8,positive,45,31,2,0,0.000000,0
8,positive,45,32,2,0,0.000000,0
8,positive,45,33,2,0,0.000000,0
8,positive,45,34,2,0,0.000000,0
8,positive,45,35,2,0,0.000000,0
8,positive,45,36,2,0,0.000000,0
8,positive,45,37,2,0,0.000000,0
8,positive,45,38,2,0,0.000000,0
8,positive,45,39,2,0,0.000000,0
8,positive,45,40,2,0,0.000000,0
8,positive,45,41,2,0,0.000000,0
8,positive,45,42,2,0,0.000000,0
8,positive,45,43,0,0,0.000000,0
8,positive,45,44,2,0,0.000000,0
8,positive,45,45,2,0,0.000000,0
8,positive,45,46,0,0,0.000000,0
8,positive,45,47,2,0,0.000000,0
8,positive,45,48,2,0,0.000000,0
8,positive,45,49,2,0,0.000000,0
8,positive,46,0,2,0,0.000000,0
8,positive,46,1,2,0,0.000000,0
8,positive,46,2,2,0,0.000000,0
8,positive,46,3,2,0,0.000000,0
8,positive,46,4,2,0,0.000000,0
8,positive,46,5,2,0,0.000000,0
8,positive,46,6,2,0,0.000000,0
8,positive,46,7,2,0,0.000000,0
8,positive,46,8,2,0,0.000000,0
8,positive,46,9,2,0,0.000000,0
8,positive,46,10,2,0,0.000000,0
8,positive,46,11,2,0,0.000000,0
8,positive,46,12,2,0,0.000000,0
8,positive,46,13,0,0,0.000000,0
8,positive,46,14,0,0,0.000000,0
8,positive,46,15,2,0,0.000000,0
8,positive,46,16,2,0,0.000000,0
8,positive,46,17,2,0,0.000000,0
8,positive,46,18,2,0,0.000000,0
8,positive,46,19,2,0,0.000000,0
8,positive,46,20,2,0,0.000000,0
8,positive,46,21,2,0,0.000000,0
8,positive,46,22,2,0,0.000000,0
8,positive,46,23,0,0,0.000000,0
8,positive,46,24,2,0,0.000000,0
8,positive,46,25,2,0,0.000000,0
8,positive,46,26,2,0,0.000000,0
8,positive,46,27,2,0,0.000000,0
8,positive,46,28,2,0,0.000000,0
8,positive,46,29,2,0,0.000000,0
8,positive,46,30,2,0,0.000000,0
8,positive,46,31,2,0,0.000000,0
8,positive,46,32,2,0,0.000000,0
8,positive,46,33,2,0,0.000000,0
8,positive,46,34,2,0,0.000000,0
8,positive,46,35,2,0,0.000000,0
8,positive,46,36,2,0,0.000000,0
8,positive,46,37,2,0,0.000000,0
8,positive,46,38,2,0,0.000000,0
8,positive,46,39,2,0,0.000000,0
8,positive,46,40,2,0,0.000000,0
8,positive,46,41,2,0,0.000000,0
8,positive,46,42,2,0,0.000000,0
8,positive,46,43,2,0,0.000000,0
8,positive,46,44,0,0,0.000000,0
8,positive,46,45,2,0,0.000000,0
8,positive,46,46,2,0,0.000000,0
8,positive,46,47,2,0,0.000000,0
8,positive,46,48,2,0,0.000000,0
8,positive,46,49,2,0,0.000000,0
8,positive,47,0,2,0,0.000000,0
8,positive,47,1,2,0,0.000000,0
8,positive,47,2,2,0,0.000000,0
8,positive,47,3,2,0,0.000000,0
8,positive,47,4,2,0,0.000000,0
8,positive,47,5,0,0,0.000000,0
8,positive,47,6,2,0,0.000000,0
8,positive,47,7,0,0,0.000000,0
8,positive,47,8,0,0,0.000000,0
8,positive,47,9,2,0,0.000000,0
8,positive,47,10,2,0,0.000000,0
8,positive,47,11,2,0,0.000000,0
8,positive,47,12,2,0,0.000000,0
8,positive,47,13,2,0,0.000000,0
8,positive,47,14,2,0,0.000000,0
8,positive,47,15,2,0,0.000000,0
8,positive,47,16,2,0,0.000000,0
8,positive,47,17,2,0,0.000000,0
8,positive,47,18,2,0,0.000000,0
8,positive,47,19,2,0,0.000000,0
8,positive,47,20,2,0,0.000000,0
8,positive,47,21,2,0,0.000000,0
8,positive,47,22,2,0,0.000000,0
8,positive,47,23,2,0,0.000000,0
8,positive,47,24,2,0,0.000000,0
8,positive,47,25,2,0,0.000000,0
8,positive,47,26,2,0,0.000000,0
8,positive,47,27,2,0,0.000000,0
8,positive,47,28,2,0,0.000000,0
8,positive,47,29,0,0,0.000000,0
8,positive,47,30,2,0,0.000000,0
8,positive,47,31,2,0,0.000000,0
8,positive,47,32,2,0,0.000000,0
8,positive,47,33,2,0,0.000000,0
8,positive,47,34,2,0,0.000000,0
8,positive,47,35,2,0,0.000000,0
8,positive,47,36,2,0,0.000000,0
8,positive,47,37,2,0,0.000000,0
8,positive,47,38,2,0,0.000000,0
8,positive,47,39,2,0,0.000000,0
8,positive,47,40,2,0,0.000000,0
8,positive,47,41,0,0,0.000000,0
8,positive,47,42,0,0,0.000000,0
8,positive,47,43,2,0,0.000000,0
8,positive,47,44,2,0,0.000000,0
8,positive,47,45,0,0,0.000000,0
8,positive,47,46,2,0,0.000000,0
8,positive,47,47,2,0,0.000000,0
8,positive,47,48,2,0,0.000000,0
8,positive,47,49,2,0,0.000000,0
8,positive,48,0,2,0,0.000000,0
8,positive,48,1,2,0,0.000000,0
8,positive,48,2,2,0,0.000000,0
8,positive,48,3,2,0,0.000000,0
8,positive,48,4,2,0,0.000000,0
8,positive,48,5,2,0,0.000000,0
8,positive,48,6,2,0,0.000000,0
8,positive,48,7,2,0,0.000000,0
8,positive,48,8,2,0,0.000000,0
8,positive,48,9,2,0,0.000000,0
8,positive,48,10,2,0,0.000000,0
8,positive,48,11,2,0,0.000000,0
8,positive,48,12,2,0,0.000000,0
8,positive,48,13,2,0,0.000000,0
8,positive,48,14,2,0,0.000000,0
8,positive,48,15,2,0,0.000000,0
8,positive,48,16,2,0,0.000000,0
8,positive,48,17,2,0,0.000000,0
8,positive,48,18,2,0,0.000000,0
8,positive,48,19,2,0,0.000000,0
8,positive,48,20,2,0,0.000000,0
8,positive,48,21,2,0,0.000000,0
8,positive,48,22,2,0,0.000000,0
8,positive,48,23,2,0,0.000000,0
8,positive,48,24,2,0,0.000000,0
8,positive,48,25,0,0,0.000000,0
8,positive,48,26,2,0,0.000000,0
8,positive,48,27,2,0,0.000000,0
8,positive,48,28,2,0,0.000000,0
8,positive,48,29,2,0,0.000000,0
8,positive,48,30,2,0,0.000000,0
8,positive,48,31,2,0,0.000000,0
8,positive,48,32,2,0,0.000000,0
8,positive,48,33,2,0,0.000000,0
8,positive,48,34,0,0,0.000000,0
8,positive,48,35,2,0,0.000000,0
8,positive,48,36,2,0,0.000000,0
8,positive,48,37,2,0,0.000000,0
8,positive,48,38,0,0,0.000000,0
8,positive,48,39,2,0,0.000000,0
8,positive,48,40,0,0,0.000000,0
8,positive,48,41,0,0,0.000000,0
8,positive,48,42,2,0,0.000000,0
8,positive,48,43,2,0,0.000000,0
8,positive,48,44,2,0,0.000000,0
8,positive,48,45,2,0,0.000000,0
8,positive,48,46,2,0,0.000000,0
8,positive,48,47,2,0,0.000000,0
8,positive,48,48,2,0,0.000000,0
8,positive,48,49,2,0,0.000000,0
8,positive,49,0,2,0,0.000000,0
8,positive,49,1,2,0,0.000000,0
8,positive,49,2,2,0,0.000000,0
8,positive,49,3,2,0,0.000000,0
8,positive,49,4,2,0,0.000000,0
8,positive,49,5,2,0,0.000000,0
8,positive,49,6,2,0,0.000000,0
8,positive,49,7,2,0,0.000000,0
8,positive,49,8,2,0,0.000000,0
8,positive,49,9,0,0,0.000000,0
8,positive,49,10,2,0,0.000000,0
8,positive,49,11,2,0,0.000000,0
8,positive,49,12,0,0,0.000000,0
8,positive,49,13,2,0,0.000000,0
8,positive,49,14,2,0,0.000000,0
8,positive,49,15,2,0,0.000000,0
8,positive,49,16,2,0,0.000000,0
8,positive,49,17,2,0,0.000000,0
8,positive,49,18,2,0,0.000000,0
8,positive,49,19,2,0,0.000000,0
8,positive,49,20,2,0,0.000000,0
8,positive,49,21,2,0,0.000000,0
8,positive,49,22,2,0,0.000000,0
8,positive,49,23,2,0,0.000000,0
8,positive,49,24,0,0,0.000000,0
8,positive,49,25,2,0,0.000000,0
8,positive,49,26,2,0,0.000000,0
8,positive,49,27,2,0,0.000000,0
8,positive,49,28,2,0,0.000000,0
8,positive,49,29,2,0,0.000000,0
8,positive,49,30,2,0,0.000000,0
8,positive,49,31,2,0,0.000000,0
8,positive,49,32,2,0,0.000000,0
8,positive,49,33,2,0,0.000000,0
8,positive,49,34,2,0,0.000000,0
8,positive,49,35,2,0,0.000000,0
8,positive,49,36,2,0,0.000000,0
8,positive,49,37,2,0,0.000000,0
8,positive,49,38,2,0,0.000000,0
8,positive,49,39,2,0,0.000000,0
8,positive,49,40,2,0,0.000000,0
8,positive,49,41,2,0,0.000000,0
8,positive,49,42,2,0,0.000000,0
8,positive,49,43,2,0,0.000000,0
8,positive,49,44,2,0,0.000000,0
8,positive,49,45,2,0,0.000000,0
8,positive,49,46,2,0,0.000000,0
8,positive,49,47,2,0,0.000000,0
8,positive,49,48,2,0,0.000000,0
8,positive,49,49,2,0,0.000000,0
9,positive,0,0,0,0,0.000000,0
9,positive,0,1,2,0,0.000000,0
9,positive,0,2,0,0,0.000000,0
9,positive,0,3,2,0,0.000000,0
9,positive,0,4,2,0,0.000000,0
9,positive,0,5,2,0,0.000000,0
9,positive,0,6,2,0,0.000000,0
9,positive,0,7,2,0,0.000000,0
9,positive,0,8,2,0,0.000000,0
9,positive,0,9,2,0,0.000000,0
9,positive,0,10,2,0,0.000000,0
9,positive,0,11,2,0,0.000000,0
9,positive,0,12,2,0,0.000000,0
9,positive,0,13,2,0,0.000000,0
9,positive,0,14,2,0,0.000000,0
9,positive,0,15,0,0,0.000000,0
9,positive,0,16,2,0,0.000000,0
9,positive,0,17,2,0,0.000000,0
9,positive,0,18,2,0,0.000000,0
9,positive,0,19,2,0,0.000000,0
9,positive,0,20,2,0,0.000000,0
9,positive,0,21,2,0,0.000000,0
9,positive,0,22,2,0,0.000000,0
9,positive,0,23,2,0,0.000000,0
9,positive,0,24,2,0,0.000000,0
9,positive,0,25,2,0,0.000000,0
9,positive,0,26,0,0,0.000000,0
9,positive,0,27,0,0,0.000000,0
9,positive,0,28,2,0,0.000000,0
9,positive,0,29,2,0,0.000000,0
9,positive,0,30,2,0,0.000000,0
9,positive,0,31,2,0,0.000000,0
9,positive,0,32,0,0,0.000000,0
9,positive,0,33,2,0,0.000000,0
9,positive,0,34,2,0,0.000000,0
9,positive,0,35,2,0,0.000000,0
9,positive,0,36,2,0,0.000000,0
9,positive,0,37,2,0,0.000000,0
9,positive,0,38,2,0,0.000000,0
9,positive,0,39,2,0,0.000000,0
9,positive,0,40,2,0,0.000000,0
9,positive,0,41,2,0,0.000000,0
9,positive,0,42,2,0,0.000000,0
9,positive,0,43,0,0,0.000000,0
9,positive,0,44,2,0,0.000000,0
9,positive,0,45,2,0,0.000000,0
9,positive,0,46,2,0,0.000000,0
9,positive,0,47,0,0,0.000000,0
9,positive,0,48,2,0,0.000000,0
9,positive,0,49,2,0,0.000000,0
9,positive,1,0,2,0,0.000000,0
9,positive,1,1,2,0,0.000000,0
9,positive,1,2,2,0,0.000000,0
9,positive,1,3,2,0,0.000000,0
9,positive,1,4,2,0,0.000000,0
9,positive,1,5,2,0,0.000000,0
9,positive,1,6,2,0,0.000000,0
9,positive,1,7,2,0,0.000000,0
9,positive,1,8,2,0,0.000000,0
9,positive,1,9,2,0,0.000000,0
9,positive,1,10,2,0,0.000000,0
9,positive,1,11,2,0,0.000000,0
9,positive,1,12,2,0,0.000000,0
9,positive,1,13,2,0,0.000000,0
9,positive,1,14,2,0,0.000000,0
9,positive,1,15,2,0,0.000000,0
9,positive,1,16,2,0,0.000000,0
9,positive,1,17,2,0,0.000000,0
9,positive,1,18,2,0,0.000000,0
9,positive,1,19,2,0,0.000000,0
9,positive,1,20,2,0,0.000000,0
9,positive,1,21,2,0,0.000000,0
9,positive,1,22,2,0,0.000000,0
9,positive,1,23,0,0,0.000000,0
9,positive,1,24,2,0,0.000000,0
9,positive,1,25,0,0,0.000000,0
9,positive,1,26,2,0,0.000000,0
9,positive,1,27,2,0,0.000000,0
9,positive,1,28,2,0,0.000000,0
9,positive,1,29,2,0,0.000000,0
9,positive,1,30,2,0,0.000000,0
9,positive,1,31,2,0,0.000000,0
9,positive,1,32,2,0,0.000000,0
9,positive,1,33,2,0,0.000000,0
9,positive,1,34,2,0,0.000000,0
9,positive,1,35,2,0,0.000000,0
9,positive,1,36,2,0,0.000000,0
9,positive,1,37,2,0,0.000000,0
9,positive,1,38,2,0,0.000000,0
9,positive,1,39,2,0,0.000000,0
9,positive,1,40,2,0,0.000000,0
9,positive,1,41,0,0,0.000000,0
9,positive,1,42,2,0,0.000000,0
9,positive,1,43,2,0,0.000000,0
9,positive,1,44,2,0,0.000000,0
9,positive,1,45,2,0,0.000000,0
9,positive,1,46,2,0,0.000000,0
9,positive,1,47,2,0,0.000000,0
9,positive,1,48,2,0,0.000000,0
9,positive,1,49,2,0,0.000000,0
9,positive,2,0,2,0,0.000000,0
9,positive,2,1,0,0,0.000000,0
9,positive,2,2,2,0,0.000000,0
9,positive,2,3,2,0,0.000000,0
9,positive,2,4,2,0,0.000000,0
9,positive,2,5,2,0,0.000000,0
9,positive,2,6,2,0,0.000000,0
9,positive,2,7,2,0,0.000000,0
9,positive,2,8,2,0,0.000000,0
9,positive,2,9,2,0,0.000000,0
9,positive,2,10,0,0,0.000000,0
9,positive,2,11,2,0,0.000000,0
9,positive,2,12,2,0,0.000000,0
9,positive,2,13,2,0,0.000000,0
9,positive,2,14,2,0,0.000000,0
9,positive,2,15,2,0,0.000000,0
9,positive,2,16,2,0,0.000000,0
9,positive,2,17,2,0,0.000000,0
9,positive,2,18,0,0,0.000000,0
9,positive,2,19,0,0,0.000000,0
9,positive,2,20,2,0,0.000000,0
9,positive,2,21,2,0,0.000000,0
9,positive,2,22,2,0,0.000000,0
9,positive,2,23,2,0,0.000000,0
9,positive,2,24,2,0,0.000000,0
9,positive,2,25,2,0,0.000000,0
9,positive,2,26,2,0,0.000000,0
9,positive,2,27,2,0,0.000000,0
9,positive,2,28,2,0,0.000000,0
9,positive,2,29,2,0,0.000000,0
9,positive,2,30,2,0,0.000000,0
9,positive,2,31,0,0,0.000000,0
9,positive,2,32,2,0,0.000000,0
9,positive,2,33,2,0,0.000000,0
9,positive,2,34,2,0,0.000000,0
9,positive,2,35,2,0,0.000000,0
9,positive,2,36,2,0,0.000000,0
9,positive,2,37,2,0,0.000000,0
9,positive,2,38,2,0,0.000000,0
9,positive,2,39,2,0,0.000000,0
9,positive,2,40,2,0,0.000000,0
9,positive,2,41,2,0,0.000000,0
9,positive,2,42,2,0,0.000000,0
9,positive,2,43,2,0,0.000000,0
9,positive,2,44,2,0,0.000000,0
9,positive,2,45,2,0,0.000000,0
9,positive,2,46,2,0,0.000000,0
9,positive,2,47,2,0,0.000000,0
9,positive,2,48,2,0,0.000000,0
9,positive,2,49,2,0,0.000000,0
9,positive,3,0,0,0,0.000000,0
9,positive,3,1,0,0,0.000000,0
9,positive,3,2,2,0,0.000000,0
9,positive,3,3,2,0,0.000000,0
9,positive,3,4,2,0,0.000000,0
9,positive,3,5,2,0,0.000000,0
9,positive,3,6,2,0,0.000000,0
9,positive,3,7,2,0,0.000000,0
9,positive,3,8,2,0,0.000000,0
9,positive,3,9,2,0,0.000000,0
9,positive,3,10,2,0,0.000000,0
9,positive,3,11,2,0,0.000000,0
9,positive,3,12,2,0,0.000000,0
9,positive,3,13,0,0,0.000000,0
9,positive,3,14,2,0,0.000000,0
9,positive,3,15,2,0,0.000000,0
9,positive,3,16,2,0,0.000000,0
9,positive,3,17,2,0,0.000000,0
9,positive,3,18,2,0,0.000000,0
9,positive,3,19,2,0,0.000000,0
9,positive,3,20,0,0,0.000000,0
9,positive,3,21,2,0,0.000000,0
9,positive,3,22,2,0,0.000000,0
9,positive,3,23,2,0,0.000000,0
9,positive,3,24,2,0,0.000000,0
9,positive,3,25,2,0,0.000000,0
9,positive,3,26,2,0,0.000000,0
9,positive,3,27,2,0,0.000000,0
9,positive,3,28,0,0,0.000000,0
9,positive,3,29,2,0,0.000000,0
9,positive,3,30,2,0,0.000000,0
9,positive,3,31,2,0,0.000000,0
9,positive,3,32,2,0,0.000000,0
9,positive,3,33,2,0,0.000000,0
9,positive,3,34,2,0,0.000000,0
9,positive,3,35,0,0,0.000000,0
9,positive,3,36,2,0,0.000000,0
9,positive,3,37,2,0,0.000000,0
9,positive,3,38,2,0,0.000000,0
9,positive,3,39,2,0,0.000000,0
9,positive,3,40,2,0,0.000000,0
9,positive,3,41,2,0,0.000000,0
9,positive,3,42,2,0,0.000000,0
9,positive,3,43,2,0,0.000000,0
9,positive,3,44,2,0,0.000000,0
9,positive,3,45,2,0,0.000000,0
9,positive,3,46,2,0,0.000000,0
9,positive,3,47,2,0,0.000000,0
9,positive,3,48,0,0,0.000000,0
9,positive,3,49,2,0,0.000000,0
9,positive,4,0,2,0,0.000000,0
9,positive,4,1,2,0,0.000000,0
9,positive,4,2,2,0,0.000000,0
9,positive,4,3,2,0,0.000000,0
9,positive,4,4,2,0,0.000000,0
9,positive,4,5,2,0,0.000000,0
9,positive,4,6,2,0,0.000000,0
9,positive,4,7,2,0,0.000000,0
9,positive,4,8,0,0,0.000000,0
9,positive,4,9,0,0,0.000000,0
9,positive,4,10,2,0,0.000000,0
9,positive,4,11,2,0,0.000000,0
9,positive,4,12,2,0,0.000000,0
9,positive,4,13,2,0,0.000000,0
9,positive,4,14,2,0,0.000000,0
9,positive,4,15,2,0,0.000000,0
9,positive,4,16,2,0,0.000000,0
9,positive,4,17,2,0,0.000000,0
9,positive,4,18,2,0,0.000000,0
9,positive,4,19,2,0,0.000000,0
9,positive,4,20,2,0,0.000000,0
9,positive,4,21,2,0,0.000000,0
9,positive,4,22,2,0,0.000000,0
9,positive,4,23,2,0,0.000000,0
9,positive,4,24,2,0,0.000000,0
9,positive,4,25,2,0,0.000000,0
9,positive,4,26,2,0,0.000000,0
9,positive,4,27,2,0,0.000000,0
9,positive,4,28,2,0,0.000000,0
9,positive,4,29,2,0,0.000000,0
9,positive,4,30,2,0,0.000000,0
9,positive,4,31,2,0,0.000000,0
9,positive,4,32,2,0,0.000000,0
9,positive,4,33,2,0,0.000000,0
9,positive,4,34,2,0,0.000000,0
9,positive,4,35,2,0,0.000000,0
9,positive,4,36,2,0,0.000000,0
9,positive,4,37,0,0,0.000000,0
9,positive,4,38,2,0,0.000000,0
9,positive,4,39,2,0,0.000000,0
9,positive,4,40,2,0,0.000000,0
9,positive,4,41,2,0,0.000000,0
9,positive,4,42,2,0,0.000000,0
9,positive,4,43,2,0,0.000000,0
9,positive,4,44,2,0,0.000000,0
9,positive,4,45,2,0,0.000000,0
9,positive,4,46,0,0,0.000000,0
9,positive,4,47,2,0,0.000000,0
9,positive,4,48,0,0,0.000000,0
9,positive,4,49,2,0,0.000000,0
9,positive,5,0,2,0,0.000000,0
9,positive,5,1,2,0,0.000000,0
9,positive,5,2,2,0,0.000000,0
9,positive,5,3,2,0,0.000000,0
9,positive,5,4,2,0,0.000000,0
9,positive,5,5,2,0,0.000000,0
9,positive,5,6,2,0,0.000000,0
9,positive,5,7,2,0,0.000000,0
9,positive,5,8,2,0,0.000000,0
9,positive,5,9,2,0,0.000000,0
9,positive,5,10,2,0,0.000000,0
9,positive,5,11,2,0,0.000000,0
9,positive,5,12,2,0,0.000000,0
9,positive,5,13,0,0,0.000000,0
9,positive,5,14,2,0,0.000000,0
9,positive,5,15,2,0,0.000000,0
9,positive,5,16,2,0,0.000000,0
9,positive,5,17,2,0,0.000000,0
9,positive,5,18,2,0,0.000000,0
9,positive,5,19,2,0,0.000000,0
9,positive,5,20,2,0,0.000000,0
9,positive,5,21,2,0,0.000000,0
9,positive,5,22,2,0,0.000000,0
9,positive,5,23,2,0,0.000000,0
9,positive,5,24,2,0,0.000000,0
9,positive,5,25,2,0,0.000000,0
9,positive,5,26,0,0,0.000000,0
9,positive,5,27,2,0,0.000000,0
9,positive,5,28,2,0,0.000000,0
9,positive,5,29,2,0,0.000000,0
9,positive,5,30,2,0,0.000000,0
9,positive,5,31,0,0,0.000000,0
9,positive,5,32,2,0,0.000000,0
9,positive,5,33,2,0,0.000000,0
9,positive,5,34,2,0,0.000000,0
9,positive,5,35,2,0,0.000000,0
9,positive,5,36,2,0,0.000000,0
9,positive,5,37,0,0,0.000000,0
9,positive,5,38,2,0,0.000000,0
9,positive,5,39,2,0,0.000000,0
9,positive,5,40,2,0,0.000000,0
9,positive,5,41,2,0,0.000000,0
9,positive,5,42,0,0,0.000000,0
9,positive,5,43,0,0,0.000000,0
9,positive,5,44,2,0,0.000000,0
9,positive,5,45,2,0,0.000000,0
9,positive,5,46,2,0,0.000000,0
9,positive,5,47,2,0,0.000000,0
9,positive,5,48,2,0,0.000000,0
9,positive,5,49,2,0,0.000000,0
9,positive,6,0,2,0,0.000000,0
9,positive,6,1,2,0,0.000000,0
9,positive,6,2,2,0,0.000000,0
9,positive,6,3,2,0,0.000000,0
9,positive,6,4,2,0,0.000000,0
9,positive,6,5,2,0,0.000000,0
9,positive,6,6,2,0,0.000000,0
9,positive,6,7,2,0,0.000000,0
9,positive,6,8,0,0,0.000000,0
9,positive,6,9,2,0,0.000000,0
9,positive,6,10,2,0,0.000000,0
9,positive,6,11,2,0,0.000000,0
9,positive,6,12,2,0,0.000000,0
9,positive,6,13,2,0,0.000000,0
9,positive,6,14,2,0,0.000000,0
9,positive,6,15,2,0,0.000000,0
9,positive,6,16,2,0,0.000000,0
9,positive,6,17,2,0,0.000000,0
9,positive,6,18,2,0,0.000000,0
9,positive,6,19,2,0,0.000000,0
9,positive,6,20,2,0,0.000000,0
9,positive,6,21,2,0,0.000000,0
9,positive,6,22,2,0,0.000000,0
9,positive,6,23,2,0,0.000000,0
9,positive,6,24,2,0,0.000000,0
9,positive,6,25,2,0,0.000000,0
9,positive,6,26,2,0,0.000000,0
9,positive,6,27,2,0,0.000000,0
9,positive,6,28,2,0,0.000000,0
9,positive,6,29,0,0,0.000000,0
9,positive,6,30,2,0,0.000000,0
9,positive,6,31,2,0,0.000000,0
9,positive,6,32,2,0,0.000000,0
9,positive,6,33,2,0,0.000000,0
9,positive,6,34,2,0,0.000000,0
9,positive,6,35,2,0,0.000000,0
9,positive,6,36,2,0,0.000000,0
9,positive,6,37,2,0,0.000000,0
9,positive,6,38,2,0,0.000000,0
9,positive,6,39,2,0,0.000000,0
9,positive,6,40,2,0,0.000000,0
9,positive,6,41,2,0,0.000000,0
9,positive,6,42,2,0,0.000000,0
9,positive,6,43,2,0,0.000000,0
9,positive,6,44,2,0,0.000000,0
9,positive,6,45,2,0,0.000000,0
9,positive,6,46,2,0,0.000000,0
9,positive,6,47,2,0,0.000000,0
9,positive,6,48,2,0,0.000000,0
9,positive,6,49,2,0,0.000000,0
9,positive,7,0,2,0,0.000000,0
9,positive,7,1,2,0,0.000000,0
9,positive,7,2,2,0,0.000000,0
9,positive,7,3,2,0,0.000000,0
9,positive,7,4,2,0,0.000000,0
9,positive,7,5,2,0,0.000000,0
9,positive,7,6,2,0,0.000000,0
9,positive,7,7,2,0,0.000000,0
9,positive,7,8,2,0,0.000000,0
9,positive,7,9,0,0,0.000000,0
9,positive,7,10,0,0,0.000000,0
9,positive,7,11,2,0,0.000000,0
9,positive,7,12,2,0,0.000000,0
9,positive,7,13,2,0,0.000000,0
9,positive,7,14,2,0,0.000000,0
9,positive,7,15,2,0,0.000000,0
9,positive,7,16,2,0,0.000000,0
9,positive,7,17,2,0,0.000000,0
9,positive,7,18,2,0,0.000000,0
9,positive,7,19,2,0,0.000000,0
9,positive,7,20,2,0,0.000000,0
9,positive,7,21,2,0,0.000000,0
9,positive,7,22,2,0,0.000000,0
9,positive,7,23,0,0,0.000000,0
9,positive,7,24,0,0,0.000000,0
9,positive,7,25,2,0,0.000000,0
9,positive,7,26,2,0,0.000000,0
9,positive,7,27,2,0,0.000000,0
9,positive,7,28,2,0,0.000000,0
9,positive,7,29,2,0,0.000000,0
9,positive,7,30,2,0,0.000000,0
9,positive,7,31,2,0,0.000000,0
9,positive,7,32,2,0,0.000000,0
9,positive,7,33,2,0,0.000000,0
9,positive,7,34,0,0,0.000000,0
9,positive,7,35,2,0,0.000000,0
9,positive,7,36,2,0,0.000000,0
9,positive,7,37,2,0,0.000000,0
9,positive,7,38,2,0,0.000000,0
9,positive,7,39,2,0,0.000000,0
9,positive,7,40,2,0,0.000000,0
9,positive,7,41,0,0,0.000000,0
9,positive,7,42,0,0,0.000000,0
9,positive,7,43,2,0,0.000000,0
9,positive,7,44,2,0,0.000000,0
9,positive,7,45,2,0,0.000000,0
9,positive,7,46,2,0,0.000000,0
9,positive,7,47,2,0,0.000000,0
9,positive,7,48,2,0,0.000000,0
9,positive,7,49,2,0,0.000000,0
9,positive,8,0,2,0,0.000000,0
9,positive,8,1,2,0,0.000000,0
9,positive,8,2,2,0,0.000000,0
9,positive,8,3,0,0,0.000000,0
9,positive,8,4,2,0,0.000000,0
9,positive,8,5,2,0,0.000000,0
9,positive,8,6,2,0,0.000000,0
9,positive,8,7,2,0,0.000000,0
9,positive,8,8,2,0,0.000000,0
9,positive,8,9,2,0,0.000000,0
9,positive,8,10,2,0,0.000000,0
9,positive,8,11,2,0,0.000000,0
9,positive,8,12,2,0,0.000000,0
9,positive,8,13,2,0,0.000000,0
9,positive,8,14,0,0,0.000000,0
9,positive,8,15,2,0,0.000000,0
9,positive,8,16,0,0,0.000000,0
9,positive,8,17,2,0,0.000000,0
9,positive,8,18,2,0,0.000000,0
9,positive,8,19,2,0,0.000000,0
9,positive,8,20,2,0,0.000000,0
9,positive,8,21,2,0,0.000000,0
9,positive,8,22,2,0,0.000000,0
9,positive,8,23,2,0,0.000000,0
9,positive,8,24,2,0,0.000000,0
9,positive,8,25,2,0,0.000000,0
9,positive,8,26,2,0,0.000000,0
9,positive,8,27,2,0,0.000000,0
9,positive,8,28,0,0,0.000000,0
9,positive,8,29,0,0,0.000000,0
9,positive,8,30,2,0,0.000000,0
9,positive,8,31,2,0,0.000000,0
9,positive,8,32,2,0,0.000000,0
9,positive,8,33,0,0,0.000000,0
9,positive,8,34,2,0,0.000000,0
9,positive,8,35,2,0,0.000000,0
9,positive,8,36,2,0,0.000000,0
9,positive,8,37,2,0,0.000000,0
9,positive,8,38,2,0,0.000000,0
9,positive,8,39,2,0,0.000000,0
9,positive,8,40,2,0,0.000000,0
9,positive,8,41,2,0,0.000000,0
9,positive,8,42,2,0,0.000000,0
9,positive,8,43,2,0,0.000000,0
9,positive,8,44,0,0,0.000000,0
9,positive,8,45,2,0,0.000000,0
9,positive,8,46,2,0,0.000000,0
9,positive,8,47,2,0,0.000000,0
9,positive,8,48,2,0,0.000000,0
9,positive,8,49,0,0,0.000000,0
9,positive,9,0,2,0,0.000000,0
9,positive,9,1,2,0,0.000000,0
9,positive,9,2,2,0,0.000000,0
9,positive,9,3,2,0,0.000000,0
9,positive,9,4,2,0,0.000000,0
9,positive,9,5,2,0,0.000000,0
9,positive,9,6,2,0,0.000000,0
9,positive,9,7,2,0,0.000000,0
9,positive,9,8,2,0,0.000000,0
9,positive,9,9,2,0,0.000000,0
9,positive,9,10,2,0,0.000000,0
9,positive,9,11,0,0,0.000000,0
9,positive,9,12,2,0,0.000000,0
9,positive,9,13,2,0,0.000000,0
9,positive,9,14,2,0,0.000000,0
9,positive,9,15,2,0,0.000000,0
9,positive,9,16,2,0,0.000000,0
9,positive,9,17,2,0,0.000000,0
9,positive,9,18,2,0,0.000000,0
9,positive,9,19,2,0,0.000000,0
9,positive,9,20,2,0,0.000000,0
9,positive,9,21,2,0,0.000000,0
9,positive,9,22,2,0,0.000000,0
9,positive,9,23,2,0,0.000000,0
9,positive,9,24,2,0,0.000000,0
9,positive,9,25,2,0,0.000000,0
9,positive,9,26,0,0,0.000000,0
9,positive,9,27,2,0,0.000000,0
9,positive,9,28,2,0,0.000000,0
9,positive,9,29,2,0,0.000000,0
9,positive,9,30,2,0,0.000000,0
9,positive,9,31,2,0,0.000000,0
9,positive,9,32,2,0,0.000000,0
9,positive,9,33,2,0,0.000000,0
9,positive,9,34,2,0,0.000000,0
9,positive,9,35,2,0,0.000000,0
9,positive,9,36,2,0,0.000000,0
9,positive,9,37,0,0,0.000000,0
9,positive,9,38,2,0,0.000000,0
9,positive,9,39,0,0,0.000000,0
9,positive,9,40,0,0,0.000000,0
9,positive,9,41,2,0,0.000000,0
9,positive,9,42,2,0,0.000000,0
9,positive,9,43,2,0,0.000000,0
9,positive,9,44,2,0,0.000000,0
9,positive,9,45,2,0,0.000000,0
9,positive,9,46,2,0,0.000000,0
9,positive,9,47,2,0,0.000000,0
9,positive,9,48,2,0,0.000000,0
9,positive,9,49,2,0,0.000000,0
9,positive,10,0,2,0,0.000000,0
9,positive,10,1,2,0,0.000000,0
9,positive,10,2,2,0,0.000000,0
9,positive,10,3,2,0,0.000000,0
9,positive,10,4,2,0,0.000000,0
9,positive,10,5,2,0,0.000000,0
9,positive,10,6,2,0,0.000000,0
9,positive,10,7,0,0,0.000000,0
9,positive,10,8,2,0,0.000000,0
9,positive,10,9,2,0,0.000000,0
9,positive,10,10,2,0,0.000000,0
9,positive,10,11,2,0,0.000000,0
9,positive,10,12,2,0,0.000000,0
9,positive,10,13,2,0,0.000000,0
9,positive,10,14,2,0,0.000000,0
9,positive,10,15,2,0,0.000000,0
9,positive,10,16,2,0,0.000000,0
9,positive,10,17,2,0,0.000000,0
9,positive,10,18,2,0,0.000000,0
9,positive,10,19,2,0,0.000000,0
9,positive,10,20,2,0,0.000000,0
9,positive,10,21,0,0,0.000000,0
9,positive,10,22,2,0,0.000000,0
9,positive,10,23,2,0,0.000000,0
9,positive,10,24,2,0,0.000000,0
9,positive,10,25,2,0,0.000000,0
9,positive,10,26,2,0,0.000000,0
9,positive,10,27,2,0,0.000000,0
9,positive,10,28,2,0,0.000000,0
9,positive,10,29,0,0,0.000000,0
9,positive,10,30,2,0,0.000000,0
9,positive,10,31,2,0,0.000000,0
9,positive,10,32,2,0,0.000000,0
9,positive,10,33,2,0,0.000000,0
9,positive,10,34,2,0,0.000000,0
9,positive,10,35,0,0,0.000000,0
9,positive,10,36,2,0,0.000000,0
9,positive,10,37,2,0,0.000000,0
9,positive,10,38,2,0,0.000000,0
9,positive,10,39,2,0,0.000000,0
9,positive,10,40,2,0,0.000000,0
9,positive,10,41,2,0,0.000000,0
9,positive,10,42,0,0,0.000000,0
9,positive,10,43,0,0,0.000000,0
9,positive,10,44,2,0,0.000000,0
9,positive,10,45,2,0,0.000000,0
9,positive,10,46,2,0,0.000000,0
9,positive,10,47,2,0,0.000000,0
9,positive,10,48,2,0,0.000000,0
9,positive,10,49,2,0,0.000000,0
9,positive,11,0,2,0,0.000000,0
9,positive,11,1,2,0,0.000000,0
9,positive,11,2,2,0,0.000000,0
9,positive,11,3,2,0,0.000000,0
9,positive,11,4,2,0,0.000000,0
9,positive,11,5,2,0,0.000000,0
9,positive,11,6,2,0,0.000000,0
9,positive,11,7,2,0,0.000000,0
9,positive,11,8,2,0,0.000000,0
9,positive,11,9,0,0,0.000000,0
9,positive,11,10,2,0,0.000000,0
9,positive,11,11,2,0,0.000000,0
9,positive,11,12,2,0,0.000000,0
9,positive,11,13,2,0,0.000000,0
9,positive,11,14,0,0,0.000000,0
9,positive,11,15,2,0,0.000000,0
9,positive,11,16,2,0,0.000000,0
9,positive,11,17,2,0,0.000000,0
9,positive,11,18,2,0,0.000000,0
9,positive,11,19,2,0,0.000000,0
9,positive,11,20,0,0,0.000000,0
9,positive,11,21,0,0,0.000000,0
9,positive,11,22,2,0,0.000000,0
9,positive,11,23,2,0,0.000000,0
9,positive,11,24,2,0,0.000000,0
9,positive,11,25,2,0,0.000000,0
9,positive,11,26,2,0,0.000000,0
9,positive,11,27,2,0,0.000000,0
9,positive,11,28,0,0,0.000000,0
9,positive,11,29,2,0,0.000000,0
9,positive,11,30,2,0,0.000000,0
9,positive,11,31,2,0,0.000000,0
9,positive,11,32,2,0,0.000000,0
9,positive,11,33,0,0,0.000000,0
9,positive,11,34,2,0,0.000000,0
9,positive,11,35,2,0,0.000000,0
9,positive,11,36,0,0,0.000000,0
9,positive,11,37,2,0,0.000000,0
9,positive,11,38,2,0,0.000000,0
9,positive,11,39,2,0,0.000000,0
9,positive,11,40,2,0,0.000000,0
9,positive,11,41,2,0,0.000000,0
9,positive,11,42,2,0,0.000000,0
9,positive,11,43,2,0,0.000000,0
9,positive,11,44,2,0,0.000000,0
9,positive,11,45,2,0,0.000000,0
9,positive,11,46,2,0,0.000000,0
9,positive,11,47,2,0,0.000000,0
9,positive,11,48,2,0,0.000000,0
9,positive,11,49,2,0,0.000000,0
9,positive,12,0,2,0,0.000000,0
9,positive,12,1,2,0,0.000000,0
9,positive,12,2,2,0,0.000000,0
9,positive,12,3,0,0,0.000000,0
9,positive,12,4,0,0,0.000000,0
9,positive,12,5,2,0,0.000000,0
9,positive,12,6,2,0,0.000000,0
9,positive,12,7,2,0,0.000000,0
9,positive,12,8,2,0,0.000000,0
9,positive,12,9,2,0,0.000000,0
9,positive,12,10,2,0,0.000000,0
9,positive,12,11,2,0,0.000000,0
9,positive,12,12,2,0,0.000000,0
9,positive,12,13,2,0,0.000000,0
9,positive,12,14,2,0,0.000000,0
9,positive,12,15,2,0,0.000000,0
9,positive,12,16,0,0,0.000000,0
9,positive,12,17,0,0,0.000000,0
9,positive,12,18,2,0,0.000000,0
9,positive,12,19,2,0,0.000000,0
9,positive,12,20,2,0,0.000000,0
9,positive,12,21,2,0,0.000000,0
9,positive,12,22,2,0,0.000000,0
9,positive,12,23,2,0,0.000000,0
9,positive,12,24,2,0,0.000000,0
9,positive,12,25,2,0,0.000000,0
9,positive,12,26,2,0,0.000000,0
9,positive,12,27,2,0,0.000000,0
9,positive,12,28,2,0,0.000000,0
9,positive,12,29,2,0,0.000000,0
9,positive,12,30,2,0,0.000000,0
9,positive,12,31,2,0,0.000000,0
9,positive,12,32,0,0,0.000000,0
9,positive,12,33,2,0,0.000000,0
9,positive,12,34,2,0,0.000000,0
9,positive,12,35,2,0,0.000000,0
9,positive,12,36,0,0,0.000000,0
9,positive,12,37,0,0,0.000000,0
9,positive,12,38,2,0,0.000000,0
9,positive,12,39,2,0,0.000000,0
9,positive,12,40,2,0,0.000000,0
9,positive,12,41,2,0,0.000000,0
9,positive,12,42,2,0,0.000000,0
9,positive,12,43,0,0,0.000000,0
9,positive,12,44,2,0,0.000000,0
9,positive,12,45,2,0,0.000000,0
9,positive,12,46,2,0,0.000000,0
9,positive,12,47,0,0,0.000000,0
9,positive,12,48,2,0,0.000000,0
9,positive,12,49,2,0,0.000000,0
9,positive,13,0,0,0,0.000000,0
9,positive,13,1,2,0,0.000000,0
9,positive,13,2,2,0,0.000000,0
9,positive,13,3,2,0,0.000000,0
9,positive,13,4,2,0,0.000000,0
9,positive,13,5,2,0,0.000000,0
9,positive,13,6,2,0,0.000000,0
9,positive,13,7,2,0,0.000000,0
9,positive,13,8,2,0,0.000000,0
9,positive,13,9,0,0,0.000000,0
9,positive,13,10,2,0,0.000000,0
9,positive,13,11,2,0,0.000000,0
9,positive,13,12,2,0,0.000000,0
9,positive,13,13,2,0,0.000000,0
9,positive,13,14,2,0,0.000000,0
9,positive,13,15,2,0,0.000000,0
9,positive,13,16,2,0,0.000000,0
9,positive,13,17,0,0,0.000000,0
9,positive,13,18,2,0,0.000000,0
9,positive,13,19,2,0,0.000000,0
9,positive,13,20,2,0,0.000000,0
9,positive,13,21,2,0,0.000000,0
9,positive,13,22,2,0,0.000000,0
9,positive,13,23,2,0,0.000000,0
9,positive,13,24,2,0,0.000000,0
9,positive,13,25,0,0,0.000000,0
9,positive,13,26,0,0,0.000000,0
9,positive,13,27,2,0,0.000000,0
9,positive,13,28,2,0,0.000000,0
9,positive,13,29,2,0,0.000000,0
9,positive,13,30,2,0,0.000000,0
9,positive,13,31,0,0,0.000000,0
9,positive,13,32,2,0,0.000000,0
9,positive,13,33,2,0,0.000000,0
9,positive,13,34,2,0,0.000000,0
9,positive,13,35,2,0,0.000000,0
9,positive,13,36,2,0,0.000000,0
9,positive,13,37,2,0,0.000000,0
9,positive,13,38,2,0,0.000000,0
9,positive,13,39,2,0,0.000000,0
9,positive,13,40,2,0,0.000000,0
9,positive,13,41,2,0,0.000000,0
9,positive,13,42,2,0,0.000000,0
9,positive,13,43,2,0,0.000000,0
9,positive,13,44,2,0,0.000000,0
9,positive,13,45,2,0,0.000000,0
9,positive,13,46,2,0,0.000000,0
9,positive,13,47,2,0,0.000000,0
9,positive,13,48,2,0,0.000000,0
9,positive,13,49,2,0,0.000000,0
9,positive,14,0,2,0,0.000000,0
9,positive,14,1,2,0,0.000000,0
9,positive,14,2,2,0,0.000000,0
9,positive,14,3,2,0,0.000000,0
9,positive,14,4,2,0,0.000000,0
9,positive,14,5,2,0,0.000000,0
9,positive,14,6,2,0,0.000000,0
9,positive,14,7,2,0,0.000000,0
9,positive,14,8,2,0,0.000000,0
9,positive,14,9,2,0,0.000000,0
9,positive,14,10,2,0,0.000000,0
9,positive,14,11,2,0,0.000000,0
9,positive,14,12,2,0,0.000000,0
9,positive,14,13,2,0,0.000000,0
9,positive,14,14,2,0,0.000000,0
9,positive,14,15,2,0,0.000000,0
9,positive,14,16,2,0,0.000000,0
9,positive,14,17,2,0,0.000000,0
9,positive,14,18,2,0,0.000000,0
9,positive,14,19,2,0,0.000000,0
9,positive,14,20,0,0,0.000000,0
9,positive,14,21,2,0,0.000000,0
9,positive,14,22,2,0,0.000000,0
9,positive,14,23,2,0,0.000000,0
9,positive,14,24,2,0,0.000000,0
9,positive,14,25,2,0,0.000000,0
9,positive,14,26,2,0,0.000000,0
9,positive,14,27,2,0,0.000000,0
9,positive,14,28,2,0,0.000000,0
9,positive,14,29,2,0,0.000000,0
9,positive,14,30,2,0,0.000000,0
9,positive,14,31,2,0,0.000000,0
9,positive,14,32,2,0,0.000000,0
9,positive,14,33,2,0,0.000000,0
9,positive,14,34,2,0,0.000000,0
9,positive,14,35,2,0,0.000000,0
9,positive,14,36,2,0,0.000000,0
9,positive,14,37,0,0,0.000000,0
9,positive,14,38,2,0,0.000000,0
9,positive,14,39,2,0,0.000000,0
9,positive,14,40,2,0,0.000000,0
9,positive,14,41,2,0,0.000000,0
9,positive,14,42,2,0,0.000000,0
9,positive,14,43,2,0,0.000000,0
9,positive,14,44,2,0,0.000000,0
9,positive,14,45,2,0,0.000000,0
9,positive,14,46,2,0,0.000000,0
9,positive,14,47,2,0,0.000000,0
9,positive,14,48,2,0,0.000000,0
9,positive,14,49,2,0,0.000000,0
9,positive,15,0,0,0,0.000000,0
9,positive,15,1,2,0,0.000000,0
9,positive,15,2,2,0,0.000000,0
9,positive,15,3,2,0,0.000000,0
9,positive,15,4,2,0,0.000000,0
9,positive,15,5,2,0,0.000000,0
9,positive,15,6,2,0,0.000000,0
9,positive,15,7,2,0,0.000000,0
9,positive,15,8,2,0,0.000000,0
9,positive,15,9,2,0,0.000000,0
9,positive,15,10,2,0,0.000000,0
9,positive,15,11,2,0,0.000000,0
9,positive,15,12,2,0,0.000000,0
9,positive,15,13,2,0,0.000000,0
9,positive,15,14,2,0,0.000000,0
9,positive,15,15,2,0,0.000000,0
9,positive,15,16,2,0,0.000000,0
9,positive,15,17,2,0,0.000000,0
9,positive,15,18,0,0,0.000000,0
9,positive,15,19,0,0,0.000000,0
9,positive,15,20,0,0,0.000000,0
9,positive,15,21,2,0,0.000000,0
9,positive,15,22,2,0,0.000000,0
9,positive,15,23,2,0,0.000000,0
9,positive,15,24,2,0,0.000000,0
9,positive,15,25,2,0,0.000000,0
9,positive,15,26,2,0,0.000000,0
9,positive,15,27,0,0,0.000000,0
9,positive,15,28,2,0,0.000000,0
9,positive,15,29,2,0,0.000000,0
9,positive,15,30,2,0,0.000000,0
9,positive,15,31,2,0,0.000000,0
9,positive,15,32,2,0,0.000000,0
9,positive,15,33,2,0,0.000000,0
9,positive,15,34,2,0,0.000000,0
9,positive,15,35,2,0,0.000000,0
9,positive,15,36,2,0,0.000000,0
9,positive,15,37,2,0,0.000000,0
9,positive,15,38,2,0,0.000000,0
9,positive,15,39,2,0,0.000000,0
9,positive,15,40,2,0,0.000000,0
9,positive,15,41,2,0,0.000000,0
9,positive,15,42,2,0,0.000000,0
9,positive,15,43,2,0,0.000000,0
9,positive,15,44,2,0,0.000000,0
9,positive,15,45,2,0,0.000000,0
9,positive,15,46,0,0,0.000000,0
9,positive,15,47,2,0,0.000000,0
9,positive,15,48,2,0,0.000000,0
9,positive,15,49,2,0,0.000000,0
9,positive,16,0,2,0,0.000000,0
9,positive,16,1,2,0,0.000000,0
9,positive,16,2,0,0,0.000000,0
9,positive,16,3,2,0,0.000000,0
9,positive,16,4,2,0,0.000000,0
9,positive,16,5,2,0,0.000000,0
9,positive,16,6,2,0,0.000000,0
9,positive,16,7,2,0,0.000000,0
9,positive,16,8,2,0,0.000000,0
9,positive,16,9,2,0,0.000000,0
9,positive,16,10,2,0,0.000000,0
9,positive,16,11,2,0,0.000000,0
9,positive,16,12,0,0,0.000000,0
9,positive,16,13,2,0,0.000000,0
9,positive,16,14,2,0,0.000000,0
9,positive,16,15,2,0,0.000000,0
9,positive,16,16,2,0,0.000000,0
9,positive,16,17,2,0,0.000000,0
9,positive,16,18,2,0,0.000000,0
9,positive,16,19,2,0,0.000000,0
9,positive,16,20,2,0,0.000000,0
9,positive,16,21,2,0,0.000000,0
9,positive,16,22,2,0,0.000000,0
9,positive,16,23,2,0,0.000000,0
9,positive,16,24,2,0,0.000000,0
9,positive,16,25,2,0,0.000000,0
9,positive,16,26,2,0,0.000000,0
9,positive,16,27,2,0,0.000000,0
9,positive,16,28,2,0,0.000000,0
9,positive,16,29,2,0,0.000000,0
9,positive,16,30,2,0,0.000000,0
9,positive,16,31,2,0,0.000000,0
9,positive,16,32,2,0,0.000000,0
9,positive,16,33,2,1,1.000000,1
9,positive,16,34,2,1,1.000000,1
9,positive,16,35,2,1,1.000000,1
9,positive,16,36,2,1,1.000000,1
9,positive,16,37,2,1,1.000000,1
9,positive,16,38,2,1,1.000000,1
9,positive,16,39,2,0,0.000000,0
9,positive,16,40,2,0,0.000000,0
9,positive,16,41,0,0,0.000000,0
9,positive,16,42,2,0,0.000000,0
9,positive,16,43,2,0,0.000000,0
9,positive,16,44,0,0,0.000000,0
9,positive,16,45,2,0,0.000000,0
9,positive,16,46,0,0,0.000000,0
9,positive,16,47,2,0,0.000000,0
9,positive,16,48,2,0,0.000000,0
9,positive,16,49,2,0,0.000000,0
9,positive,17,0,2,0,0.000000,0
9,positive,17,1,2,0,0.000000,0
9,positive,17,2,2,0,0.000000,0
9,positive,17,3,0,0,0.000000,0
9,positive,17,4,0,0,0.000000,0
9,positive,17,5,2,0,0.000000,0
9,positive,17,6,2,0,0.000000,0
9,positive,17,7,2,0,0.000000,0
9,positive,17,8,2,0,0.000000,0
9,positive,17,9,2,0,0.000000,0
9,positive,17,10,2,0,0.000000,0
9,positive,17,11,2,0,0.000000,0
9,positive,17,12,2,0,0.000000,0
9,positive,17,13,2,0,0.000000,0
9,positive,17,14,0,0,0.000000,0
9,positive,17,15,2,0,0.000000,0
9,positive,17,16,2,0,0.000000,0
9,positive,17,17,2,0,0.000000,0
9,positive,17,18,2,0,0.000000,0
9,positive,17,19,0,0,0.000000,0
9,positive,17,20,2,0,0.000000,0
9,positive,17,21,2,0,0.000000,0
9,positive,17,22,2,0,0.000000,0
9,positive,17,23,2,0,0.000000,0
9,positive,17,24,2,0,0.000000,0
9,positive,17,25,2,0,0.000000,0
9,positive,17,26,2,0,0.000000,0
9,positive,17,27,0,0,0.000000,0
9,positive,17,28,2,0,0.000000,0
9,positive,17,29,2,0,0.000000,0
9,positive,17,30,2,0,0.000000,0
9,positive,17,31,2,0,0.000000,0
9,positive,17,32,2,0,0.000000,0
9,positive,17,33,2,0,0.000000,0
9,positive,17,34,0,0,0.000000,0
9,positive,17,35,2,0,0.000000,0
9,positive,17,36,2,0,0.000000,0
9,positive,17,37,2,0,0.000000,0
9,positive,17,38,2,0,0.000000,0
9,positive,17,39,2,0,0.000000,0
9,positive,17,40,2,0,0.000000,0
9,positive,17,41,0,0,0.000000,0
9,positive,17,42,2,0,0.000000,0
9,positive,17,43,2,0,0.000000,0
9,positive,17,44,2,0,0.000000,0
9,positive,17,45,2,0,0.000000,0
9,positive,17,46,2,0,0.000000,0
9,positive,17,47,2,0,0.000000,0
9,positive,17,48,2,0,0.000000,0
9,positive,17,49,0,0,0.000000,0
9,positive,18,0,0,0,0.000000,0
9,positive,18,1,2,0,0.000000,0
9,positive,18,2,0,0,0.000000,0
9,positive,18,3,2,0,0.000000,0
9,positive,18,4,2,0,0.000000,0
9,positive,18,5,2,0,0.000000,0
9,positive,18,6,2,0,0.000000,0
9,positive,18,7,2,0,0.000000,0
9,positive,18,8,2,0,0.000000,0
9,positive,18,9,2,0,0.000000,0
9,positive,18,10,2,0,0.000000,0
9,positive,18,11,2,0,0.000000,0
9,positive,18,12,2,0,0.000000,0
9,positive,18,13,2,0,0.000000,0
9,positive,18,14,2,0,0.000000,0
9,positive,18,15,2,0,0.000000,0
9,positive,18,16,2,0,0.000000,0
9,positive,18,17,2,0,0.000000,0
9,positive,18,18,2,0,0.000000,0
9,positive,18,19,2,0,0.000000,0
9,positive,18,20,2,0,0.000000,0
9,positive,18,21,0,0,0.000000,0
9,positive,18,22,2,0,0.000000,0
9,positive,18,23,2,0,0.000000,0
9,positive,18,24,2,0,0.000000,0
9,positive,18,25,2,0,0.000000,0
9,positive,18,26,2,0,0.000000,0
9,positive,18,27,0,0,0.000000,0
9,positive,18,28,2,0,0.000000,0
9,positive,18,29,2,0,0.000000,0
9,positive,18,30,2,0,0.000000,0
9,positive,18,31,2,0,0.000000,0
9,positive,18,32,2,0,0.000000,0
9,positive,18,33,2,0,0.000000,0
9,positive,18,34,0,0,0.000000,0
9,positive,18,35,2,0,0.000000,0
9,positive,18,36,2,0,0.000000,0
9,positive,18,37,2,0,0.000000,0
9,positive,18,38,2,0,0.000000,0
9,positive,18,39,2,0,0.000000,0
9,positive,18,40,2,0,0.000000,0
9,positive,18,41,2,0,0.000000,0
9,positive,18,42,2,0,0.000000,0
9,positive,18,43,2,0,0.000000,0
9,positive,18,44,2,0,0.000000,0
9,positive,18,45,2,0,0.000000,0
9,positive,18,46,2,0,0.000000,0
9,positive,18,47,2,0,0.000000,0
9,positive,18,48,2,0,0.000000,0
9,positive,18,49,2,0,0.000000,0
9,positive,19,0,2,0,0.000000,0
9,positive,19,1,2,0,0.000000,0
9,positive,19,2,2,0,0.000000,0
9,positive,19,3,2,0,0.000000,0
9,positive,19,4,2,0,0.000000,0
9,positive,19,5,2,0,0.000000,0
9,positive,19,6,2,0,0.000000,0
9,positive,19,7,2,0,0.000000,0
9,positive,19,8,2,0,0.000000,0
9,positive,19,9,2,0,0.000000,0
9,positive,19,10,2,0,0.000000,0
9,positive,19,11,2,0,0.000000,0
9,positive,19,12,2,0,0.000000,0
9,positive,19,13,2,0,0.000000,0
9,positive,19,14,0,0,0.000000,0
9,positive,19,15,2,0,0.000000,0
9,positive,19,16,2,0,0.000000,0
9,positive,19,17,0,0,0.000000,0
9,positive,19,18,2,0,0.000000,0
9,positive,19,19,2,0,0.000000,0
9,positive,19,20,2,0,0.000000,0
9,positive,19,21,2,0,0.000000,0
9,positive,19,22,2,0,0.000000,0
9,positive,19,23,2,0,0.000000,0
9,positive,19,24,2,0,0.000000,0
9,positive,19,25,2,0,0.000000,0
9,positive,19,26,2,0,0.000000,0
9,positive,19,27,2,0,0.000000,0
9,positive,19,28,2,0,0.000000,0
9,positive,19,29,2,0,0.000000,0
9,positive,19,30,2,0,0.000000,0
9,positive,19,31,2,0,0.000000,0
9,positive,19,32,2,0,0.000000,0
9,positive,19,33,2,0,0.000000,0
9,positive,19,34,2,0,0.000000,0
9,positive,19,35,2,0,0.000000,0
9,positive,19,36,2,0,0.000000,0
9,positive,19,37,2,0,0.000000,0
9,positive,19,38,2,0,0.000000,0
9,positive,19,39,2,0,0.000000,0
9,positive,19,40,2,0,0.000000,0
9,positive,19,41,2,0,0.000000,0
9,positive,19,42,2,0,0.000000,0
9,positive,19,43,2,0,0.000000,0
9,positive,19,44,0,0,0.000000,0
9,positive,19,45,2,0,0.000000,0
9,positive,19,46,2,0,0.000000,0
9,positive,19,47,2,0,0.000000,0
9,positive,19,48,2,0,0.000000,0
9,positive,19,49,2,0,0.000000,0
9,positive,20,0,2,0,0.000000,0
9,positive,20,1,2,0,0.000000,0
9,positive,20,2,2,0,0.000000,0
9,positive,20,3,2,0,0.000000,0
9,positive,20,4,2,0,0.000000,0
9,positive,20,5,0,0,0.000000,0
9,positive,20,6,2,0,0.000000,0
9,positive,20,7,2,0,0.000000,0
9,positive,20,8,0,0,0.000000,0
9,positive,20,9,0,0,0.000000,0
9,positive,20,10,2,0,0.000000,0
9,positive,20,11,2,0,0.000000,0
9,positive,20,12,2,0,0.000000,0
9,positive,20,13,2,0,0.000000,0
9,positive,20,14,2,0,0.000000,0
9,positive,20,15,2,0,0.000000,0
9,positive,20,16,2,0,0.000000,0
9,positive,20,17,2,0,0.000000,0
9,positive,20,18,2,0,0.000000,0
9,positive,20,19,2,0,0.000000,0
9,positive,20,20,2,0,0.000000,0
9,positive,20,21,2,0,0.000000,0
9,positive,20,22,0,0,0.000000,0
9,positive,20,23,2,0,0.000000,0
9,positive,20,24,2,0,0.000000,0
9,positive,20,25,2,0,0.000000,0
9,positive,20,26,2,0,0.000000,0
9,positive,20,27,0,0,0.000000,0
9,positive,20,28,2,0,0.000000,0
9,positive,20,29,2,0,0.000000,0
9,positive,20,30,2,0,0.000000,0
9,positive,20,31,2,0,0.000000,0
9,positive,20,32,2,0,0.000000,0
9,positive,20,33,2,0,0.000000,0
9,positive,20,34,2,0,0.000000,0
9,positive,20,35,2,0,0.000000,0
9,positive,20,36,2,0,0.000000,0
9,positive,20,37,2,0,0.000000,0
9,positive,20,38,2,0,0.000000,0
9,positive,20,39,0,0,0.000000,0
9,positive,20,40,2,0,0.000000,0
9,positive,20,41,2,0,0.000000,0
9,positive,20,42,2,0,0.000000,0
9,positive,20,43,2,0,0.000000,0
9,positive,20,44,0,0,0.000000,0
9,positive,20,45,0,0,0.000000,0
9,positive,20,46,0,0,0.000000,0
9,positive,20,47,2,0,0.000000,0
9,positive,20,48,2,0,0.000000,0
9,positive,20,49,2,0,0.000000,0
9,positive,21,0,2,0,0.000000,0
9,positive,21,1,2,0,0.000000,0
9,positive,21,2,2,0,0.000000,0
9,positive,21,3,2,0,0.000000,0
9,positive,21,4,0,0,0.000000,0
9,positive,21,5,2,0,0.000000,0
9,positive,21,6,2,0,0.000000,0
9,positive,21,7,2,0,0.000000,0
9,positive,21,8,2,0,0.000000,0
9,positive,21,9,2,0,0.000000,0
9,positive,21,10,0,0,0.000000,0
9,positive,21,11,0,0,0.000000,0
9,positive,21,12,0,0,0.000000,0
9,positive,21,13,2,0,0.000000,0
9,positive,21,14,2,0,0.000000,0
9,positive,21,15,2,0,0.000000,0
9,positive,21,16,2,0,0.000000,0
9,positive,21,17,2,0,0.000000,0
9,positive,21,18,2,0,0.000000,0
9,positive,21,19,2,0,0.000000,0
9,positive,21,20,2,0,0.000000,0
9,positive,21,21,2,0,0.000000,0
9,positive,21,22,2,0,0.000000,0
9,positive,21,23,2,0,0.000000,0
9,positive,21,24,2,0,0.000000,0
9,positive,21,25,2,0,0.000000,0
9,positive,21,26,2,0,0.000000,0
9,positive,21,27,2,0,0.000000,0
9,positive,21,28,2,0,0.000000,0
9,positive,21,29,2,0,0.000000,0
9,positive,21,30,2,0,0.000000,0
9,positive,21,31,2,0,0.000000,0
9,positive,21,32,2,0,0.000000,0
9,positive,21,33,2,0,0.000000,0
9,positive,21,34,2,0,0.000000,0
9,positive,21,35,2,0,0.000000,0
9,positive,21,36,2,0,0.000000,0
9,positive,21,37,2,0,0.000000,0
9,positive,21,38,2,0,0.000000,0
9,positive,21,39,2,0,0.000000,0
9,positive,21,40,2,0,0.000000,0
9,positive,21,41,0,0,0.000000,0
9,positive,21,42,2,0,0.000000,0
9,positive,21,43,0,0,0.000000,0
9,positive,21,44,2,0,0.000000,0
9,positive,21,45,2,0,0.000000,0
9,positive,21,46,2,0,0.000000,0
9,positive,21,47,2,0,0.000000,0
9,positive,21,48,2,0,0.000000,0
9,positive,21,49,2,0,0.000000,0
9,positive,22,0,2,0,0.000000,0
9,positive,22,1,2,0,0.000000,0
9,positive,22,2,2,0,0.000000,0
9,positive,22,3,2,0,0.000000,0
9,positive,22,4,2,0,0.000000,0
9,positive,22,5,2,0,0.000000,0
9,positive,22,6,2,0,0.000000,0
9,positive,22,7,2,0,0.000000,0
9,positive,22,8,2,0,0.000000,0
9,positive,22,9,2,0,0.000000,0
9,positive,22,10,2,0,0.000000,0
9,positive,22,11,2,0,0.000000,0
9,positive,22,12,2,0,0.000000,0
9,positive,22,13,0,0,0.000000,0
9,positive,22,14,2,0,0.000000,0
9,positive,22,15,2,0,0.000000,0
9,positive,22,16,2,0,0.000000,0
9,positive,22,17,2,0,0.000000,0
9,positive,22,18,2,0,0.000000,0
9,positive,22,19,0,0,0.000000,0
9,positive,22,20,2,0,0.000000,0
9,positive,22,21,2,0,0.000000,0
9,positive,22,22,2,0,0.000000,0
9,positive,22,23,2,0,0.000000,0
9,positive,22,24,2,0,0.000000,0
9,positive,22,25,2,0,0.000000,0
9,positive,22,26,2,0,0.000000,0
9,positive,22,27,2,0,0.000000,0
9,positive,22,28,2,0,0.000000,0
9,positive,22,29,2,0,0.000000,0
9,positive,22,30,2,0,0.000000,0
9,positive,22,31,2,0,0.000000,0
9,positive,22,32,2,0,0.000000,0
9,positive,22,33,2,0,0.000000,0
9,positive,22,34,0,0,0.000000,0
9,positive,22,35,2,0,0.000000,0
9,positive,22,36,2,0,0.000000,0
9,positive,22,37,2,0,0.000000,0
9,positive,22,38,2,0,0.000000,0
9,positive,22,39,2,0,0.000000,0
9,positive,22,40,2,0,0.000000,0
9,positive,22,41,2,0,0.000000,0
9,positive,22,42,2,0,0.000000,0
9,positive,22,43,2,0,0.000000,0
9,positive,22,44,2,0,0.000000,0
9,positive,22,45,2,0,0.000000,0
9,positive,22,46,2,0,0.000000,0
9,positive,22,47,0,0,0.000000,0
9,positive,22,48,2,0,0.000000,0
9,positive,22,49,2,0,0.000000,0
9,positive,23,0,2,0,0.000000,0
9,positive,23,1,2,0,0.000000,0
9,positive,23,2,2,0,0.000000,0
9,positive,23,3,2,0,0.000000,0
9,positive,23,4,2,0,0.000000,0
9,positive,23,5,2,0,0.000000,0
9,positive,23,6,2,0,0.000000,0
9,positive,23,7,2,0,0.000000,0
9,positive,23,8,2,0,0.000000,0
9,positive,23,9,2,0,0.000000,0
9,positive,23,10,2,0,0.000000,0
9,positive,23,11,2,0,0.000000,0
9,positive,23,12,2,0,0.000000,0
9,positive,23,13,0,0,0.000000,0
9,positive,23,14,2,0,0.000000,0
9,positive,23,15,0,0,0.000000,0
9,positive,23,16,0,0,0.000000,0
9,positive,23,17,2,0,0.000000,0
9,positive,23,18,2,0,0.000000,0
9,positive,23,19,2,0,0.000000,0
9,positive,23,20,2,0,0.000000,0
9,positive,23,21,2,0,0.000000,0
9,positive,23,22,2,0,0.000000,0
9,positive,23,23,2,0,0.000000,0
9,positive,23,24,2,0,0.000000,0
9,positive,23,25,2,0,0.000000,0
9,positive,23,26,2,0,0.000000,0
9,positive,23,27,0,0,0.000000,0
9,positive,23,28,2,0,0.000000,0
9,positive,23,29,2,0,0.000000,0
9,positive,23,30,2,0,0.000000,0
9,positive,23,31,2,0,0.000000,0
9,positive,23,32,2,0,0.000000,0
9,positive,23,33,0,0,0.000000,0
9,positive,23,34,2,0,0.000000,0
9,positive,23,35,2,0,0.000000,0
9,positive,23,36,2,0,0.000000,0
9,positive,23,37,2,0,0.000000,0
9,positive,23,38,2,0,0.000000,0
9,positive,23,39,2,0,0.000000,0
9,positive,23,40,2,0,0.000000,0
9,positive,23,41,2,0,0.000000,0
9,positive,23,42,2,0,0.000000,0
9,positive,23,43,2,0,0.000000,0
9,positive,23,44,2,0,0.000000,0
9,positive,23,45,2,0,0.000000,0
9,positive,23,46,2,0,0.000000,0
9,positive,23,47,0,0,0.000000,0
9,positive,23,48,0,0,0.000000,0
9,positive,23,49,2,0,0.000000,0
9,positive,24,0,2,0,0.000000,0
9,positive,24,1,2,0,0.000000,0
9,positive,24,2,2,0,0.000000,0
9,positive,24,3,2,0,0.000000,0
9,positive,24,4,2,0,0.000000,0
9,positive,24,5,2,0,0.000000,0
9,positive,24,6,2,0,0.000000,0
9,positive,24,7,2,0,0.000000,0
9,positive,24,8,2,0,0.000000,0
9,positive,24,9,2,0,0.000000,0
9,positive,24,10,2,0,0.000000,0
9,positive,24,11,2,0,0.000000,0
9,positive,24,12,2,0,0.000000,0
9,positive,24,13,2,0,0.000000,0
9,positive,24,14,2,0,0.000000,0
9,positive,24,15,2,0,0.000000,0
9,positive,24,16,2,0,0.000000,0
9,positive,24,17,2,0,0.000000,0
9,positive,24,18,2,0,0.000000,0
9,positive,24,19,2,0,0.000000,0
9,positive,24,20,2,0,0.000000,0
9,positive,24,21,2,0,0.000000,0
9,positive,24,22,2,0,0.000000,0
9,positive,24,23,2,0,0.000000,0
9,positive,24,24,2,0,0.000000,0
9,positive,24,25,2,0,0.000000,0
9,positive,24,26,2,0,0.000000,0
9,positive,24,27,2,0,0.000000,0
9,positive,24,28,2,0,0.000000,0
9,positive,24,29,2,0,0.000000,0
9,positive,24,30,2,0,0.000000,0
9,positive,24,31,2,0,0.000000,0
9,positive,24,32,0,0,0.000000,0
9,positive,24,33,2,0,0.000000,0
9,positive,24,34,2,0,0.000000,0
9,positive,24,35,2,0,0.000000,0
9,positive,24,36,2,0,0.000000,0
9,positive,24,37,2,0,0.000000,0
9,positive,24,38,2,0,0.000000,0
9,positive,24,39,2,0,0.000000,0
9,positive,24,40,2,0,0.000000,0
9,positive,24,41,2,0,0.000000,0
9,positive,24,42,2,0,0.000000,0
9,positive,24,43,0,0,0.000000,0
9,positive,24,44,2,0,0.000000,0
9,positive,24,45,0,0,0.000000,0
9,positive,24,46,2,0,0.000000,0
9,positive,24,47,2,0,0.000000,0
9,positive,24,48,2,0,0.000000,0
9,positive,24,49,2,0,0.000000,0
9,positive,25,0,2,0,0.000000,0
9,positive,25,1,2,0,0.000000,0
9,positive,25,2,0,0,0.000000,0
9,positive,25,3,0,0,0.000000,0
9,positive,25,4,2,0,0.000000,0
9,positive,25,5,0,0,0.000000,0
9,positive,25,6,2,0,0.000000,0
9,positive,25,7,2,0,0.000000,0
9,positive,25,8,2,0,0.000000,0
9,positive,25,9,2,0,0.000000,0
9,positive,25,10,2,0,0.000000,0
9,positive,25,11,2,0,0.000000,0
9,positive,25,12,2,0,0.000000,0
9,positive,25,13,2,0,0.000000,0
9,positive,25,14,0,0,0.000000,0
9,positive,25,15,2,0,0.000000,0
9,positive,25,16,2,0,0.000000,0
9,positive,25,17,2,0,0.000000,0
9,positive,25,18,2,0,0.000000,0
9,positive,25,19,2,0,0.000000,0
9,positive,25,20,2,0,0.000000,0
9,positive,25,21,0,0,0.000000,0
9,positive,25,22,2,0,0.000000,0
9,positive,25,23,2,0,0.000000,0
9,positive,25,24,2,0,0.000000,0
9,positive,25,25,2,0,0.000000,0
9,positive,25,26,0,0,0.000000,0
9,positive,25,27,2,0,0.000000,0
9,positive,25,28,2,0,0.000000,0
9,positive,25,29,2,0,0.000000,0
9,positive,25,30,2,0,0.000000,0
9,positive,25,31,2,0,0.000000,0
9,positive,25,32,2,0,0.000000,0
9,positive,25,33,0,0,0.000000,0
9,positive,25,34,2,0,0.000000,0
9,positive,25,35,2,0,0.000000,0
9,positive,25,36,2,0,0.000000,0
9,positive,25,37,2,0,0.000000,0
9,positive,25,38,0,0,0.000000,0
9,positive,25,39,2,0,0.000000,0
9,positive,25,40,2,0,0.000000,0
9,positive,25,41,2,0,0.000000,0
9,positive,25,42,2,0,0.000000,0
9,positive,25,43,2,0,0.000000,0
9,positive,25,44,2,0,0.000000,0
9,positive,25,45,2,0,0.000000,0
9,positive,25,46,2,0,0.000000,0
9,positive,25,47,2,0,0.000000,0
9,positive,25,48,2,0,0.000000,0
9,positive,25,49,2,0,0.000000,0
9,positive,26,0,2,0,0.000000,0
9,positive,26,1,2,0,0.000000,0
9,positive,26,2,2,0,0.000000,0
9,positive,26,3,2,0,0.000000,0
9,positive,26,4,2,0,0.000000,0
9,positive,26,5,0,0,0.000000,0
9,positive,26,6,2,0,0.000000,0
9,positive,26,7,2,0,0.000000,0
9,positive,26,8,2,0,0.000000,0
9,positive,26,9,2,0,0.000000,0
9,positive,26,10,2,0,0.000000,0
9,positive,26,11,0,0,0.000000,0
9,positive,26,12,2,0,0.000000,0
9,positive,26,13,2,0,0.000000,0
9,positive,26,14,2,0,0.000000,0
9,positive,26,15,2,0,0.000000,0
9,positive,26,16,2,0,0.000000,0
9,positive,26,17,2,0,0.000000,0
9,positive,26,18,2,0,0.000000,0
9,positive,26,19,2,0,0.000000,0
9,positive,26,20,2,0,0.000000,0
9,positive,26,21,0,0,0.000000,0
9,positive,26,22,2,0,0.000000,0
9,positive,26,23,2,0,0.000000,0
9,positive,26,24,2,0,0.000000,0
9,positive,26,25,2,0,0.000000,0
9,positive,26,26,2,0,0.000000,0
9,positive,26,27,2,0,0.000000,0
9,positive,26,28,2,0,0.000000,0
9,positive,26,29,2,0,0.000000,0
9,positive,26,30,0,0,0.000000,0
9,positive,26,31,2,0,0.000000,0
9,positive,26,32,2,0,0.000000,0
9,positive,26,33,2,0,0.000000,0
9,positive,26,34,2,0,0.000000,0
9,positive,26,35,2,0,0.000000,0
9,positive,26,36,2,0,0.000000,0
9,positive,26,37,0,0,0.000000,0
9,positive,26,38,2,0,0.000000,0
9,positive,26,39,2,0,0.000000,0
9,positive,26,40,2,0,0.000000,0
9,positive,26,41,2,0,0.000000,0
9,positive,26,42,2,0,0.000000,0
9,positive,26,43,2,0,0.000000,0
9,positive,26,44,2,0,0.000000,0
9,positive,26,45,2,0,0.000000,0
9,positive,26,46,0,0,0.000000,0
9,positive,26,47,2,0,0.000000,0
9,positive,26,48,0,0,0.000000,0
9,positive,26,49,2,0,0.000000,0
9,positive,27,0,2,0,0.000000,0
9,positive,27,1,2,0,0.000000,0
9,positive,27,2,2,0,0.000000,0
9,positive,27,3,0,0,0.000000,0
9,positive,27,4,2,0,0.000000,0
9,positive,27,5,2,0,0.000000,0
9,positive,27,6,2,0,0.000000,0
9,positive,27,7,0,0,0.000000,0
9,positive,27,8,2,0,0.000000,0
9,positive,27,9,2,0,0.000000,0
9,positive,27,10,2,0,0.000000,0
9,positive,27,11,2,0,0.000000,0
9,positive,27,12,2,0,0.000000,0
9,positive,27,13,2,0,0.000000,0
9,positive,27,14,2,0,0.000000,0
9,positive,27,15,0,0,0.000000,0
9,positive,27,16,2,0,0.000000,0
9,positive,27,17,2,0,0.000000,0
9,positive,27,18,2,0,0.000000,0
9,positive,27,19,2,0,0.000000,0
9,positive,27,20,2,0,0.000000,0
9,positive,27,21,2,0,0.000000,0
9,positive,27,22,2,0,0.000000,0
9,positive,27,23,0,0,0.000000,0
9,positive,27,24,2,0,0.000000,0
9,positive,27,25,0,0,0.000000,0
9,positive,27,26,2,0,0.000000,0
9,positive,27,27,2,0,0.000000,0
9,positive,27,28,2,0,0.000000,0
9,positive,27,29,2,0,0.000000,0
9,positive,27,30,2,0,0.000000,0
9,positive,27,31,2,0,0.000000,0
9,positive,27,32,2,0,0.000000,0
9,positive,27,33,0,0,0.000000,0
9,positive,27,34,2,0,0.000000,0
9,positive,27,35,2,0,0.000000,0
9,positive,27,36,2,0,0.000000,0
9,positive,27,37,2,0,0.000000,0
9,positive,27,38,2,0,0.000000,0
9,positive,27,39,2,0,0.000000,0
9,positive,27,40,2,0,0.000000,0
9,positive,27,41,2,0,0.000000,0
9,positive,27,42,2,0,0.000000,0
9,positive,27,43,2,0,0.000000,0
9,positive,27,44,2,0,0.000000,0
9,positive,27,45,2,0,0.000000,0
9,positive,27,46,2,0,0.000000,0
9,positive,27,47,2,0,0.000000,0
9,positive,27,48,2,0,0.000000,0
9,positive,27,49,2,0,0.000000,0
9,positive,28,0,2,0,0.000000,0
9,positive,28,1,2,0,0.000000,0
9,positive,28,2,2,0,0.000000,0
9,positive,28,3,2,0,0.000000,0
9,positive,28,4,2,0,0.000000,0
9,positive,28,5,0,0,0.000000,0
9,positive,28,6,2,0,0.000000,0
9,positive,28,7,2,0,0.000000,0
9,positive,28,8,2,0,0.000000,0
9,positive,28,9,2,0,0.000000,0
9,positive,28,10,0,0,0.000000,0
9,positive,28,11,0,0,0.000000,0
9,positive,28,12,2,0,0.000000,0
9,positive,28,13,2,0,0.000000,0
9,positive,28,14,2,0,0.000000,0
9,positive,28,15,2,0,0.000000,0
9,positive,28,16,2,0,0.000000,0
9,positive,28,17,2,0,0.000000,0
9,positive,28,18,0,0,0.000000,0
9,positive,28,19,2,0,0.000000,0
9,positive,28,20,2,0,0.000000,0
9,positive,28,21,2,0,0.000000,0
9,positive,28,22,2,0,0.000000,0
9,positive,28,23,2,0,0.000000,0
9,positive,28,24,2,0,0.000000,0
9,positive,28,25,2,0,0.000000,0
9,positive,28,26,2,0,0.000000,0
9,positive,28,27,2,0,0.000000,0
9,positive,28,28,2,0,0.000000,0
9,positive,28,29,2,0,0.000000,0
9,positive,28,30,2,0,0.000000,0
9,positive,28,31,0,0,0.000000,0
9,positive,28,32,2,0,0.000000,0
9,positive,28,33,2,0,0.000000,0
9,positive,28,34,2,0,0.000000,0
9,positive,28,35,2,0,0.000000,0
9,positive,28,36,2,0,0.000000,0
9,positive,28,37,2,0,0.000000,0
9,positive,28,38,2,0,0.000000,0
9,positive,28,39,2,0,0.000000,0
9,positive,28,40,2,0,0.000000,0
9,positive,28,41,2,0,0.000000,0
9,positive,28,42,2,0,0.000000,0
9,positive,28,43,2,0,0.000000,0
9,positive,28,44,2,0,0.000000,0
9,positive,28,45,2,0,0.000000,0
9,positive,28,46,2,0,0.000000,0
9,positive,28,47,2,0,0.000000,0
9,positive,28,48,2,0,0.000000,0
9,positive,28,49,0,0,0.000000,0
9,positive,29,0,2,0,0.000000,0
9,positive,29,1,2,0,0.000000,0
9,positive,29,2,0,0,0.000000,0
9,positive,29,3,2,0,0.000000,0
9,positive,29,4,2,0,0.000000,0
9,positive,29,5,2,0,0.000000,0
9,positive,29,6,0,0,0.000000,0
9,positive,29,7,0,0,0.000000,0
9,positive,29,8,2,0,0.000000,0
9,positive,29,9,2,0,0.000000,0
9,positive,29,10,2,0,0.000000,0
9,positive,29,11,2,0,0.000000,0
9,positive,29,12,2,0,0.000000,0
9,positive,29,13,2,0,0.000000,0
9,positive,29,14,2,0,0.000000,0
9,positive,29,15,2,0,0.000000,0
9,positive,29,16,0,0,0.000000,0
9,positive,29,17,0,0,0.000000,0
9,positive,29,18,2,0,0.000000,0
9,positive,29,19,0,0,0.000000,0
9,positive,29,20,2,0,0.000000,0
9,positive,29,21,2,0,0.000000,0
9,positive,29,22,2,0,0.000000,0
9,positive,29,23,2,0,0.000000,0
9,positive,29,24,2,0,0.000000,0
9,positive,29,25,2,0,0.000000,0
9,positive,29,26,2,0,0.000000,0
9,positive,29,27,2,0,0.000000,0
9,positive,29,28,2,0,0.000000,0
9,positive,29,29,2,0,0.000000,0
9,positive,29,30,2,0,0.000000,0
9,positive,29,31,2,0,0.000000,0
9,positive,29,32,0,0,0.000000,0
9,positive,29,33,2,0,0.000000,0
9,positive,29,34,0,0,0.000000,0
9,positive,29,35,2,0,0.000000,0
9,positive,29,36,2,0,0.000000,0
9,positive,29,37,2,0,0.000000,0
9,positive,29,38,2,0,0.000000,0
9,positive,29,39,2,0,0.000000,0
9,positive,29,40,2,0,0.000000,0
9,positive,29,41,0,0,0.000000,0
9,positive,29,42,2,0,0.000000,0
9,positive,29,43,2,0,0.000000,0
9,positive,29,44,0,0,0.000000,0
9,positive,29,45,2,0,0.000000,0
9,positive,29,46,2,0,0.000000,0
9,positive,29,47,2,0,0.000000,0
9,positive,29,48,2,0,0.000000,0
9,positive,29,49,2,0,0.000000,0
9,positive,30,0,2,0,0.000000,0
9,positive,30,1,2,0,0.000000,0
9,positive,30,2,2,0,0.000000,0
9,positive,30,3,2,0,0.000000,0
9,positive,30,4,2,0,0.000000,0
9,positive,30,5,2,0,0.000000,0
9,positive,30,6,2,0,0.000000,0
9,positive,30,7,2,0,0.000000,0
9,positive,30,8,2,0,0.000000,0
9,positive,30,9,2,0,0.000000,0
9,positive,30,10,2,0,0.000000,0
9,positive,30,11,2,0,0.000000,0
9,positive,30,12,0,0,0.000000,0
9,positive,30,13,2,0,0.000000,0
9,positive,30,14,2,0,0.000000,0
9,positive,30,15,2,0,0.000000,0
9,positive,30,16,2,0,0.000000,0
9,positive,30,17,2,0,0.000000,0
9,positive,30,18,2,0,0.000000,0
9,positive,30,19,2,0,0.000000,0
9,positive,30,20,2,0,0.000000,0
9,positive,30,21,2,0,0.000000,0
9,positive,30,22,2,0,0.000000,0
9,positive,30,23,2,0,0.000000,0
9,positive,30,24,2,0,0.000000,0
9,positive,30,25,2,0,0.000000,0
9,positive,30,26,2,0,0.000000,0
9,positive,30,27,2,0,0.000000,0
9,positive,30,28,2,0,0.000000,0
9,positive,30,29,2,0,0.000000,0
9,positive,30,30,2,0,0.000000,0
9,positive,30,31,2,0,0.000000,0
9,positive,30,32,2,0,0.000000,0
9,positive,30,33,2,0,0.000000,0
9,positive,30,34,2,0,0.000000,0
9,positive,30,35,2,0,0.000000,0
9,positive,30,36,2,0,0.000000,0
9,positive,30,37,2,0,0.000000,0
9,positive,30,38,2,0,0.000000,0
9,positive,30,39,2,1,1.000000,1
9,positive,30,40,2,1,1.000000,1
9,positive,30,41,2,1,1.000000,1
9,positive,30,42,2,1,1.000000,1
9,positive,30,43,2,1,1.000000,1
9,positive,30,44,0,0,0.000000,0
9,positive,30,45,2,0,0.000000,0
9,positive,30,46,2,0,0.000000,0
9,positive,30,47,2,0,0.000000,0
9,positive,30,48,2,0,0.000000,0
9,positive,30,49,2,0,0.000000,0
9,positive,31,0,2,0,0.000000,0
9,positive,31,1,2,0,0.000000,0
9,positive,31,2,2,0,0.000000,0
9,positive,31,3,2,0,0.000000,0
9,positive,31,4,2,0,0.000000,0
9,positive,31,5,2,0,0.000000,0
9,positive,31,6,2,0,0.000000,0
9,positive,31,7,2,0,0.000000,0
9,positive,31,8,2,0,0.000000,0
9,positive,31,9,2,0,0.000000,0
9,positive,31,10,2,0,0.000000,0
9,positive,31,11,2,0,0.000000,0
9,positive,31,12,2,0,0.000000,0
9,positive,31,13,0,0,0.000000,0
9,positive,31,14,0,0,0.000000,0
9,positive,31,15,2,0,0.000000,0
9,positive,31,16,2,0,0.000000,0
9,positive,31,17,2,0,0.000000,0
9,positive,31,18,2,0,0.000000,0
9,positive,31,19,2,0,0.000000,0
9,positive,31,20,2,0,0.000000,0
9,positive,31,21,2,0,0.000000,0
9,positive,31,22,2,0,0.000000,0
9,positive,31,23,2,0,0.000000,0
9,positive,31,24,2,0,0.000000,0
9,positive,31,25,2,0,0.000000,0
9,positive,31,26,2,0,0.000000,0
9,positive,31,27,2,0,0.000000,0
9,positive,31,28,2,0,0.000000,0
9,positive,31,29,0,0,0.000000,0
9,positive,31,30,0,0,0.000000,0
9,positive,31,31,2,0,0.000000,0
9,positive,31,32,2,0,0.000000,0
9,positive,31,33,2,0,0.000000,0
9,positive,31,34,2,0,0.000000,0
9,positive,31,35,2,0,0.000000,0
9,positive,31,36,2,0,0.000000,0
9,positive,31,37,2,0,0.000000,0
9,positive,31,38,2,0,0.000000,0
9,positive,31,39,2,0,0.000000,0
9,positive,31,40,2,0,0.000000,0
9,positive,31,41,2,0,0.000000,0
9,positive,31,42,2,0,0.000000,0
9,positive,31,43,2,0,0.000000,0
9,positive,31,44,2,0,0.000000,0
9,positive,31,45,2,0,0.000000,0
9,positive,31,46,2,0,0.000000,0
9,positive,31,47,2,0,0.000000,0
9,positive,31,48,2,0,0.000000,0
9,positive,31,49,2,0,0.000000,0
9,positive,32,0,2,0,0.000000,0
9,positive,32,1,2,0,0.000000,0
9,positive,32,2,2,0,0.000000,0
9,positive,32,3,0,0,0.000000,0
9,positive,32,4,0,0,0.000000,0
9,positive,32,5,2,0,0.000000,0
9,positive,32,6,2,0,0.000000,0
9,positive,32,7,2,0,0.000000,0
9,positive,32,8,2,0,0.000000,0
9,positive,32,9,2,0,0.000000,0
9,positive,32,10,0,0,0.000000,0
9,positive,32,11,2,0,0.000000,0
9,positive,32,12,0,0,0.000000,0
9,positive,32,13,2,0,0.000000,0
9,positive,32,14,2,0,0.000000,0
9,positive,32,15,2,0,0.000000,0
9,positive,32,16,2,0,0.000000,0
9,positive,32,17,2,0,0.000000,0
9,positive,32,18,2,0,0.000000,0
9,positive,32,19,2,0,0.000000,0
9,positive,32,20,2,0,0.000000,0
9,positive,32,21,2,0,0.000000,0
9,positive,32,22,2,0,0.000000,0
9,positive,32,23,2,0,0.000000,0
9,positive,32,24,2,0,0.000000,0
9,positive,32,25,2,0,0.000000,0
9,positive,32,26,2,0,0.000000,0
9,positive,32,27,0,0,0.000000,0
9,positive,32,28,2,0,0.000000,0
9,positive,32,29,2,0,0.000000,0
9,positive,32,30,2,0,0.000000,0
9,positive,32,31,2,0,0.000000,0
9,positive,32,32,2,0,0.000000,0
9,positive,32,33,2,0,0.000000,0
9,positive,32,34,2,0,0.000000,0
9,positive,32,35,2,0,0.000000,0
9,positive,32,36,2,0,0.000000,0
9,positive,32,37,2,0,0.000000,0
9,positive,32,38,2,0,0.000000,0
9,positive,32,39,2,0,0.000000,0
9,positive,32,40,2,0,0.000000,0
9,positive,32,41,2,1,1.000000,1
9,positive,32,42,2,1,1.000000,1
9,positive,32,43,2,1,1.000000,1
9,positive,32,44,2,1,1.000000,1
9,positive,32,45,2,1,1.000000,1
9,positive,32,46,2,0,0.000000,0
9,positive,32,47,2,0,0.000000,0
9,positive,32,48,2,0,0.000000,0
9,positive,32,49,2,0,0.000000,0
9,positive,33,0,2,0,0.000000,0
9,positive,33,1,2,0,0.000000,0
9,positive,33,2,2,0,0.000000,0
9,positive,33,3,2,0,0.000000,0
9,positive,33,4,2,0,0.000000,0
9,positive,33,5,2,0,0.000000,0
9,positive,33,6,2,0,0.000000,0
9,positive,33,7,2,0,0.000000,0
9,positive,33,8,2,0,0.000000,0
9,positive,33,9,2,0,0.000000,0
9,positive,33,10,2,0,0.000000,0
9,positive,33,11,2,0,0.000000,0
9,positive,33,12,2,0,0.000000,0
9,positive,33,13,2,0,0.000000,0
9,positive,33,14,2,0,0.000000,0
9,positive,33,15,2,0,0.000000,0
9,positive,33,16,2,0,0.000000,0
9,positive,33,17,2,0,0.000000,0
9,positive,33,18,2,0,0.000000,0
9,positive,33,19,2,0,0.000000,0
9,positive,33,20,2,0,0.000000,0
9,positive,33,21,2,0,0.000000,0
9,positive,33,22,2,0,0.000000,0
9,positive,33,23,2,0,0.000000,0
9,positive,33,24,0,0,0.000000,0
9,positive,33,25,2,0,0.000000,0
9,positive,33,26,2,0,0.000000,0
9,positive,33,27,2,0,0.000000,0
9,positive,33,28,2,0,0.000000,0
9,positive,33,29,2,0,0.000000,0
9,positive,33,30,2,0,0.000000,0
9,positive,33,31,2,0,0.000000,0
9,positive,33,32,0,0,0.000000,0
9,positive,33,33,2,0,0.000000,0
9,positive,33,34,2,0,0.000000,0
9,positive,33,35,2,0,0.000000,0
9,positive,33,36,2,0,0.000000,0
9,positive,33,37,2,0,0.000000,0
9,positive,33,38,2,0,0.000000,0
9,positive,33,39,2,0,0.000000,0
9,positive,33,40,2,0,0.000000,0
9,positive,33,41,2,0,0.000000,0
9,positive,33,42,2,0,0.000000,0
9,positive,33,43,2,0,0.000000,0
9,positive,33,44,0,0,0.000000,0
9,positive,33,45,2,0,0.000000,0
9,positive,33,46,2,0,0.000000,0
9,positive,33,47,2,0,0.000000,0
9,positive,33,48,2,0,0.000000,0
9,positive,33,49,2,0,0.000000,0
9,positive,34,0,2,0,0.000000,0
9,positive,34,1,2,0,0.000000,0
9,positive,34,2,0,0,0.000000,0
9,positive,34,3,2,0,0.000000,0
9,positive,34,4,2,0,0.000000,0
9,positive,34,5,2,0,0.000000,0
9,positive,34,6,0,0,0.000000,0
9,positive,34,7,2,0,0.000000,0
9,positive,34,8,0,0,0.000000,0
9,positive,34,9,2,0,0.000000,0
9,positive,34,10,2,0,0.000000,0
9,positive,34,11,2,0,0.000000,0
9,positive,34,12,2,0,0.000000,0
9,positive,34,13,2,0,0.000000,0
9,positive,34,14,2,0,0.000000,0
9,positive,34,15,2,0,0.000000,0
9,positive,34,16,2,0,0.000000,0
9,positive,34,17,0,0,0.000000,0
9,positive,34,18,2,0,0.000000,0
9,positive,34,19,2,0,0.000000,0
9,positive,34,20,2,0,0.000000,0
9,positive,34,21,2,0,0.000000,0
9,positive,34,22,0,0,0.000000,0
9,positive,34,23,2,0,0.000000,0
9,positive,34,24,2,0,0.000000,0
9,positive,34,25,2,0,0.000000,0
9,positive,34,26,2,0,0.000000,0
9,positive,34,27,2,0,0.000000,0
9,positive,34,28,0,0,0.000000,0
9,positive,34,29,2,0,0.000000,0
9,positive,34,30,2,0,0.000000,0
9,positive,34,31,2,0,0.000000,0
9,positive,34,32,2,0,0.000000,0
9,positive,34,33,2,0,0.000000,0
9,positive,34,34,2,0,0.000000,0
9,positive,34,35,2,0,0.000000,0
9,positive,34,36,2,0,0.000000,0
9,positive,34,37,2,0,0.000000,0
9,positive,34,38,2,0,0.000000,0
9,positive,34,39,2,0,0.000000,0
9,positive,34,40,2,0,0.000000,0
9,positive,34,41,2,0,0.000000,0
9,positive,34,42,2,0,0.000000,0
9,positive,34,43,2,0,0.000000,0
9,positive,34,44,2,0,0.000000,0
9,positive,34,45,2,0,0.000000,0
9,positive,34,46,2,0,0.000000,0
9,positive,34,47,2,0,0.000000,0
9,positive,34,48,2,0,0.000000,0
9,positive,34,49,2,0,0.000000,0
9,positive,35,0,2,0,0.000000,0
9,positive,35,1,2,0,0.000000,0
9,positive,35,2,2,0,0.000000,0
9,positive,35,3,2,0,0.000000,0
9,positive,35,4,2,0,0.000000,0
9,positive,35,5,0,0,0.000000,0
9,positive,35,6,2,0,0.000000,0
9,positive,35,7,2,0,0.000000,0
9,positive,35,8,2,0,0.000000,0
9,positive,35,9,2,0,0.000000,0
9,positive,35,10,2,0,0.000000,0
9,positive,35,11,2,0,0.000000,0
9,positive,35,12,2,0,0.000000,0
9,positive,35,13,2,0,0.000000,0
9,positive,35,14,2,0,0.000000,0
9,positive,35,15,2,0,0.000000,0
9,positive,35,16,2,0,0.000000,0
9,positive,35,17,2,0,0.000000,0
9,positive,35,18,2,0,0.000000,0
9,positive,35,19,2,0,0.000000,0
9,positive,35,20,2,0,0.000000,0
9,positive,35,21,2,0,0.000000,0
9,positive,35,22,0,0,0.000000,0
9,positive,35,23,2,0,0.000000,0
9,positive,35,24,2,0,0.000000,0
9,positive,35,25,2,0,0.000000,0
9,positive,35,26,2,0,0.000000,0
9,positive,35,27,2,0,0.000000,0
9,positive,35,28,2,0,0.000000,0
9,positive,35,29,2,0,0.000000,0
9,positive,35,30,2,0,0.000000,0
9,positive,35,31,2,0,0.000000,0
9,positive,35,32,2,0,0.000000,0
9,positive,35,33,2,0,0.000000,0
9,positive,35,34,2,0,0.000000,0
9,positive,35,35,2,0,0.000000,0
9,positive,35,36,2,0,0.000000,0
9,positive,35,37,0,0,0.000000,0
9,positive,35,38,2,0,0.000000,0
9,positive,35,39,2,0,0.000000,0
9,positive,35,40,2,0,0.000000,0
9,positive,35,41,2,0,0.000000,0
9,positive,35,42,2,0,0.000000,0
9,positive,35,43,2,0,0.000000,0
9,positive,35,44,2,0,0.000000,0
9,positive,35,45,2,0,0.000000,0
9,positive,35,46,2,0,0.000000,0
9,positive,35,47,2,0,0.000000,0
9,positive,35,48,2,0,0.000000,0
9,positive,35,49,2,0,0.000000,0
9,positive,36,0,2,0,0.000000,0
9,positive,36,1,2,0,0.000000,0
9,positive,36,2,2,0,0.000000,0
9,positive,36,3,2,0,0.000000,0
9,positive,36,4,2,0,0.000000,0
9,positive,36,5,0,0,0.000000,0
9,positive,36,6,2,0,0.000000,0
9,positive,36,7,2,0,0.000000,0
9,positive,36,8,2,0,0.000000,0
9,positive,36,9,2,0,0.000000,0
9,positive,36,10,0,0,0.000000,0
9,positive,36,11,2,0,0.000000,0
9,positive,36,12,2,0,0.000000,0
9,positive,36,13,2,0,0.000000,0
9,positive,36,14,2,0,0.000000,0
9,positive,36,15,2,0,0.000000,0
9,positive,36,16,2,0,0.000000,0
9,positive,36,17,2,0,0.000000,0
9,positive,36,18,2,0,0.000000,0
9,positive,36,19,2,0,0.000000,0
9,positive,36,20,2,0,0.000000,0
9,positive,36,21,0,0,0.000000,0
9,positive,36,22,2,0,0.000000,0
9,positive,36,23,2,0,0.000000,0
9,positive,36,24,2,0,0.000000,0
9,positive,36,25,2,0,0.000000,0
9,positive,36,26,2,0,0.000000,0
9,positive,36,27,2,0,0.000000,0
9,positive,36,28,0,0,0.000000,0
9,positive,36,29,2,0,0.000000,0
9,positive,36,30,2,0,0.000000,0
9,positive,36,31,2,0,0.000000,0
9,positive,36,32,2,0,0.000000,0
9,positive,36,33,2,0,0.000000,0
9,positive,36,34,2,0,0.000000,0
9,positive,36,35,2,0,0.000000,0
9,positive,36,36,2,0,0.000000,0
9,positive,36,37,2,0,0.000000,0
9,positive,36,38,2,0,0.000000,0
9,positive,36,39,2,0,0.000000,0
9,positive,36,40,2,0,0.000000,0
9,positive,36,41,2,0,0.000000,0
9,positive,36,42,2,0,0.000000,0
9,positive,36,43,2,0,0.000000,0
9,positive,36,44,2,0,0.000000,0
9,positive,36,45,2,0,0.000000,0
9,positive,36,46,2,0,0.000000,0
9,positive,36,47,2,0,0.000000,0
9,positive,36,48,2,0,0.000000,0
9,positive,36,49,0,0,0.000000,0
9,positive,37,0,2,0,0.000000,0
9,positive,37,1,2,0,0.000000,0
9,positive,37,2,2,0,0.000000,0
9,positive,37,3,2,0,0.000000,0
9,positive,37,4,2,0,0.000000,0
9,positive,37,5,0,0,0.000000,0
9,positive,37,6,2,0,0.000000,0
9,positive,37,7,0,0,0.000000,0
9,positive,37,8,2,0,0.000000,0
9,positive,37,9,2,0,0.000000,0
9,positive,37,10,2,0,0.000000,0
9,positive,37,11,2,0,0.000000,0
9,positive,37,12,2,0,0.000000,0
9,positive,37,13,2,0,0.000000,0
9,positive,37,14,2,0,0.000000,0
9,positive,37,15,2,0,0.000000,0
9,positive,37,16,2,0,0.000000,0
9,positive,37,17,2,0,0.000000,0
9,positive,37,18,2,0,0.000000,0
9,positive,37,19,2,0,0.000000,0
9,positive,37,20,2,0,0.000000,0
9,positive,37,21,0,0,0.000000,0
9,positive,37,22,2,0,0.000000,0
9,positive,37,23,2,0,0.000000,0
9,positive,37,24,0,0,0.000000,0
9,positive,37,25,2,0,0.000000,0
9,positive,37,26,2,0,0.000000,0
9,positive,37,27,2,0,0.000000,0
9,positive,37,28,2,0,0.000000,0
9,positive,37,29,0,0,0.000000,0
9,positive,37,30,2,0,0.000000,0
9,positive,37,31,2,0,0.000000,0
9,positive,37,32,0,0,0.000000,0
9,positive,37,33,2,0,0.000000,0
9,positive,37,34,2,0,0.000000,0
9,positive,37,35,2,0,0.000000,0
9,positive,37,36,2,0,0.000000,0
9,positive,37,37,2,0,0.000000,0
9,positive,37,38,2,0,0.000000,0
9,positive,37,39,0,0,0.000000,0
9,positive,37,40,0,0,0.000000,0
9,positive,37,41,2,0,0.000000,0
9,positive,37,42,2,0,0.000000,0
9,positive,37,43,2,0,0.000000,0
9,positive,37,44,2,0,0.000000,0
9,positive,37,45,2,0,0.000000,0
9,positive,37,46,2,0,0.000000,0
9,positive,37,47,0,0,0.000000,0
9,positive,37,48,2,0,0.000000,0
9,positive,37,49,2,0,0.000000,0
9,positive,38,0,2,0,0.000000,0
9,positive,38,1,2,0,0.000000,0
9,positive,38,2,2,0,0.000000,0
9,positive,38,3,2,0,0.000000,0
9,positive,38,4,2,0,0.000000,0
9,positive,38,5,2,0,0.000000,0
9,positive,38,6,2,0,0.000000,0
9,positive,38,7,0,0,0.000000,0
9,positive,38,8,0,0,0.000000,0
9,positive,38,9,2,0,0.000000,0
9,positive,38,10,2,0,0.000000,0
9,positive,38,11,2,0,0.000000,0
9,positive,38,12,2,0,0.000000,0
9,positive,38,13,2,0,0.000000,0
9,positive,38,14,2,0,0.000000,0
9,positive,38,15,2,0,0.000000,0
9,positive,38,16,2,0,0.000000,0
9,positive,38,17,2,0,0.000000,0
9,positive,38,18,2,0,0.000000,0
9,positive,38,19,2,0,0.000000,0
9,positive,38,20,2,0,0.000000,0
9,positive,38,21,0,0,0.000000,0
9,positive,38,22,2,0,0.000000,0
9,positive,38,23,2,0,0.000000,0
9,positive,38,24,2,0,0.000000,0
9,positive,38,25,2,0,0.000000,0
9,positive,38,26,2,0,0.000000,0
9,positive,38,27,2,0,0.000000,0
9,positive,38,28,2,0,0.000000,0
9,positive,38,29,2,0,0.000000,0
9,positive,38,30,2,0,0.000000,0
9,positive,38,31,0,0,0.000000,0
9,positive,38,32,2,0,0.000000,0
9,positive,38,33,2,0,0.000000,0
9,positive,38,34,2,0,0.000000,0
9,positive,38,35,2,0,0.000000,0
9,positive,38,36,2,0,0.000000,0
9,positive,38,37,2,0,0.000000,0
9,positive,38,38,2,0,0.000000,0
9,positive,38,39,2,0,0.000000,0
9,positive,38,40,2,0,0.000000,0
9,positive,38,41,2,0,0.000000,0
9,positive,38,42,2,0,0.000000,0
9,positive,38,43,2,0,0.000000,0
9,positive,38,44,0,0,0.000000,0
9,positive,38,45,2,0,0.000000,0
9,positive,38,46,2,0,0.000000,0
9,positive,38,47,2,0,0.000000,0
9,positive,38,48,2,0,0.000000,0
9,positive,38,49,2,0,0.000000,0
9,positive,39,0,0,0,0.000000,0
9,positive,39,1,2,0,0.000000,0
9,positive,39,2,2,0,0.000000,0
9,positive,39,3,2,0,0.000000,0
9,positive,39,4,2,0,0.000000,0
9,positive,39,5,2,0,0.000000,0
9,positive,39,6,2,0,0.000000,0
9,positive,39,7,2,0,0.000000,0
9,positive,39,8,2,0,0.000000,0
9,positive,39,9,2,0,0.000000,0
9,positive,39,10,2,0,0.000000,0
9,positive,39,11,2,0,0.000000,0
9,positive,39,12,2,0,0.000000,0
9,positive,39,13,2,0,0.000000,0
9,positive,39,14,2,0,0.000000,0
9,positive,39,15,0,0,0.000000,0
9,positive,39,16,2,0,0.000000,0
9,positive,39,17,2,0,0.000000,0
9,positive,39,18,2,0,0.000000,0
9,positive,39,19,0,0,0.000000,0
9,positive,39,20,2,0,0.000000,0
9,positive,39,21,2,0,0.000000,0
9,positive,39,22,0,0,0.000000,0
9,positive,39,23,2,0,0.000000,0
9,positive,39,24,2,0,0.000000,0
9,positive,39,25,0,0,0.000000,0
9,positive,39,26,2,0,0.000000,0
9,positive,39,27,0,0,0.000000,0
9,positive,39,28,2,0,0.000000,0
9,positive,39,29,0,0,0.000000,0
9,positive,39,30,2,0,0.000000,0
9,positive,39,31,2,0,0.000000,0
9,positive,39,32,2,0,0.000000,0
9,positive,39,33,2,0,0.000000,0
9,positive,39,34,2,0,0.000000,0
9,positive,39,35,0,0,0.000000,0
9,positive,39,36,2,0,0.000000,0
9,positive,39,37,2,0,0.000000,0
9,positive,39,38,2,0,0.000000,0
9,positive,39,39,2,0,0.000000,0
9,positive,39,40,2,0,0.000000,0
9,positive,39,41,2,0,0.000000,0
9,positive,39,42,2,0,0.000000,0
9,positive,39,43,2,0,0.000000,0
9,positive,39,44,2,0,0.000000,0
9,positive,39,45,2,0,0.000000,0
9,positive,39,46,2,0,0.000000,0
9,positive,39,47,2,0,0.000000,0
9,positive,39,48,2,0,0.000000,0
9,positive,39,49,2,0,0.000000,0
9,positive,40,0,2,0,0.000000,0
9,positive,40,1,2,0,0.000000,0
9,positive,40,2,2,0,0.000000,0
9,positive,40,3,2,0,0.000000,0
9,positive,40,4,2,0,0.000000,0
9,positive,40,5,2,0,0.000000,0
9,positive,40,6,2,0,0.000000,0
9,positive,40,7,0,0,0.000000,0
9,positive,40,8,2,0,0.000000,0
9,positive,40,9,2,0,0.000000,0
9,positive,40,10,0,0,0.000000,0
9,positive,40,11,2,0,0.000000,0
9,positive,40,12,2,0,0.000000,0
9,positive,40,13,2,0,0.000000,0
9,positive,40,14,2,0,0.000000,0
9,positive,40,15,2,0,0.000000,0
9,positive,40,16,2,0,0.000000,0
9,positive,40,17,0,0,0.000000,0
9,positive,40,18,0,0,0.000000,0
9,positive,40,19,2,0,0.000000,0
9,positive,40,20,2,0,0.000000,0
9,positive,40,21,2,0,0.000000,0
9,positive,40,22,0,0,0.000000,0
9,positive,40,23,2,0,0.000000,0
9,positive,40,24,2,0,0.000000,0
9,positive,40,25,2,0,0.000000,0
9,positive,40,26,2,0,0.000000,0
9,positive,40,27,2,0,0.000000,0
9,positive,40,28,2,0,0.000000,0
9,positive,40,29,0,0,0.000000,0
9,positive,40,30,2,0,0.000000,0
9,positive,40,31,2,0,0.000000,0
9,positive,40,32,2,0,0.000000,0
9,positive,40,33,0,0,0.000000,0
9,positive,40,34,0,0,0.000000,0
9,positive,40,35,2,0,0.000000,0
9,positive,40,36,2,0,0.000000,0
9,positive,40,37,2,0,0.000000,0
9,positive,40,38,0,0,0.000000,0
9,positive,40,39,2,0,0.000000,0
9,positive,40,40,2,0,0.000000,0
9,positive,40,41,2,0,0.000000,0
9,positive,40,42,2,0,0.000000,0
9,positive,40,43,0,0,0.000000,0
9,positive,40,44,2,0,0.000000,0
9,positive,40,45,2,0,0.000000,0
9,positive,40,46,2,0,0.000000,0
9,positive,40,47,2,0,0.000000,0
9,positive,40,48,0,0,0.000000,0
9,positive,40,49,2,0,0.000000,0
9,positive,41,0,2,0,0.000000,0
9,positive,41,1,2,0,0.000000,0
9,positive,41,2,2,0,0.000000,0
9,positive,41,3,2,0,0.000000,0
9,positive,41,4,2,0,0.000000,0
9,positive,41,5,2,0,0.000000,0
9,positive,41,6,2,0,0.000000,0
9,positive,41,7,2,0,0.000000,0
9,positive,41,8,2,0,0.000000,0
9,positive,41,9,0,0,0.000000,0
9,positive,41,10,2,0,0.000000,0
9,positive,41,11,0,0,0.000000,0
9,positive,41,12,2,0,0.000000,0
9,positive,41,13,2,0,0.000000,0
9,positive,41,14,2,0,0.000000,0
9,positive,41,15,2,0,0.000000,0
9,positive,41,16,2,0,0.000000,0
9,positive,41,17,2,0,0.000000,0
9,positive,41,18,0,0,0.000000,0
9,positive,41,19,2,0,0.000000,0
9,positive,41,20,2,0,0.000000,0
9,positive,41,21,2,0,0.000000,0
9,positive,41,22,0,0,0.000000,0
9,positive,41,23,2,0,0.000000,0
9,positive,41,24,2,0,0.000000,0
9,positive,41,25,0,0,0.000000,0
9,positive,41,26,2,0,0.000000,0
9,positive,41,27,2,0,0.000000,0
9,positive,41,28,0,0,0.000000,0
9,positive,41,29,2,0,0.000000,0
9,positive,41,30,2,0,0.000000,0
9,positive,41,31,2,0,0.000000,0
9,positive,41,32,2,0,0.000000,0
9,positive,41,33,2,0,0.000000,0
9,positive,41,34,2,0,0.000000,0
9,positive,41,35,2,0,0.000000,0
9,positive,41,36,2,0,0.000000,0
9,positive,41,37,2,0,0.000000,0
9,positive,41,38,2,0,0.000000,0
9,positive,41,39,2,0,0.000000,0
9,positive,41,40,2,0,0.000000,0
9,positive,41,41,2,0,0.000000,0
9,positive,41,42,2,0,0.000000,0
9,positive,41,43,2,0,0.000000,0
9,positive,41,44,2,0,0.000000,0
9,positive,41,45,2,0,0.000000,0
9,positive,41,46,2,0,0.000000,0
9,positive,41,47,2,0,0.000000,0
9,positive,41,48,2,0,0.000000,0
9,positive,41,49,2,0,0.000000,0
9,positive,42,0,2,0,0.000000,0
9,positive,42,1,2,0,0.000000,0
9,positive,42,2,2,0,0.000000,0
9,positive,42,3,2,0,0.000000,0
9,positive,42,4,2,0,0.000000,0
9,positive,42,5,2,0,0.000000,0
9,positive,42,6,2,0,0.000000,0
9,positive,42,7,2,0,0.000000,0
9,positive,42,8,2,0,0.000000,0
9,positive,42,9,2,0,0.000000,0
9,positive,42,10,0,0,0.000000,0
9,positive,42,11,2,0,0.000000,0
9,positive,42,12,2,0,0.000000,0
9,positive,42,13,2,0,0.000000,0
9,positive,42,14,2,0,0.000000,0
9,positive,42,15,2,0,0.000000,0
9,positive,42,16,2,0,0.000000,0
9,positive,42,17,2,0,0.000000,0
9,positive,42,18,2,0,0.000000,0
9,positive,42,19,2,0,0.000000,0
9,positive,42,20,2,0,0.000000,0
9,positive,42,21,2,0,0.000000,0
9,positive,42,22,2,0,0.000000,0
9,positive,42,23,2,0,0.000000,0
9,positive,42,24,2,0,0.000000,0
9,positive,42,25,2,0,0.000000,0
9,positive,42,26,2,0,0.000000,0
9,positive,42,27,2,0,0.000000,0
9,positive,42,28,2,0,0.000000,0
9,positive,42,29,2,0,0.000000,0
9,positive,42,30,2,0,0.000000,0
9,positive,42,31,2,0,0.000000,0
9,positive,42,32,2,0,0.000000,0
9,positive,42,33,2,0,0.000000,0
9,positive,42,34,2,0,0.000000,0
9,positive,42,35,2,0,0.000000,0
9,positive,42,36,2,0,0.000000,0
9,positive,42,37,2,0,0.000000,0
9,positive,42,38,2,0,0.000000,0
9,positive,42,39,2,0,0.000000,0
9,positive,42,40,2,0,0.000000,0
9,positive,42,41,2,0,0.000000,0
9,positive,42,42,2,0,0.000000,0
9,positive,42,43,2,0,0.000000,0
9,positive,42,44,0,0,0.000000,0
9,positive,42,45,2,0,0.000000,0
9,positive,42,46,0,0,0.000000,0
9,positive,42,47,2,0,0.000000,0
9,positive,42,48,2,0,0.000000,0
9,positive,42,49,2,0,0.000000,0
9,positive,43,0,0,0,0.000000,0
9,positive,43,1,2,0,0.000000,0
9,positive,43,2,2,0,0.000000,0
9,positive,43,3,2,0,0.000000,0
9,positive,43,4,2,0,0.000000,0
9,positive,43,5,2,0,0.000000,0
9,positive,43,6,2,0,0.000000,0
9,positive,43,7,2,0,0.000000,0
9,positive,43,8,2,0,0.000000,0
9,positive,43,9,0,0,0.000000,0
9,positive,43,10,2,0,0.000000,0
9,positive,43,11,2,0,0.000000,0
9,positive,43,12,2,0,0.000000,0
9,positive,43,13,2,0,0.000000,0
9,positive,43,14,2,0,0.000000,0
9,positive,43,15,2,0,0.000000,0
9,positive,43,16,2,0,0.000000,0
9,positive,43,17,2,0,0.000000,0
9,positive,43,18,2,0,0.000000,0
9,positive,43,19,2,0,0.000000,0
9,positive,43,20,2,0,0.000000,0
9,positive,43,21,2,0,0.000000,0
9,positive,43,22,2,0,0.000000,0
9,positive,43,23,2,0,0.000000,0
9,positive,43,24,0,0,0.000000,0
9,positive,43,25,2,0,0.000000,0
9,positive,43,26,2,0,0.000000,0
9,positive,43,27,2,0,0.000000,0
9,positive,43,28,2,0,0.000000,0
9,positive,43,29,2,0,0.000000,0
9,positive,43,30,2,0,0.000000,0
9,positive,43,31,2,0,0.000000,0
9,positive,43,32,2,0,0.000000,0
9,positive,43,33,2,0,0.000000,0
9,positive,43,34,2,0,0.000000,0
9,positive,43,35,2,0,0.000000,0
9,positive,43,36,2,0,0.000000,0
9,positive,43,37,2,0,0.000000,0
9,positive,43,38,2,0,0.000000,0
9,positive,43,39,2,0,0.000000,0
9,positive,43,40,2,0,0.000000,0
9,positive,43,41,2,0,0.000000,0
9,positive,43,42,2,0,0.000000,0
9,positive,43,43,2,0,0.000000,0
9,positive,43,44,2,0,0.000000,0
9,positive,43,45,2,0,0.000000,0
9,positive,43,46,2,0,0.000000,0
9,positive,43,47,2,0,0.000000,0
9,positive,43,48,2,0,0.000000,0
9,positive,43,49,2,0,0.000000,0
9,positive,44,0,2,0,0.000000,0
9,positive,44,1,2,0,0.000000,0
9,positive,44,2,2,0,0.000000,0
9,positive,44,3,2,0,0.000000,0
9,positive,44,4,2,0,0.000000,0
9,positive,44,5,0,0,0.000000,0
9,positive,44,6,0,0,0.000000,0
9,positive,44,7,2,0,0.000000,0
9,positive,44,8,2,0,0.000000,0
9,positive,44,9,2,0,0.000000,0
9,positive,44,10,2,0,0.000000,0
9,positive,44,11,2,0,0.000000,0
9,positive,44,12,2,0,0.000000,0
9,positive,44,13,2,0,0.000000,0
9,positive,44,14,2,0,0.000000,0
9,positive,44,15,2,0,0.000000,0
9,positive,44,16,2,0,0.000000,0
9,positive,44,17,2,0,0.000000,0
9,positive,44,18,2,0,0.000000,0
9,positive,44,19,2,0,0.000000,0
9,positive,44,20,2,0,0.000000,0
9,positive,44,21,2,0,0.000000,0
9,positive,44,22,2,0,0.000000,0
9,positive,44,23,2,0,0.000000,0
9,positive,44,24,2,0,0.000000,0
9,positive,44,25,0,0,0.000000,0
9,positive,44,26,2,0,0.000000,0
9,positive,44,27,2,0,0.000000,0
9,positive,44,28,2,0,0.000000,0
9,positive,44,29,2,0,0.000000,0
9,positive,44,30,2,0,0.000000,0
9,positive,44,31,2,0,0.000000,0
9,positive,44,32,2,0,0.000000,0
9,positive,44,33,2,0,0.000000,0
9,positive,44,34,2,0,0.000000,0
9,positive,44,35,2,0,0.000000,0
9,positive,44,36,2,0,0.000000,0
9,positive,44,37,2,0,0.000000,0
9,positive,44,38,2,0,0.000000,0
9,positive,44,39,2,0,0.000000,0
9,positive,44,40,2,0,0.000000,0
9,positive,44,41,2,0,0.000000,0
9,positive,44,42,2,0,0.000000,0
9,positive,44,43,2,0,0.000000,0
9,positive,44,44,2,0,0.000000,0
9,positive,44,45,2,0,0.000000,0
9,positive,44,46,2,0,0.000000,0
9,positive,44,47,2,0,0.000000,0
9,positive,44,48,2,0,0.000000,0
9,positive,44,49,2,0,0.000000,0
9,positive,45,0,2,0,0.000000,0
9,positive,45,1,2,0,0.000000,0
9,positive,45,2,2,0,0.000000,0
9,positive,45,3,0,0,0.000000,0
9,positive,45,4,2,0,0.000000,0
9,positive,45,5,2,0,0.000000,0
9,positive,45,6,2,0,0.000000,0
9,positive,45,7,2,0,0.000000,0
9,positive,45,8,2,0,0.000000,0
9,positive,45,9,2,0,0.000000,0
9,positive,45,10,0,0,0.000000,0
9,positive,45,11,2,0,0.000000,0
9,positive,45,12,2,0,0.000000,0
9,positive,45,13,2,0,0.000000,0
9,positive,45,14,2,0,0.000000,0
9,positive,45,15,2,0,0.000000,0
9,positive,45,16,0,0,0.000000,0
9,positive,45,17,0,0,0.000000,0
9,positive,45,18,2,0,0.000000,0
9,positive,45,19,2,0,0.000000,0
9,positive,45,20,2,0,0.000000,0
9,positive,45,21,2,0,0.000000,0
9,positive,45,22,2,0,0.000000,0
9,positive,45,23,2,0,0.000000,0
9,positive,45,24,0,0,0.000000,0
9,positive,45,25,2,0,0.000000,0
9,positive,45,26,2,0,0.000000,0
9,positive,45,27,2,0,0.000000,0
9,positive,45,28,2,0,0.000000,0
9,positive,45,29,2,0,0.000000,0
9,positive,45,30,2,0,0.000000,0
9,positive,45,31,2,0,0.000000,0
9,positive,45,32,2,0,0.000000,0
9,positive,45,33,2,0,0.000000,0
9,positive,45,34,2,0,0.000000,0
9,positive,45,35,2,0,0.000000,0
9,positive,45,36,2,0,0.000000,0
9,positive,45,37,2,0,0.000000,0
9,positive,45,38,2,0,0.000000,0
9,positive,45,39,2,0,0.000000,0
9,positive,45,40,2,0,0.000000,0
9,positive,45,41,2,0,0.000000,0
9,positive,45,42,2,0,0.000000,0
9,positive,45,43,2,0,0.000000,0
9,positive,45,44,2,0,0.000000,0
9,positive,45,45,2,0,0.000000,0
9,positive,45,46,2,0,0.000000,0
9,positive,45,47,0,0,0.000000,0
9,positive,45,48,2,0,0.000000,0
9,positive,45,49,2,0,0.000000,0
9,positive,46,0,2,0,0.000000,0
9,positive,46,1,2,0,0.000000,0
9,positive,46,2,2,0,0.000000,0
9,positive,46,3,0,0,0.000000,0
9,positive,46,4,0,0,0.000000,0
9,positive,46,5,2,0,0.000000,0
9,positive,46,6,2,0,0.000000,0
9,positive,46,7,2,0,0.000000,0
9,positive,46,8,2,0,0.000000,0
9,positive,46,9,2,0,0.000000,0
9,positive,46,10,2,0,0.000000,0
9,positive,46,11,2,0,0.000000,0
9,positive,46,12,2,0,0.000000,0
9,positive,46,13,2,0,0.000000,0
9,positive,46,14,2,0,0.000000,0
9,positive,46,15,2,0,0.000000,0
9,positive,46,16,2,0,0.000000,0
9,positive,46,17,2,0,0.000000,0
9,positive,46,18,2,0,0.000000,0
9,positive,46,19,0,0,0.000000,0
9,positive,46,20,2,0,0.000000,0
9,positive,46,21,2,0,0.000000,0
9,positive,46,22,2,0,0.000000,0
9,positive,46,23,2,0,0.000000,0
9,positive,46,24,2,0,0.000000,0
9,positive,46,25,2,0,0.000000,0
9,positive,46,26,2,0,0.000000,0
9,positive,46,27,0,0,0.000000,0
9,positive,46,28,2,0,0.000000,0
9,positive,46,29,2,0,0.000000,0
9,positive,46,30,2,0,0.000000,0
9,positive,46,31,2,0,0.000000,0
9,positive,46,32,2,0,0.000000,0
9,positive,46,33,2,0,0.000000,0
9,positive,46,34,0,0,0.000000,0
9,positive,46,35,2,0,0.000000,0
9,positive,46,36,2,0,0.000000,0
9,positive,46,37,2,0,0.000000,0
9,positive,46,38,2,0,0.000000,0
9,positive,46,39,2,0,0.000000,0
9,positive,46,40,2,0,0.000000,0
9,positive,46,41,2,0,0.000000,0
9,positive,46,42,2,0,0.000000,0
9,positive,46,43,2,0,0.000000,0
9,positive,46,44,2,0,0.000000,0
9,positive,46,45,2,0,0.000000,0
9,positive,46,46,2,0,0.000000,0
9,positive,46,47,2,0,0.000000,0
9,positive,46,48,2,0,0.000000,0
9,positive,46,49,2,0,0.000000,0
9,positive,47,0,2,0,0.000000,0
9,positive,47,1,2,0,0.000000,0
9,positive,47,2,2,0,0.000000,0
9,positive,47,3,2,0,0.000000,0
9,positive,47,4,2,0,0.000000,0
9,positive,47,5,2,0,0.000000,0
9,positive,47,6,0,0,0.000000,0
9,positive,47,7,2,0,0.000000,0
9,positive,47,8,0,0,0.000000,0
9,positive,47,9,2,0,0.000000,0
9,positive,47,10,0,0,0.000000,0
9,positive,47,11,2,0,0.000000,0
9,positive,47,12,2,0,0.000000,0
9,positive,47,13,0,0,0.000000,0
9,positive,47,14,2,0,0.000000,0
9,positive,47,15,2,0,0.000000,0
9,positive,47,16,0,0,0.000000,0
9,positive,47,17,2,0,0.000000,0
9,positive,47,18,2,0,0.000000,0
9,positive,47,19,2,0,0.000000,0
9,positive,47,20,2,0,0.000000,0
9,positive,47,21,2,0,0.000000,0
9,positive,47,22,2,0,0.000000,0
9,positive,47,23,2,0,0.000000,0
9,positive,47,24,2,0,0.000000,0
9,positive,47,25,2,0,0.000000,0
9,positive,47,26,2,0,0.000000,0
9,positive,47,27,2,0,0.000000,0
9,positive,47,28,2,0,0.000000,0
9,positive,47,29,2,0,0.000000,0
9,positive,47,30,2,0,0.000000,0
9,positive,47,31,2,0,0.000000,0
9,positive,47,32,0,0,0.000000,0
9,positive,47,33,2,0,0.000000,0
9,positive,47,34,2,0,0.000000,0
9,positive,47,35,2,0,0.000000,0
9,positive,47,36,0,0,0.000000,0
9,positive,47,37,2,0,0.000000,0
9,positive,47,38,2,0,0.000000,0
9,positive,47,39,2,0,0.000000,0
9,positive,47,40,2,0,0.000000,0
9,positive,47,41,2,0,0.000000,0
9,positive,47,42,2,0,0.000000,0
9,positive,47,43,2,0,0.000000,0
9,positive,47,44,2,0,0.000000,0
9,positive,47,45,0,0,0.000000,0
9,positive,47,46,2,0,0.000000,0
9,positive,47,47,2,0,0.000000,0
9,positive,47,48,0,0,0.000000,0
9,positive,47,49,2,0,0.000000,0
9,positive,48,0,0,0,0.000000,0
9,positive,48,1,2,0,0.000000,0
9,positive,48,2,2,0,0.000000,0
9,positive,48,3,2,0,0.000000,0
9,positive,48,4,0,0,0.000000,0
9,positive,48,5,2,0,0.000000,0
9,positive,48,6,0,0,0.000000,0
9,positive,48,7,2,0,0.000000,0
9,positive,48,8,2,0,0.000000,0
9,positive,48,9,2,0,0.000000,0
9,positive,48,10,2,0,0.000000,0
9,positive,48,11,2,0,0.000000,0
9,positive,48,12,2,0,0.000000,0
9,positive,48,13,2,0,0.000000,0
9,positive,48,14,2,0,0.000000,0
9,positive,48,15,2,0,0.000000,0
9,positive,48,16,2,0,0.000000,0
9,positive,48,17,0,0,0.000000,0
9,positive,48,18,2,0,0.000000,0
9,positive,48,19,2,0,0.000000,0
9,positive,48,20,2,0,0.000000,0
9,positive,48,21,2,0,0.000000,0
9,positive,48,22,2,0,0.000000,0
9,positive,48,23,2,0,0.000000,0
9,positive,48,24,2,0,0.000000,0
9,positive,48,25,2,0,0.000000,0
9,positive,48,26,2,0,0.000000,0
9,positive,48,27,2,0,0.000000,0
9,positive,48,28,2,0,0.000000,0
9,positive,48,29,2,0,0.000000,0
9,positive,48,30,2,0,0.000000,0
9,positive,48,31,2,0,0.000000,0
9,positive,48,32,2,0,0.000000,0
9,positive,48,33,2,0,0.000000,0
9,positive,48,34,2,0,0.000000,0
9,positive,48,35,0,0,0.000000,0
9,positive,48,36,2,0,0.000000,0
9,positive,48,37,2,0,0.000000,0
9,positive,48,38,2,0,0.000000,0
9,positive,48,39,2,0,0.000000,0
9,positive,48,40,2,0,0.000000,0
9,positive,48,41,2,0,0.000000,0
9,positive,48,42,2,0,0.000000,0
9,positive,48,43,2,0,0.000000,0
9,positive,48,44,2,0,0.000000,0
9,positive,48,45,2,0,0.000000,0
9,positive,48,46,2,0,0.000000,0
9,positive,48,47,2,0,0.000000,0
9,positive,48,48,2,0,0.000000,0
9,positive,48,49,2,0,0.000000,0
9,positive,49,0,2,0,0.000000,0
9,positive,49,1,2,0,0.000000,0
9,positive,49,2,0,0,0.000000,0
9,positive,49,3,2,0,0.000000,0
9,positive,49,4,2,0,0.000000,0
9,positive,49,5,2,0,0.000000,0
9,positive,49,6,2,0,0.000000,0
9,positive,49,7,2,0,0.000000,0
9,positive,49,8,2,0,0.000000,0
9,positive,49,9,2,0,0.000000,0
9,positive,49,10,2,0,0.000000,0
9,positive,49,11,2,0,0.000000,0
9,positive,49,12,0,0,0.000000,0
9,positive,49,13,2,0,0.000000,0
9,positive,49,14,2,0,0.000000,0
9,positive,49,15,0,0,0.000000,0
9,positive,49,16,2,0,0.000000,0
9,positive,49,17,2,0,0.000000,0
9,positive,49,18,2,0,0.000000,0
9,positive,49,19,2,0,0.000000,0
9,positive,49,20,2,0,0.000000,0
9,positive,49,21,2,0,0.000000,0
9,positive,49,22,2,0,0.000000,0
9,positive,49,23,2,0,0.000000,0
9,positive,49,24,2,0,0.000000,0
9,positive,49,25,2,0,0.000000,0
9,positive,49,26,2,0,0.000000,0
9,positive,49,27,2,0,0.000000,0
9,positive,49,28,2,0,0.000000,0
9,positive,49,29,2,0,0.000000,0
9,positive,49,30,2,0,0.000000,0
9,positive,49,31,0,0,0.000000,0
9,positive,49,32,2,0,0.000000,0
9,positive,49,33,2,0,0.000000,0
9,positive,49,34,2,0,0.000000,0
9,positive,49,35,2,0,0.000000,0
9,positive,49,36,2,0,0.000000,0
9,positive,49,37,0,0,0.000000,0
9,positive,49,38,2,0,0.000000,0
9,positive,49,39,2,0,0.000000,0
9,positive,49,40,2,0,0.000000,0
9,positive,49,41,2,0,0.000000,0
9,positive,49,42,2,0,0.000000,0
9,positive,49,43,2,0,0.000000,0
9,positive,49,44,2,0,0.000000,0
9,positive,49,45,2,0,0.000000,0
9,positive,49,46,2,0,0.000000,0
9,positive,49,47,2,0,0.000000,0
9,positive,49,48,2,0,0.000000,0
9,positive,49,49,2,0,0.000000,0